Trade ID,Date,Price,Quantity,Side,Buy/Sell,Underlying Contract,Underlying Contract Type,Strike Price,Trading Cost in percentage,Trading Cost in INR,Notional,Adjusted price
NZ1 Index_20000612_00145275,2000-06-12,1452.75,500,1,B,NZ1 Index,F,0,0.00015,108.95625,726375.0,1452.9679125000002
NZ1 Index_20000626_00146200,2000-06-26,1462.0,1000,-1,S,NZ1 Index,F,0,0.00015,219.29999999999998,1462000.0,1461.7807
NZ1 Index_20000629_00149035,2000-06-29,1490.35,1000,1,B,NZ1 Index,F,0,0.00015,223.55249999999998,1490350.0,1490.5735525
NZ1 Index_20000714_00151190,2000-07-14,1511.9,1000,-1,S,NZ1 Index,F,0,0.00015,226.785,1511900.0,1511.673215
NZ1 Index_20000808_00135350,2000-08-08,1353.5,1000,1,B,NZ1 Index,F,0,0.00015,203.025,1353500.0,1353.703025
NZ1 Index_20000810_00133800,2000-08-10,1338.0,1000,-1,S,NZ1 Index,F,0,0.00015,200.7,1338000.0,1337.7993000000001
NZ1 Index_20000816_00135790,2000-08-16,1357.9,1000,1,B,NZ1 Index,F,0,0.00015,203.685,1357900.0,1358.1036850000003
NZ1 Index_20000829_00136675,2000-08-29,1366.75,1000,-1,S,NZ1 Index,F,0,0.00015,205.0125,1366750.0,1366.5449875
NZ1 Index_20000830_00137400,2000-08-30,1374.0,1000,1,B,NZ1 Index,F,0,0.00015,206.1,1374000.0,1374.2061
NZ1 Index_20000915_00142435,2000-09-15,1424.35,1000,-1,S,NZ1 Index,F,0,0.00015,213.65249999999997,1424350.0,1424.1363474999998
NZ1 Index_20001004_00130884,2000-10-04,1308.85,1000,1,B,NZ1 Index,F,0,0.00015,196.3275,1308850.0,1309.0463275
NZ1 Index_20001009_00127500,2000-10-09,1275.0,1000,-1,S,NZ1 Index,F,0,0.00015,191.25,1275000.0,1274.80875
NZ1 Index_20001025_00118284,2000-10-25,1182.85,1000,1,B,NZ1 Index,F,0,0.00015,177.42749999999998,1182850.0,1183.0274275
NZ1 Index_20001113_00121340,2000-11-13,1213.4,1000,-1,S,NZ1 Index,F,0,0.00015,182.01000000000002,1213400.0,1213.21799
NZ1 Index_20001114_00124834,2000-11-14,1248.35,1000,1,B,NZ1 Index,F,0,0.00015,187.25249999999997,1248350.0,1248.5372525
NZ1 Index_20001116_00123659,2000-11-16,1236.6,1000,-1,S,NZ1 Index,F,0,0.00015,185.48999999999998,1236600.0,1236.4145099999998
NZ1 Index_20001127_00125484,2000-11-27,1254.85,1000,1,B,NZ1 Index,F,0,0.00015,188.2275,1254850.0,1255.0382275
NZ1 Index_20001215_00131545,2000-12-15,1315.45,1000,-1,S,NZ1 Index,F,0,0.00015,197.3175,1315450.0,1315.2526825
NZ1 Index_20010102_00127195,2001-01-02,1271.95,1000,1,B,NZ1 Index,F,0,0.00015,190.7925,1271950.0,1272.1407925
NZ1 Index_20010110_00128859,2001-01-10,1288.6,1000,-1,S,NZ1 Index,F,0,0.00015,193.29,1288600.0,1288.40671
NZ1 Index_20010117_00130400,2001-01-17,1304.0,1000,1,B,NZ1 Index,F,0,0.00015,195.6,1304000.0,1304.1956
NZ1 Index_20010216_00138660,2001-02-16,1386.6,1000,-1,S,NZ1 Index,F,0,0.00015,207.98999999999998,1386600.0,1386.39201
NZ1 Index_20010301_00136680,2001-03-01,1366.8,1000,1,B,NZ1 Index,F,0,0.00015,205.01999999999998,1366800.0,1367.00502
NZ1 Index_20010302_00131350,2001-03-02,1313.5,1000,-1,S,NZ1 Index,F,0,0.00015,197.025,1313500.0,1313.302975
NZ1 Index_20010327_00117265,2001-03-27,1172.65,1000,1,B,NZ1 Index,F,0,0.00015,175.8975,1172650.0,1172.8258975
NZ1 Index_20010330_00114845,2001-03-30,1148.45,1000,-1,S,NZ1 Index,F,0,0.00015,172.2675,1148450.0,1148.2777325
NZ1 Index_20010418_00109730,2001-04-18,1097.3,1000,1,B,NZ1 Index,F,0,0.00015,164.595,1097300.0,1097.4645950000001
NZ1 Index_20010427_00110305,2001-04-27,1103.05,1000,-1,S,NZ1 Index,F,0,0.00015,165.45749999999998,1103050.0,1102.8845425
NZ1 Index_20010502_00113050,2001-05-02,1130.5,1000,1,B,NZ1 Index,F,0,0.00015,169.575,1130500.0,1130.6695750000001
NZ1 Index_20010503_00111595,2001-05-03,1115.95,1000,-1,S,NZ1 Index,F,0,0.00015,167.3925,1115950.0,1115.7826075
NZ1 Index_20010508_00114009,2001-05-08,1140.1,1000,1,B,NZ1 Index,F,0,0.00015,171.015,1140100.0,1140.271015
NZ1 Index_20010511_00112350,2001-05-11,1123.5,1000,-1,S,NZ1 Index,F,0,0.00015,168.525,1123500.0,1123.331475
NZ1 Index_20010517_00115009,2001-05-17,1150.1,1000,1,B,NZ1 Index,F,0,0.00015,172.515,1150100.0,1150.272515
NZ1 Index_20010601_00113359,2001-06-01,1133.6,1000,-1,S,NZ1 Index,F,0,0.00015,170.04,1133600.0,1133.42996
NZ1 Index_20010626_00109605,2001-06-26,1096.05,1000,1,B,NZ1 Index,F,0,0.00015,164.4075,1096050.0,1096.2144075
NZ1 Index_20010703_00107300,2001-07-03,1073.0,1000,-1,S,NZ1 Index,F,0,0.00015,160.95,1073000.0,1072.83905
NZ1 Index_20010712_00110200,2001-07-12,1102.0,1000,1,B,NZ1 Index,F,0,0.00015,165.29999999999998,1102000.0,1102.1653000000001
NZ1 Index_20010720_00107684,2001-07-20,1076.85,1000,-1,S,NZ1 Index,F,0,0.00015,161.52749999999997,1076850.0,1076.6884725
NZ1 Index_20010802_00106915,2001-08-02,1069.15,1000,1,B,NZ1 Index,F,0,0.00015,160.3725,1069150.0,1069.3103725
NZ1 Index_20010810_00106665,2001-08-10,1066.65,1000,-1,S,NZ1 Index,F,0,0.00015,159.9975,1066650.0,1066.4900025000002
NZ1 Index_20010814_00107534,2001-08-14,1075.35,1000,1,B,NZ1 Index,F,0,0.00015,161.30249999999998,1075350.0,1075.5113025
NZ1 Index_20010820_00106709,2001-08-20,1067.1,1000,-1,S,NZ1 Index,F,0,0.00015,160.06499999999997,1067100.0,1066.9399349999999
NZ1 Index_20010823_00106995,2001-08-23,1069.95,1000,1,B,NZ1 Index,F,0,0.00015,160.4925,1069950.0,1070.1104925000002
NZ1 Index_20010829_00106925,2001-08-29,1069.25,1000,-1,S,NZ1 Index,F,0,0.00015,160.3875,1069250.0,1069.0896125
NZ1 Index_20010927_00089000,2001-09-27,890.0,1000,1,B,NZ1 Index,F,0,0.00015,133.5,890000.0,890.1335000000001
NZ1 Index_20011029_00096445,2001-10-29,964.45,1000,-1,S,NZ1 Index,F,0,0.00015,144.6675,964450.0,964.3053325000001
NZ1 Index_20011101_00098140,2001-11-01,981.4,1000,1,B,NZ1 Index,F,0,0.00015,147.20999999999998,981400.0,981.5472100000001
NZ1 Index_20011203_00105750,2001-12-03,1057.5,1000,-1,S,NZ1 Index,F,0,0.00015,158.625,1057500.0,1057.341375
NZ1 Index_20011204_00108030,2001-12-04,1080.3,1000,1,B,NZ1 Index,F,0,0.00015,162.045,1080300.0,1080.462045
NZ1 Index_20011213_00109434,2001-12-13,1094.35,1000,-1,S,NZ1 Index,F,0,0.00015,164.15249999999997,1094350.0,1094.1858475
NZ1 Index_20011231_00106359,2001-12-31,1063.6,1000,1,B,NZ1 Index,F,0,0.00015,159.54,1063600.0,1063.75954
NZ1 Index_20020101_00104990,2002-01-01,1049.9,1000,-1,S,NZ1 Index,F,0,0.00015,157.485,1049900.0,1049.7425150000001
NZ1 Index_20020102_00105984,2002-01-02,1059.85,1000,1,B,NZ1 Index,F,0,0.00015,158.9775,1059850.0,1060.0089775
NZ1 Index_20020116_00109250,2002-01-16,1092.5,1000,-1,S,NZ1 Index,F,0,0.00015,163.875,1092500.0,1092.336125
NZ1 Index_20020117_00111425,2002-01-17,1114.25,1000,1,B,NZ1 Index,F,0,0.00015,167.1375,1114250.0,1114.4171375
NZ1 Index_20020118_00109234,2002-01-18,1092.35,1000,-1,S,NZ1 Index,F,0,0.00015,163.8525,1092350.0,1092.1861474999998
NZ1 Index_20020201_00108409,2002-02-01,1084.1,1000,1,B,NZ1 Index,F,0,0.00015,162.61499999999998,1084100.0,1084.262615
NZ1 Index_20020204_00107825,2002-02-04,1078.25,1000,-1,S,NZ1 Index,F,0,0.00015,161.73749999999998,1078250.0,1078.0882625
NZ1 Index_20020206_00111875,2002-02-06,1118.75,1000,1,B,NZ1 Index,F,0,0.00015,167.8125,1118750.0,1118.9178125
NZ1 Index_20020228_00114205,2002-02-28,1142.05,1000,-1,S,NZ1 Index,F,0,0.00015,171.30749999999998,1142050.0,1141.8786925
NZ1 Index_20020301_00115890,2002-03-01,1158.9,1000,1,B,NZ1 Index,F,0,0.00015,173.835,1158900.0,1159.0738350000001
NZ1 Index_20020306_00116184,2002-03-06,1161.85,1000,-1,S,NZ1 Index,F,0,0.00015,174.27749999999997,1161850.0,1161.6757225
NZ1 Index_20020307_00118025,2002-03-07,1180.25,1000,1,B,NZ1 Index,F,0,0.00015,177.0375,1180250.0,1180.4270375
NZ1 Index_20020311_00116034,2002-03-11,1160.35,1000,-1,S,NZ1 Index,F,0,0.00015,174.05249999999998,1160350.0,1160.1759475
NZ1 Index_20020315_00117440,2002-03-15,1174.4,1000,1,B,NZ1 Index,F,0,0.00015,176.16,1174400.0,1174.5761600000003
NZ1 Index_20020319_00115850,2002-03-19,1158.5,1000,-1,S,NZ1 Index,F,0,0.00015,173.775,1158500.0,1158.326225
NZ1 Index_20020404_00114200,2002-04-04,1142.0,1000,1,B,NZ1 Index,F,0,0.00015,171.29999999999998,1142000.0,1142.1713000000002
NZ1 Index_20020408_00113400,2002-04-08,1134.0,1000,-1,S,NZ1 Index,F,0,0.00015,170.1,1134000.0,1133.8299
NZ1 Index_20020409_00113459,2002-04-09,1134.6,1000,1,B,NZ1 Index,F,0,0.00015,170.18999999999997,1134600.0,1134.77019
NZ1 Index_20020415_00113584,2002-04-15,1135.85,1000,-1,S,NZ1 Index,F,0,0.00015,170.37749999999997,1135850.0,1135.6796224999998
NZ1 Index_20020506_00110470,2002-05-06,1104.7,1000,1,B,NZ1 Index,F,0,0.00015,165.705,1104700.0,1104.8657050000002
NZ1 Index_20020515_00110695,2002-05-15,1106.95,1000,-1,S,NZ1 Index,F,0,0.00015,166.0425,1106950.0,1106.7839575
NZ1 Index_20020603_00104705,2002-06-03,1047.05,1000,1,B,NZ1 Index,F,0,0.00015,157.05749999999998,1047050.0,1047.2070575
NZ1 Index_20020619_00106395,2002-06-19,1063.95,1000,-1,S,NZ1 Index,F,0,0.00015,159.5925,1063950.0,1063.7904075000001
NZ1 Index_20020701_00107245,2002-07-01,1072.45,1000,1,B,NZ1 Index,F,0,0.00015,160.8675,1072450.0,1072.6108675
NZ1 Index_20020711_00106055,2002-07-11,1060.55,1000,-1,S,NZ1 Index,F,0,0.00015,159.08249999999998,1060550.0,1060.3909175
NZ1 Index_20020807_00097265,2002-08-07,972.65,1000,1,B,NZ1 Index,F,0,0.00015,145.89749999999998,972650.0,972.7958975
NZ1 Index_20020808_00095590,2002-08-08,955.9,1000,-1,S,NZ1 Index,F,0,0.00015,143.385,955900.0,955.756615
NZ1 Index_20020809_00096670,2002-08-09,966.7,1000,1,B,NZ1 Index,F,0,0.00015,145.005,966700.0,966.8450050000001
NZ1 Index_20020828_00098400,2002-08-28,984.0,1000,-1,S,NZ1 Index,F,0,0.00015,147.6,984000.0,983.8524
NZ1 Index_20020830_00100215,2002-08-30,1002.15,1000,1,B,NZ1 Index,F,0,0.00015,150.3225,1002150.0,1002.3003225000001
NZ1 Index_20020906_00099210,2002-09-06,992.1,1000,-1,S,NZ1 Index,F,0,0.00015,148.815,992100.0,991.951185
NZ1 Index_20020927_00097670,2002-09-27,976.7,1000,1,B,NZ1 Index,F,0,0.00015,146.505,976700.0,976.8465050000001
NZ1 Index_20020930_00095775,2002-09-30,957.75,1000,-1,S,NZ1 Index,F,0,0.00015,143.6625,957750.0,957.6063375
NZ1 Index_20021008_00096330,2002-10-08,963.3,1000,1,B,NZ1 Index,F,0,0.00015,144.49499999999998,963300.0,963.4444950000001
NZ1 Index_20021009_00095535,2002-10-09,955.35,1000,-1,S,NZ1 Index,F,0,0.00015,143.3025,955350.0,955.2066975
NZ1 Index_20021011_00096965,2002-10-11,969.65,1000,1,B,NZ1 Index,F,0,0.00015,145.4475,969650.0,969.7954475
NZ1 Index_20021022_00096290,2002-10-22,962.9,1000,-1,S,NZ1 Index,F,0,0.00015,144.435,962900.0,962.755565
NZ1 Index_20021031_00095140,2002-10-31,951.4,1000,1,B,NZ1 Index,F,0,0.00015,142.70999999999998,951400.0,951.54271
NZ1 Index_20030106_00108475,2003-01-06,1084.75,1000,-1,S,NZ1 Index,F,0,0.00015,162.7125,1084750.0,1084.5872875
NZ1 Index_20030109_00110070,2003-01-09,1100.7,1000,1,B,NZ1 Index,F,0,0.00015,165.105,1100700.0,1100.865105
NZ1 Index_20030110_00108555,2003-01-10,1085.55,1000,-1,S,NZ1 Index,F,0,0.00015,162.83249999999998,1085550.0,1085.3871675
NZ1 Index_20030116_00108740,2003-01-16,1087.4,1000,1,B,NZ1 Index,F,0,0.00015,163.11,1087400.0,1087.5631100000003
NZ1 Index_20030117_00108675,2003-01-17,1086.75,1000,-1,S,NZ1 Index,F,0,0.00015,163.0125,1086750.0,1086.5869875
NZ1 Index_20030203_00105734,2003-02-03,1057.35,1000,1,B,NZ1 Index,F,0,0.00015,158.6025,1057350.0,1057.5086025
NZ1 Index_20030204_00105255,2003-02-04,1052.55,1000,-1,S,NZ1 Index,F,0,0.00015,157.8825,1052550.0,1052.3921175
NZ1 Index_20030206_00106430,2003-02-06,1064.3,1000,1,B,NZ1 Index,F,0,0.00015,159.64499999999998,1064300.0,1064.4596450000001
NZ1 Index_20030210_00104984,2003-02-10,1049.85,1000,-1,S,NZ1 Index,F,0,0.00015,157.4775,1049850.0,1049.6925225
NZ1 Index_20030211_00105015,2003-02-11,1050.15,1000,1,B,NZ1 Index,F,0,0.00015,157.5225,1050150.0,1050.3075225000002
NZ1 Index_20030212_00104705,2003-02-12,1047.05,1000,-1,S,NZ1 Index,F,0,0.00015,157.05749999999998,1047050.0,1046.8929425
NZ1 Index_20030217_00106365,2003-02-17,1063.65,1000,1,B,NZ1 Index,F,0,0.00015,159.5475,1063650.0,1063.8095475000002
NZ1 Index_20030225_00105895,2003-02-25,1058.95,1000,-1,S,NZ1 Index,F,0,0.00015,158.8425,1058950.0,1058.7911575
NZ1 Index_20030228_00107050,2003-02-28,1070.5,1000,1,B,NZ1 Index,F,0,0.00015,160.575,1070500.0,1070.660575
NZ1 Index_20030304_00105390,2003-03-04,1053.9,1000,-1,S,NZ1 Index,F,0,0.00015,158.085,1053900.0,1053.741915
NZ1 Index_20030320_00102180,2003-03-20,1021.8,1000,1,B,NZ1 Index,F,0,0.00015,153.26999999999998,1021800.0,1021.9532700000001
NZ1 Index_20030327_00100270,2003-03-27,1002.7,1000,-1,S,NZ1 Index,F,0,0.00015,150.405,1002700.0,1002.5495950000001
NZ1 Index_20030403_00100635,2003-04-03,1006.35,1000,1,B,NZ1 Index,F,0,0.00015,150.9525,1006350.0,1006.5009525000002
NZ1 Index_20030410_00097365,2003-04-10,973.65,1000,-1,S,NZ1 Index,F,0,0.00015,146.04749999999999,973650.0,973.5039525
NZ1 Index_20030502_00093805,2003-05-02,938.05,1000,1,B,NZ1 Index,F,0,0.00015,140.70749999999998,938050.0,938.1907075
NZ1 Index_20030509_00093465,2003-05-09,934.65,1000,-1,S,NZ1 Index,F,0,0.00015,140.1975,934650.0,934.5098025
NZ1 Index_20030513_00094420,2003-05-13,944.2,1000,1,B,NZ1 Index,F,0,0.00015,141.63,944200.0,944.3416300000001
NZ1 Index_20030718_00114409,2003-07-18,1144.1,1000,-1,S,NZ1 Index,F,0,0.00015,171.61499999999998,1144100.0,1143.928385
NZ1 Index_20030725_00116300,2003-07-25,1163.0,1000,1,B,NZ1 Index,F,0,0.00015,174.45,1163000.0,1163.1744500000002
NZ1 Index_20030806_00116525,2003-08-06,1165.25,1000,-1,S,NZ1 Index,F,0,0.00015,174.7875,1165250.0,1165.0752125
NZ1 Index_20030807_00119190,2003-08-07,1191.9,1000,1,B,NZ1 Index,F,0,0.00015,178.785,1191900.0,1192.0787850000002
NZ1 Index_20030912_00137990,2003-09-12,1379.9,1000,-1,S,NZ1 Index,F,0,0.00015,206.985,1379900.0,1379.693015
NZ1 Index_20030924_00137190,2003-09-24,1371.9,1000,1,B,NZ1 Index,F,0,0.00015,205.785,1371900.0,1372.1057850000002
NZ1 Index_20031021_00151070,2003-10-21,1510.7,1000,-1,S,NZ1 Index,F,0,0.00015,226.605,1510700.0,1510.473395
NZ1 Index_20031030_00151685,2003-10-30,1516.85,1000,1,B,NZ1 Index,F,0,0.00015,227.52749999999997,1516850.0,1517.0775275
NZ1 Index_20031113_00158705,2003-11-13,1587.05,1000,-1,S,NZ1 Index,F,0,0.00015,238.05749999999998,1587050.0,1586.8119425
NZ1 Index_20031125_00157185,2003-11-25,1571.85,1000,1,B,NZ1 Index,F,0,0.00015,235.77749999999997,1571850.0,1572.0857775
NZ1 Index_20040115_00195150,2004-01-15,1951.5,1000,-1,S,NZ1 Index,F,0,0.00015,292.72499999999997,1951500.0,1951.207275
NZ1 Index_20040127_00191190,2004-01-27,1911.9,1000,1,B,NZ1 Index,F,0,0.00015,286.785,1911900.0,1912.1867850000003
NZ1 Index_20040128_00186640,2004-01-28,1866.4,1000,-1,S,NZ1 Index,F,0,0.00015,279.96,1866400.0,1866.12004
NZ1 Index_20040206_00183470,2004-02-06,1834.7,1000,1,B,NZ1 Index,F,0,0.00015,275.205,1834700.0,1834.9752050000002
NZ1 Index_20040219_00185895,2004-02-19,1858.95,1000,-1,S,NZ1 Index,F,0,0.00015,278.8425,1858950.0,1858.6711575000002
NZ1 Index_20040301_00184800,2004-03-01,1848.0,1000,1,B,NZ1 Index,F,0,0.00015,277.2,1848000.0,1848.2772000000002
NZ1 Index_20040311_00180310,2004-03-11,1803.1,1000,-1,S,NZ1 Index,F,0,0.00015,270.465,1803100.0,1802.8295349999999
NZ1 Index_20040326_00174725,2004-03-26,1747.25,1000,1,B,NZ1 Index,F,0,0.00015,262.0875,1747250.0,1747.5120875000002
NZ1 Index_20040419_00183565,2004-04-19,1835.65,1000,-1,S,NZ1 Index,F,0,0.00015,275.3475,1835650.0,1835.3746525000001
NZ1 Index_20040421_00187145,2004-04-21,1871.45,1000,1,B,NZ1 Index,F,0,0.00015,280.7175,1871450.0,1871.7307175000003
NZ1 Index_20040427_00181800,2004-04-27,1818.0,1000,-1,S,NZ1 Index,F,0,0.00015,272.7,1818000.0,1817.7273
NZ1 Index_20040506_00182185,2004-05-06,1821.85,1000,1,B,NZ1 Index,F,0,0.00015,273.2775,1821850.0,1822.1232775
NZ1 Index_20040507_00178675,2004-05-07,1786.75,1000,-1,S,NZ1 Index,F,0,0.00015,268.0125,1786750.0,1786.4819875
NZ1 Index_20040524_00159880,2004-05-24,1598.8,1000,1,B,NZ1 Index,F,0,0.00015,239.82,1598800.0,1599.0398200000002
NZ1 Index_20040528_00148240,2004-05-28,1482.4,1000,-1,S,NZ1 Index,F,0,0.00015,222.36,1482400.0,1482.17764
NZ1 Index_20040608_00153130,2004-06-08,1531.3,1000,1,B,NZ1 Index,F,0,0.00015,229.695,1531300.0,1531.5296950000002
NZ1 Index_20040611_00149070,2004-06-11,1490.7,1000,-1,S,NZ1 Index,F,0,0.00015,223.605,1490700.0,1490.4763950000001
NZ1 Index_20040617_00150930,2004-06-17,1509.3,1000,1,B,NZ1 Index,F,0,0.00015,226.39499999999998,1509300.0,1509.526395
NZ1 Index_20040618_00148470,2004-06-18,1484.7,1000,-1,S,NZ1 Index,F,0,0.00015,222.705,1484700.0,1484.4772950000001
NZ1 Index_20040628_00149600,2004-06-28,1496.0,1000,1,B,NZ1 Index,F,0,0.00015,224.4,1496000.0,1496.2244
NZ1 Index_20040708_00149940,2004-07-08,1499.4,1000,-1,S,NZ1 Index,F,0,0.00015,224.91,1499400.0,1499.1750900000002
NZ1 Index_20040709_00153765,2004-07-09,1537.65,1000,1,B,NZ1 Index,F,0,0.00015,230.6475,1537650.0,1537.8806475000001
NZ1 Index_20040713_00152475,2004-07-13,1524.75,1000,-1,S,NZ1 Index,F,0,0.00015,228.7125,1524750.0,1524.5212875
NZ1 Index_20040715_00152870,2004-07-15,1528.7,1000,1,B,NZ1 Index,F,0,0.00015,229.305,1528700.0,1528.929305
NZ1 Index_20040811_00161700,2004-08-11,1617.0,1000,-1,S,NZ1 Index,F,0,0.00015,242.54999999999998,1617000.0,1616.75745
NZ1 Index_20040825_00159910,2004-08-25,1599.1,1000,1,B,NZ1 Index,F,0,0.00015,239.86499999999998,1599100.0,1599.3398650000001
NZ1 Index_20040928_00170265,2004-09-28,1702.65,1000,-1,S,NZ1 Index,F,0,0.00015,255.3975,1702650.0,1702.3946025
NZ1 Index_20040929_00173065,2004-09-29,1730.65,1000,1,B,NZ1 Index,F,0,0.00015,259.5975,1730650.0,1730.9095975000002
NZ1 Index_20041012_00178580,2004-10-12,1785.8,1000,-1,S,NZ1 Index,F,0,0.00015,267.87,1785800.0,1785.53213
NZ1 Index_20041019_00180965,2004-10-19,1809.65,1000,1,B,NZ1 Index,F,0,0.00015,271.4475,1809650.0,1809.9214475000003
NZ1 Index_20041020_00179000,2004-10-20,1790.0,1000,-1,S,NZ1 Index,F,0,0.00015,268.5,1790000.0,1789.7315
NZ1 Index_20041028_00180010,2004-10-28,1800.1,1000,1,B,NZ1 Index,F,0,0.00015,270.015,1800100.0,1800.370015
NZ1 Index_20041029_00178525,2004-10-29,1785.25,1000,-1,S,NZ1 Index,F,0,0.00015,267.78749999999997,1785250.0,1784.9822125
NZ1 Index_20041101_00179485,2004-11-01,1794.85,1000,1,B,NZ1 Index,F,0,0.00015,269.22749999999996,1794850.0,1795.1192275
NZ1 Index_20041119_00187130,2004-11-19,1871.3,1000,-1,S,NZ1 Index,F,0,0.00015,280.695,1871300.0,1871.019305
NZ1 Index_20041122_00187565,2004-11-22,1875.65,1000,1,B,NZ1 Index,F,0,0.00015,281.3475,1875650.0,1875.9313475000004
NZ1 Index_20041210_00196720,2004-12-10,1967.2,1000,-1,S,NZ1 Index,F,0,0.00015,295.08,1967200.0,1966.9049200000002
NZ1 Index_20041213_00198275,2004-12-13,1982.75,1000,1,B,NZ1 Index,F,0,0.00015,297.41249999999997,1982750.0,1983.0474125000003
NZ1 Index_20050105_00203375,2005-01-05,2033.75,1000,-1,S,NZ1 Index,F,0,0.00015,305.0625,2033750.0,2033.4449375
NZ1 Index_20050125_00193585,2005-01-25,1935.85,1000,1,B,NZ1 Index,F,0,0.00015,290.3775,1935850.0,1936.1403775
NZ1 Index_20050216_00207285,2005-02-16,2072.85,1000,-1,S,NZ1 Index,F,0,0.00015,310.92749999999995,2072850.0,2072.5390724999997
NZ1 Index_20050228_00211165,2005-02-28,2111.65,1000,1,B,NZ1 Index,F,0,0.00015,316.7475,2111650.0,2111.9667475
NZ1 Index_20050315_00212085,2005-03-15,2120.85,1000,-1,S,NZ1 Index,F,0,0.00015,318.1275,2120850.0,2120.5318724999997
NZ1 Index_20050401_00206090,2005-04-01,2060.9,1000,1,B,NZ1 Index,F,0,0.00015,309.135,2060900.0,2061.209135
NZ1 Index_20050408_00202130,2005-04-08,2021.3,1000,-1,S,NZ1 Index,F,0,0.00015,303.195,2021300.0,2020.996805
NZ1 Index_20050425_00195660,2005-04-25,1956.6,1000,1,B,NZ1 Index,F,0,0.00015,293.48999999999995,1956600.0,1956.8934900000002
NZ1 Index_20050426_00194995,2005-04-26,1949.95,1000,-1,S,NZ1 Index,F,0,0.00015,292.4925,1949950.0,1949.6575075
NZ1 Index_20050428_00194130,2005-04-28,1941.3,1000,1,B,NZ1 Index,F,0,0.00015,291.195,1941300.0,1941.5911950000002
NZ1 Index_20050429_00188185,2005-04-29,1881.85,1000,-1,S,NZ1 Index,F,0,0.00015,282.2775,1881850.0,1881.5677225
NZ1 Index_20050504_00193150,2005-05-04,1931.5,1000,1,B,NZ1 Index,F,0,0.00015,289.72499999999997,1931500.0,1931.789725
NZ1 Index_20050518_00196720,2005-05-18,1967.2,1000,-1,S,NZ1 Index,F,0,0.00015,295.08,1967200.0,1966.9049200000002
NZ1 Index_20050519_00197825,2005-05-19,1978.25,1000,1,B,NZ1 Index,F,0,0.00015,296.7375,1978250.0,1978.5467375000003
NZ1 Index_20050602_00203810,2005-06-02,2038.1,1000,-1,S,NZ1 Index,F,0,0.00015,305.715,2038100.0,2037.794285
NZ1 Index_20050603_00207585,2005-06-03,2075.85,1000,1,B,NZ1 Index,F,0,0.00015,311.3775,2075850.0,2076.1613775
NZ1 Index_20050707_00216480,2005-07-07,2164.8,1000,-1,S,NZ1 Index,F,0,0.00015,324.72,2164800.0,2164.47528
NZ1 Index_20050711_00220915,2005-07-11,2209.15,1000,1,B,NZ1 Index,F,0,0.00015,331.3725,2209150.0,2209.4813725000004
NZ1 Index_20050713_00219190,2005-07-13,2191.9,1000,-1,S,NZ1 Index,F,0,0.00015,328.785,2191900.0,2191.571215
NZ1 Index_20050715_00220294,2005-07-15,2202.95,1000,1,B,NZ1 Index,F,0,0.00015,330.44249999999994,2202950.0,2203.2804425
NZ1 Index_20050808_00231550,2005-08-08,2315.5,1000,-1,S,NZ1 Index,F,0,0.00015,347.325,2315500.0,2315.152675
NZ1 Index_20050810_00235994,2005-08-10,2359.95,1000,1,B,NZ1 Index,F,0,0.00015,353.99249999999995,2359950.0,2360.3039925
NZ1 Index_20050823_00232694,2005-08-23,2326.95,1000,-1,S,NZ1 Index,F,0,0.00015,349.04249999999996,2326950.0,2326.6009575
NZ1 Index_20050831_00236475,2005-08-31,2364.75,1000,1,B,NZ1 Index,F,0,0.00015,354.7125,2364750.0,2365.1047125
NZ1 Index_20050922_00247485,2005-09-22,2474.85,1000,-1,S,NZ1 Index,F,0,0.00015,371.22749999999996,2474850.0,2474.4787725
NZ1 Index_20050926_00255990,2005-09-26,2559.9,1000,1,B,NZ1 Index,F,0,0.00015,383.985,2559900.0,2560.2839850000005
NZ1 Index_20051006_00256744,2005-10-06,2567.45,1000,-1,S,NZ1 Index,F,0,0.00015,385.11749999999995,2567450.0,2567.0648825
NZ1 Index_20051102_00240955,2005-11-02,2409.55,1000,1,B,NZ1 Index,F,0,0.00015,361.4325,2409550.0,2409.9114325000005
NZ1 Index_20051205_00265995,2005-12-05,2659.95,1000,-1,S,NZ1 Index,F,0,0.00015,398.99249999999995,2659950.0,2659.5510074999997
NZ1 Index_20051207_00268830,2005-12-07,2688.3,1000,1,B,NZ1 Index,F,0,0.00015,403.245,2688300.0,2688.7032450000006
NZ1 Index_20051223_00279120,2005-12-23,2791.2,1000,-1,S,NZ1 Index,F,0,0.00015,418.67999999999995,2791200.0,2790.78132
NZ1 Index_20051227_00280885,2005-12-27,2808.85,1000,1,B,NZ1 Index,F,0,0.00015,421.3275,2808850.0,2809.2713275
NZ1 Index_20051228_00279695,2005-12-28,2796.95,1000,-1,S,NZ1 Index,F,0,0.00015,419.54249999999996,2796950.0,2796.5304575
NZ1 Index_20051229_00282195,2005-12-29,2821.95,1000,1,B,NZ1 Index,F,0,0.00015,423.29249999999996,2821950.0,2822.3732925
NZ1 Index_20060112_00283140,2006-01-12,2831.4,1000,-1,S,NZ1 Index,F,0,0.00015,424.71,2831400.0,2830.9752900000003
NZ1 Index_20060119_00286925,2006-01-19,2869.25,1000,1,B,NZ1 Index,F,0,0.00015,430.3875,2869250.0,2869.6803875
NZ1 Index_20060203_00292180,2006-02-03,2921.8,1000,-1,S,NZ1 Index,F,0,0.00015,438.27000000000004,2921800.0,2921.36173
NZ1 Index_20060206_00299155,2006-02-06,2991.55,1000,1,B,NZ1 Index,F,0,0.00015,448.7325,2991550.0,2991.9987325000006
NZ1 Index_20060217_00297840,2006-02-17,2978.4,1000,-1,S,NZ1 Index,F,0,0.00015,446.76,2978400.0,2977.9532400000003
NZ1 Index_20060220_00301010,2006-02-20,3010.1,1000,1,B,NZ1 Index,F,0,0.00015,451.515,3010100.0,3010.551515
NZ1 Index_20060308_00308265,2006-03-08,3082.65,1000,-1,S,NZ1 Index,F,0,0.00015,462.3975,3082650.0,3082.1876025
NZ1 Index_20060309_00311385,2006-03-09,3113.85,1000,1,B,NZ1 Index,F,0,0.00015,467.0775,3113850.0,3114.3170775000003
NZ1 Index_20060412_00338700,2006-04-12,3387.0,1000,-1,S,NZ1 Index,F,0,0.00015,508.04999999999995,3387000.0,3386.49195
NZ1 Index_20060418_00352405,2006-04-18,3524.05,1000,1,B,NZ1 Index,F,0,0.00015,528.6075,3524050.0,3524.5786075000005
NZ1 Index_20060425_00346550,2006-04-25,3465.5,1000,-1,S,NZ1 Index,F,0,0.00015,519.8249999999999,3465500.0,3464.980175
NZ1 Index_20060426_00357945,2006-04-26,3579.45,1000,1,B,NZ1 Index,F,0,0.00015,536.9174999999999,3579450.0,3579.9869175000003
NZ1 Index_20060427_00350820,2006-04-27,3508.2,1000,-1,S,NZ1 Index,F,0,0.00015,526.2299999999999,3508200.0,3507.67377
NZ1 Index_20060429_00354650,2006-04-29,3546.5,1000,1,B,NZ1 Index,F,0,0.00015,531.975,3546500.0,3547.0319750000003
NZ1 Index_20060512_00363300,2006-05-12,3633.0,1000,-1,S,NZ1 Index,F,0,0.00015,544.9499999999999,3633000.0,3632.45505
NZ1 Index_20060517_00364125,2006-05-17,3641.25,1000,1,B,NZ1 Index,F,0,0.00015,546.1875,3641250.0,3641.7961875000005
NZ1 Index_20060518_00336385,2006-05-18,3363.85,1000,-1,S,NZ1 Index,F,0,0.00015,504.5775,3363850.0,3363.3454225
NZ1 Index_20060616_00288075,2006-06-16,2880.75,1000,1,B,NZ1 Index,F,0,0.00015,432.1125,2880750.0,2881.1821125
NZ1 Index_20060707_00303945,2006-07-07,3039.45,1000,-1,S,NZ1 Index,F,0,0.00015,455.91749999999996,3039450.0,3038.9940825
NZ1 Index_20060710_00312435,2006-07-10,3124.35,1000,1,B,NZ1 Index,F,0,0.00015,468.6525,3124350.0,3124.8186525
NZ1 Index_20060714_00309140,2006-07-14,3091.4,1000,-1,S,NZ1 Index,F,0,0.00015,463.71,3091400.0,3090.93629
NZ1 Index_20060725_00303945,2006-07-25,3039.45,1000,1,B,NZ1 Index,F,0,0.00015,455.91749999999996,3039450.0,3039.9059175
NZ1 Index_20060807_00312700,2006-08-07,3127.0,1000,-1,S,NZ1 Index,F,0,0.00015,469.04999999999995,3127000.0,3126.53095
NZ1 Index_20060808_00320515,2006-08-08,3205.15,1000,1,B,NZ1 Index,F,0,0.00015,480.7725,3205150.0,3205.6307725000006
NZ1 Index_20060911_00335285,2006-09-11,3352.85,1000,-1,S,NZ1 Index,F,0,0.00015,502.92749999999995,3352850.0,3352.3470724999997
NZ1 Index_20060913_00345475,2006-09-13,3454.75,1000,1,B,NZ1 Index,F,0,0.00015,518.2125,3454750.0,3455.2682125
NZ1 Index_20060919_00344795,2006-09-19,3447.95,1000,-1,S,NZ1 Index,F,0,0.00015,517.1925,3447950.0,3447.4328075
NZ1 Index_20060920_00350460,2006-09-20,3504.6,1000,1,B,NZ1 Index,F,0,0.00015,525.6899999999999,3504600.0,3505.1256900000003
NZ1 Index_20061004_00351920,2006-10-04,3519.2,1000,-1,S,NZ1 Index,F,0,0.00015,527.88,3519200.0,3518.6721199999997
NZ1 Index_20061005_00357145,2006-10-05,3571.45,1000,1,B,NZ1 Index,F,0,0.00015,535.7175,3571450.0,3571.9857175
NZ1 Index_20061011_00354580,2006-10-11,3545.8,1000,-1,S,NZ1 Index,F,0,0.00015,531.87,3545800.0,3545.2681300000004
NZ1 Index_20061012_00362915,2006-10-12,3629.15,1000,1,B,NZ1 Index,F,0,0.00015,544.3725,3629150.0,3629.6943725000006
NZ1 Index_20061023_00366475,2006-10-23,3664.75,1000,-1,S,NZ1 Index,F,0,0.00015,549.7125,3664750.0,3664.2002875000003
NZ1 Index_20061027_00374870,2006-10-27,3748.7,1000,1,B,NZ1 Index,F,0,0.00015,562.305,3748700.0,3749.262305
NZ1 Index_20061208_00396470,2006-12-08,3964.7,1000,-1,S,NZ1 Index,F,0,0.00015,594.7049999999999,3964700.0,3964.105295
NZ1 Index_20061218_00392865,2006-12-18,3928.65,1000,1,B,NZ1 Index,F,0,0.00015,589.2975,3928650.0,3929.2392975000002
NZ1 Index_20061219_00381515,2006-12-19,3815.15,1000,-1,S,NZ1 Index,F,0,0.00015,572.2725,3815150.0,3814.5777275
NZ1 Index_20061222_00385660,2006-12-22,3856.6,1000,1,B,NZ1 Index,F,0,0.00015,578.49,3856600.0,3857.1784900000002
NZ1 Index_20070108_00392390,2007-01-08,3923.9,1000,-1,S,NZ1 Index,F,0,0.00015,588.585,3923900.0,3923.311415
NZ1 Index_20070112_00405870,2007-01-12,4058.7,1000,1,B,NZ1 Index,F,0,0.00015,608.805,4058700.0,4059.308805
NZ1 Index_20070131_00406335,2007-01-31,4063.35,1000,-1,S,NZ1 Index,F,0,0.00015,609.5024999999999,4063350.0,4062.7404975
NZ1 Index_20070201_00413835,2007-02-01,4138.35,1000,1,B,NZ1 Index,F,0,0.00015,620.7525,4138350.0000000005,4138.9707525
NZ1 Index_20070212_00405360,2007-02-12,4053.6,1000,-1,S,NZ1 Index,F,0,0.00015,608.04,4053600.0,4052.99196
NZ1 Index_20070215_00416000,2007-02-15,4160.0,1000,1,B,NZ1 Index,F,0,0.00015,624.0,4160000.0,4160.624000000001
NZ1 Index_20070220_00411860,2007-02-20,4118.6,1000,-1,S,NZ1 Index,F,0,0.00015,617.7900000000001,4118600.0000000005,4117.98221
NZ1 Index_20070308_00375415,2007-03-08,3754.15,1000,1,B,NZ1 Index,F,0,0.00015,563.1225,3754150.0,3754.7131225000003
NZ1 Index_20070309_00369865,2007-03-09,3698.65,1000,-1,S,NZ1 Index,F,0,0.00015,554.7975,3698650.0,3698.0952025
NZ1 Index_20070312_00372720,2007-03-12,3727.2,1000,1,B,NZ1 Index,F,0,0.00015,559.0799999999999,3727200.0,3727.7590800000003
NZ1 Index_20070314_00359955,2007-03-14,3599.55,1000,-1,S,NZ1 Index,F,0,0.00015,539.9325,3599550.0,3599.0100675000003
NZ1 Index_20070319_00366740,2007-03-19,3667.4,1000,1,B,NZ1 Index,F,0,0.00015,550.11,3667400.0,3667.95011
NZ1 Index_20070402_00360185,2007-04-02,3601.85,1000,-1,S,NZ1 Index,F,0,0.00015,540.2774999999999,3601850.0,3601.3097225
NZ1 Index_20070409_00382555,2007-04-09,3825.55,1000,1,B,NZ1 Index,F,0,0.00015,573.8325,3825550.0,3826.1238325000004
NZ1 Index_20070507_00410580,2007-05-07,4105.8,1000,-1,S,NZ1 Index,F,0,0.00015,615.87,4105800.0,4105.184130000001
NZ1 Index_20070514_00414075,2007-05-14,4140.75,1000,1,B,NZ1 Index,F,0,0.00015,621.1125,4140750.0,4141.3711125
NZ1 Index_20070530_00424280,2007-05-30,4242.8,1000,-1,S,NZ1 Index,F,0,0.00015,636.42,4242800.0,4242.16358
NZ1 Index_20070531_00429580,2007-05-31,4295.8,1000,1,B,NZ1 Index,F,0,0.00015,644.37,4295800.0,4296.44437
NZ1 Index_20070604_00424675,2007-06-04,4246.75,1000,-1,S,NZ1 Index,F,0,0.00015,637.0124999999999,4246750.0,4246.1129875
NZ1 Index_20070605_00428614,2007-06-05,4286.15,1000,1,B,NZ1 Index,F,0,0.00015,642.9224999999999,4286150.0,4286.7929225
NZ1 Index_20070606_00417835,2007-06-06,4178.35,1000,-1,S,NZ1 Index,F,0,0.00015,626.7525,4178350.0000000005,4177.7232475
NZ1 Index_20070619_00421485,2007-06-19,4214.85,1000,1,B,NZ1 Index,F,0,0.00015,632.2275000000001,4214850.0,4215.482227500001
NZ1 Index_20070727_00440220,2007-07-27,4402.2,1000,-1,S,NZ1 Index,F,0,0.00015,660.3299999999999,4402200.0,4401.53967
NZ1 Index_20070808_00443814,2007-08-08,4438.15,1000,1,B,NZ1 Index,F,0,0.00015,665.7225,4438150.0,4438.8157225
NZ1 Index_20070809_00436539,2007-08-09,4365.4,1000,-1,S,NZ1 Index,F,0,0.00015,654.81,4365400.0,4364.74519
NZ1 Index_20070814_00434670,2007-08-14,4346.7,1000,1,B,NZ1 Index,F,0,0.00015,652.005,4346700.0,4347.352005000001
NZ1 Index_20070816_00413910,2007-08-16,4139.1,1000,-1,S,NZ1 Index,F,0,0.00015,620.865,4139100.0000000005,4138.4791350000005
NZ1 Index_20070827_00429795,2007-08-27,4297.95,1000,1,B,NZ1 Index,F,0,0.00015,644.6925,4297950.0,4298.5946925
NZ1 Index_20071018_00531895,2007-10-18,5318.95,1000,-1,S,NZ1 Index,F,0,0.00015,797.8425,5318950.0,5318.1521575
NZ1 Index_20071023_00548910,2007-10-23,5489.1,1000,1,B,NZ1 Index,F,0,0.00015,823.365,5489100.0,5489.923365000001
NZ1 Index_20071107_00578240,2007-11-07,5782.4,1000,-1,S,NZ1 Index,F,0,0.00015,867.3599999999999,5782400.0,5781.532639999999
NZ1 Index_20071114_00595940,2007-11-14,5959.4,1000,1,B,NZ1 Index,F,0,0.00015,893.91,5959400.0,5960.29391
NZ1 Index_20071120_00578445,2007-11-20,5784.45,1000,-1,S,NZ1 Index,F,0,0.00015,867.6674999999999,5784450.0,5783.5823325
NZ1 Index_20071130_00580350,2007-11-30,5803.5,1000,1,B,NZ1 Index,F,0,0.00015,870.525,5803500.0,5804.370525
NZ1 Index_20071217_00577980,2007-12-17,5779.8,1000,-1,S,NZ1 Index,F,0,0.00015,866.97,5779800.0,5778.93303
NZ1 Index_20071224_00600715,2007-12-24,6007.15,1000,1,B,NZ1 Index,F,0,0.00015,901.0724999999999,6007150.0,6008.0510725
NZ1 Index_20080110_00616060,2008-01-10,6160.6,1000,-1,S,NZ1 Index,F,0,0.00015,924.09,6160600.0,6159.675910000001
NZ1 Index_20080114_00622475,2008-01-14,6224.75,1000,1,B,NZ1 Index,F,0,0.00015,933.7125,6224750.0,6225.6837125
NZ1 Index_20080115_00607140,2008-01-15,6071.4,1000,-1,S,NZ1 Index,F,0,0.00015,910.7099999999999,6071400.0,6070.4892899999995
NZ1 Index_20080201_00532080,2008-02-01,5320.8,1000,1,B,NZ1 Index,F,0,0.00015,798.12,5320800.0,5321.598120000001
NZ1 Index_20080207_00510000,2008-02-07,5100.0,1000,-1,S,NZ1 Index,F,0,0.00015,765.0,5100000.0,5099.235
NZ1 Index_20080214_00518685,2008-02-14,5186.85,1000,1,B,NZ1 Index,F,0,0.00015,778.0275,5186850.0,5187.628027500001
NZ1 Index_20080229_00518110,2008-02-29,5181.1,1000,-1,S,NZ1 Index,F,0,0.00015,777.1650000000001,5181100.0,5180.322835000001
NZ1 Index_20080325_00488489,2008-03-25,4884.9,1000,1,B,NZ1 Index,F,0,0.00015,732.7349999999999,4884900.0,4885.632735
NZ1 Index_20080404_00465270,2008-04-04,4652.7,1000,-1,S,NZ1 Index,F,0,0.00015,697.905,4652700.0,4652.002095
NZ1 Index_20080411_00477185,2008-04-11,4771.85,1000,1,B,NZ1 Index,F,0,0.00015,715.7775,4771850.0,4772.565777500001
NZ1 Index_20080508_00509310,2008-05-08,5093.1,1000,-1,S,NZ1 Index,F,0,0.00015,763.965,5093100.0,5092.336035
NZ1 Index_20080515_00511280,2008-05-15,5112.8,1000,1,B,NZ1 Index,F,0,0.00015,766.92,5112800.0,5113.566920000001
NZ1 Index_20080522_00501789,2008-05-22,5017.9,1000,-1,S,NZ1 Index,F,0,0.00015,752.685,5017900.0,5017.147315
NZ1 Index_20080616_00457130,2008-06-16,4571.3,1000,1,B,NZ1 Index,F,0,0.00015,685.695,4571300.0,4571.985695
NZ1 Index_20080619_00448750,2008-06-19,4487.5,1000,-1,S,NZ1 Index,F,0,0.00015,673.125,4487500.0,4486.826875
NZ1 Index_20080709_00413789,2008-07-09,4137.9,1000,1,B,NZ1 Index,F,0,0.00015,620.685,4137899.9999999995,4138.520685
NZ1 Index_20080715_00382890,2008-07-15,3828.9,1000,-1,S,NZ1 Index,F,0,0.00015,574.335,3828900.0,3828.3256650000003
NZ1 Index_20080718_00407765,2008-07-18,4077.65,1000,1,B,NZ1 Index,F,0,0.00015,611.6475,4077650.0,4078.2616475000004
NZ1 Index_20080729_00419889,2008-07-29,4198.9,1000,-1,S,NZ1 Index,F,0,0.00015,629.8349999999999,4198900.0,4198.270165
NZ1 Index_20080730_00432639,2008-07-30,4326.4,1000,1,B,NZ1 Index,F,0,0.00015,648.9599999999999,4326400.0,4327.04896
NZ1 Index_20080814_00443705,2008-08-14,4437.05,1000,-1,S,NZ1 Index,F,0,0.00015,665.5575,4437050.0,4436.384442500001
NZ1 Index_20080829_00437055,2008-08-29,4370.55,1000,1,B,NZ1 Index,F,0,0.00015,655.5825,4370550.0,4371.205582500001
NZ1 Index_20080911_00430445,2008-09-11,4304.45,1000,-1,S,NZ1 Index,F,0,0.00015,645.6674999999999,4304450.0,4303.8043325
NZ1 Index_20080919_00427295,2008-09-19,4272.95,1000,1,B,NZ1 Index,F,0,0.00015,640.9425,4272950.0,4273.5909425
NZ1 Index_20080923_00414335,2008-09-23,4143.35,1000,-1,S,NZ1 Index,F,0,0.00015,621.5025,4143350.0000000005,4142.7284975
NZ1 Index_20080924_00417995,2008-09-24,4179.95,1000,1,B,NZ1 Index,F,0,0.00015,626.9925,4179950.0,4180.5769925
NZ1 Index_20080925_00411055,2008-09-25,4110.55,1000,-1,S,NZ1 Index,F,0,0.00015,616.5825,4110550.0,4109.9334175
NZ1 Index_20081031_00288190,2008-10-31,2881.9,1000,1,B,NZ1 Index,F,0,0.00015,432.285,2881900.0,2882.3322850000004
NZ1 Index_20081111_00292840,2008-11-11,2928.4,1000,-1,S,NZ1 Index,F,0,0.00015,439.26,2928400.0,2927.96074
NZ1 Index_20081126_00275785,2008-11-26,2757.85,1000,1,B,NZ1 Index,F,0,0.00015,413.67749999999995,2757850.0,2758.2636775
NZ1 Index_20081201_00267820,2008-12-01,2678.2,1000,-1,S,NZ1 Index,F,0,0.00015,401.72999999999996,2678200.0,2677.79827
NZ1 Index_20081204_00279605,2008-12-04,2796.05,1000,1,B,NZ1 Index,F,0,0.00015,419.4075,2796050.0,2796.4694075000007
NZ1 Index_20081223_00297285,2008-12-23,2972.85,1000,-1,S,NZ1 Index,F,0,0.00015,445.92749999999995,2972850.0,2972.4040725
NZ1 Index_20090101_00304370,2009-01-01,3043.7,1000,1,B,NZ1 Index,F,0,0.00015,456.55499999999995,3043700.0,3044.156555
NZ1 Index_20090107_00291410,2009-01-07,2914.1,1000,-1,S,NZ1 Index,F,0,0.00015,437.11499999999995,2914100.0,2913.6628849999997
NZ1 Index_20090127_00276720,2009-01-27,2767.2,1000,1,B,NZ1 Index,F,0,0.00015,415.08,2767200.0,2767.61508
NZ1 Index_20090202_00273535,2009-02-02,2735.35,1000,-1,S,NZ1 Index,F,0,0.00015,410.30249999999995,2735350.0,2734.9396975
NZ1 Index_20090203_00276465,2009-02-03,2764.65,1000,1,B,NZ1 Index,F,0,0.00015,414.6975,2764650.0,2765.0646975000004
NZ1 Index_20090205_00276595,2009-02-05,2765.95,1000,-1,S,NZ1 Index,F,0,0.00015,414.8925,2765950.0,2765.5351075
NZ1 Index_20090206_00283070,2009-02-06,2830.7,1000,1,B,NZ1 Index,F,0,0.00015,424.60499999999996,2830700.0,2831.124605
NZ1 Index_20090216_00283150,2009-02-16,2831.5,1000,-1,S,NZ1 Index,F,0,0.00015,424.72499999999997,2831500.0,2831.075275
NZ1 Index_20090313_00271620,2009-03-13,2716.2,1000,1,B,NZ1 Index,F,0,0.00015,407.42999999999995,2716200.0,2716.60743
NZ1 Index_20090422_00332340,2009-04-22,3323.4,1000,-1,S,NZ1 Index,F,0,0.00015,498.51,3323400.0,3322.90149
NZ1 Index_20090423_00342605,2009-04-23,3426.05,1000,1,B,NZ1 Index,F,0,0.00015,513.9075,3426050.0,3426.5639075000004
NZ1 Index_20090428_00335495,2009-04-28,3354.95,1000,-1,S,NZ1 Index,F,0,0.00015,503.24249999999995,3354950.0,3354.4467575
NZ1 Index_20090429_00347395,2009-04-29,3473.95,1000,1,B,NZ1 Index,F,0,0.00015,521.0925,3473950.0,3474.4710925
NZ1 Index_20090511_00355205,2009-05-11,3552.05,1000,-1,S,NZ1 Index,F,0,0.00015,532.8075,3552050.0,3551.5171925000004
NZ1 Index_20090512_00368995,2009-05-12,3689.95,1000,1,B,NZ1 Index,F,0,0.00015,553.4925,3689950.0,3690.5034925
NZ1 Index_20090514_00360365,2009-05-14,3603.65,1000,-1,S,NZ1 Index,F,0,0.00015,540.5475,3603650.0,3603.1094525000003
NZ1 Index_20090515_00368435,2009-05-15,3684.35,1000,1,B,NZ1 Index,F,0,0.00015,552.6524999999999,3684350.0,3684.9026525000004
NZ1 Index_20090608_00443395,2009-06-08,4433.95,1000,-1,S,NZ1 Index,F,0,0.00015,665.0925,4433950.0,4433.2849074999995
NZ1 Index_20090609_00455114,2009-06-09,4551.15,1000,1,B,NZ1 Index,F,0,0.00015,682.6724999999999,4551150.0,4551.8326725
NZ1 Index_20090615_00449980,2009-06-15,4499.8,1000,-1,S,NZ1 Index,F,0,0.00015,674.97,4499800.0,4499.12503
NZ1 Index_20090626_00438450,2009-06-26,4384.5,1000,1,B,NZ1 Index,F,0,0.00015,657.675,4384500.0,4385.157675
NZ1 Index_20090630_00428975,2009-06-30,4289.75,1000,-1,S,NZ1 Index,F,0,0.00015,643.4625,4289750.0,4289.1065375
NZ1 Index_20090701_00433835,2009-07-01,4338.35,1000,1,B,NZ1 Index,F,0,0.00015,650.7525,4338350.0,4339.000752500001
NZ1 Index_20090706_00415400,2009-07-06,4154.0,1000,-1,S,NZ1 Index,F,0,0.00015,623.1,4154000.0,4153.3769
NZ1 Index_20090715_00423689,2009-07-15,4236.9,1000,1,B,NZ1 Index,F,0,0.00015,635.535,4236900.0,4237.535535
NZ1 Index_20090806_00457825,2009-08-06,4578.25,1000,-1,S,NZ1 Index,F,0,0.00015,686.7375,4578250.0,4577.5632625
NZ1 Index_20090813_00461110,2009-08-13,4611.1,1000,1,B,NZ1 Index,F,0,0.00015,691.6650000000001,4611100.0,4611.791665000001
NZ1 Index_20090817_00437260,2009-08-17,4372.6,1000,-1,S,NZ1 Index,F,0,0.00015,655.89,4372600.0,4371.94411
NZ1 Index_20090821_00453620,2009-08-21,4536.2,1000,1,B,NZ1 Index,F,0,0.00015,680.43,4536200.0,4536.88043
NZ1 Index_20090902_00461445,2009-09-02,4614.45,1000,-1,S,NZ1 Index,F,0,0.00015,692.1674999999999,4614450.0,4613.7578324999995
NZ1 Index_20090904_00469564,2009-09-04,4695.65,1000,1,B,NZ1 Index,F,0,0.00015,704.3475,4695650.0,4696.3543475
NZ1 Index_20091007_00497589,2009-10-07,4975.9,1000,-1,S,NZ1 Index,F,0,0.00015,746.3849999999999,4975900.0,4975.153615
NZ1 Index_20091012_00505950,2009-10-12,5059.5,1000,1,B,NZ1 Index,F,0,0.00015,758.925,5059500.0,5060.258925
NZ1 Index_20091022_00499739,2009-10-22,4997.4,1000,-1,S,NZ1 Index,F,0,0.00015,749.6099999999999,4997400.0,4996.65039
NZ1 Index_20091109_00490314,2009-11-09,4903.15,1000,1,B,NZ1 Index,F,0,0.00015,735.4725,4903150.0,4903.8854725
NZ1 Index_20091126_00500555,2009-11-26,5005.55,1000,-1,S,NZ1 Index,F,0,0.00015,750.8325,5005550.0,5004.7991675
NZ1 Index_20091201_00513205,2009-12-01,5132.05,1000,1,B,NZ1 Index,F,0,0.00015,769.8075,5132050.0,5132.819807500001
NZ1 Index_20091207_00506964,2009-12-07,5069.65,1000,-1,S,NZ1 Index,F,0,0.00015,760.4474999999999,5069650.0,5068.8895525
NZ1 Index_20091208_00515795,2009-12-08,5157.95,1000,1,B,NZ1 Index,F,0,0.00015,773.6925,5157950.0,5158.723692500001
NZ1 Index_20091211_00511160,2009-12-11,5111.6,1000,-1,S,NZ1 Index,F,0,0.00015,766.74,5111600.0,5110.83326
NZ1 Index_20091223_00515685,2009-12-23,5156.85,1000,1,B,NZ1 Index,F,0,0.00015,773.5275,5156850.0,5157.623527500001
NZ1 Index_20100112_00520889,2010-01-12,5208.9,1000,-1,S,NZ1 Index,F,0,0.00015,781.3349999999999,5208900.0,5208.118665
NZ1 Index_20100113_00524300,2010-01-13,5243.0,1000,1,B,NZ1 Index,F,0,0.00015,786.4499999999999,5243000.0,5243.7864500000005
NZ1 Index_20100115_00525440,2010-01-15,5254.4,1000,-1,S,NZ1 Index,F,0,0.00015,788.16,5254400.0,5253.61184
NZ1 Index_20100118_00527115,2010-01-18,5271.15,1000,1,B,NZ1 Index,F,0,0.00015,790.6724999999999,5271150.0,5271.9406725
NZ1 Index_20100119_00522070,2010-01-19,5220.7,1000,-1,S,NZ1 Index,F,0,0.00015,783.1049999999999,5220700.0,5219.916895
NZ1 Index_20100211_00482885,2010-02-11,4828.85,1000,1,B,NZ1 Index,F,0,0.00015,724.3275,4828850.0,4829.5743275
NZ1 Index_20100215_00479570,2010-02-15,4795.7,1000,-1,S,NZ1 Index,F,0,0.00015,719.3549999999999,4795700.0,4794.980645
NZ1 Index_20100216_00486520,2010-02-16,4865.2,1000,1,B,NZ1 Index,F,0,0.00015,729.78,4865200.0,4865.92978
NZ1 Index_20100331_00526160,2010-03-31,5261.6,1000,-1,S,NZ1 Index,F,0,0.00015,789.24,5261600.0,5260.81076
NZ1 Index_20100401_00530680,2010-04-01,5306.8,1000,1,B,NZ1 Index,F,0,0.00015,796.02,5306800.0,5307.596020000001
NZ1 Index_20100408_00530160,2010-04-08,5301.6,1000,-1,S,NZ1 Index,F,0,0.00015,795.24,5301600.0,5300.804760000001
NZ1 Index_20100409_00536490,2010-04-09,5364.9,1000,1,B,NZ1 Index,F,0,0.00015,804.7349999999999,5364900.0,5365.704735
NZ1 Index_20100415_00527730,2010-04-15,5277.3,1000,-1,S,NZ1 Index,F,0,0.00015,791.595,5277300.0,5276.5084050000005
NZ1 Index_20100423_00530500,2010-04-23,5305.0,1000,1,B,NZ1 Index,F,0,0.00015,795.75,5305000.0,5305.79575
NZ1 Index_20100428_00521670,2010-04-28,5216.7,1000,-1,S,NZ1 Index,F,0,0.00015,782.505,5216700.0,5215.917495
NZ1 Index_20100430_00526280,2010-04-30,5262.8,1000,1,B,NZ1 Index,F,0,0.00015,789.42,5262800.0,5263.58942
NZ1 Index_20100503_00521845,2010-05-03,5218.45,1000,-1,S,NZ1 Index,F,0,0.00015,782.7674999999999,5218450.0,5217.6672325
NZ1 Index_20100510_00520025,2010-05-10,5200.25,1000,1,B,NZ1 Index,F,0,0.00015,780.0375,5200250.0,5201.030037500001
NZ1 Index_20100511_00513295,2010-05-11,5132.95,1000,-1,S,NZ1 Index,F,0,0.00015,769.9425,5132950.0,5132.1800575
NZ1 Index_20100513_00517814,2010-05-13,5178.15,1000,1,B,NZ1 Index,F,0,0.00015,776.7225,5178150.0,5178.9267225
NZ1 Index_20100514_00508364,2010-05-14,5083.65,1000,-1,S,NZ1 Index,F,0,0.00015,762.5474999999999,5083650.0,5082.8874525
NZ1 Index_20100527_00500310,2010-05-27,5003.1,1000,1,B,NZ1 Index,F,0,0.00015,750.465,5003100.0,5003.850465
NZ1 Index_20100601_00494405,2010-06-01,4944.05,1000,-1,S,NZ1 Index,F,0,0.00015,741.6075,4944050.0,4943.3083925
NZ1 Index_20100602_00500435,2010-06-02,5004.35,1000,1,B,NZ1 Index,F,0,0.00015,750.6525,5004350.0,5005.100652500001
NZ1 Index_20100608_00496070,2010-06-08,4960.7,1000,-1,S,NZ1 Index,F,0,0.00015,744.1049999999999,4960700.0,4959.955895
NZ1 Index_20100610_00508610,2010-06-10,5086.1,1000,1,B,NZ1 Index,F,0,0.00015,762.9150000000001,5086100.0,5086.862915000001
NZ1 Index_20100629_00526645,2010-06-29,5266.45,1000,-1,S,NZ1 Index,F,0,0.00015,789.9675,5266450.0,5265.6600325
NZ1 Index_20100630_00531625,2010-06-30,5316.25,1000,1,B,NZ1 Index,F,0,0.00015,797.4375,5316250.0,5317.0474375
NZ1 Index_20100701_00525830,2010-07-01,5258.3,1000,-1,S,NZ1 Index,F,0,0.00015,788.745,5258300.0,5257.511255
NZ1 Index_20100706_00530690,2010-07-06,5306.9,1000,1,B,NZ1 Index,F,0,0.00015,796.035,5306900.0,5307.696035
NZ1 Index_20100707_00524770,2010-07-07,5247.7,1000,-1,S,NZ1 Index,F,0,0.00015,787.155,5247700.0,5246.912845
NZ1 Index_20100708_00530945,2010-07-08,5309.45,1000,1,B,NZ1 Index,F,0,0.00015,796.4174999999999,5309450.0,5310.2464175000005
NZ1 Index_20100728_00539440,2010-07-28,5394.4,1000,-1,S,NZ1 Index,F,0,0.00015,809.16,5394400.0,5393.59084
NZ1 Index_20100802_00543435,2010-08-02,5434.35,1000,1,B,NZ1 Index,F,0,0.00015,815.1525,5434350.0,5435.165152500001
NZ1 Index_20100811_00541190,2010-08-11,5411.9,1000,-1,S,NZ1 Index,F,0,0.00015,811.785,5411900.0,5411.088215
NZ1 Index_20100813_00545645,2010-08-13,5456.45,1000,1,B,NZ1 Index,F,0,0.00015,818.4675,5456450.0,5457.2684675
NZ1 Index_20100816_00541745,2010-08-16,5417.45,1000,-1,S,NZ1 Index,F,0,0.00015,812.6175,5417450.0,5416.6373825
NZ1 Index_20100818_00548305,2010-08-18,5483.05,1000,1,B,NZ1 Index,F,0,0.00015,822.4575,5483050.0,5483.872457500001
NZ1 Index_20100825_00546985,2010-08-25,5469.85,1000,-1,S,NZ1 Index,F,0,0.00015,820.4775000000001,5469850.0,5469.029522500001
NZ1 Index_20100901_00547795,2010-09-01,5477.95,1000,1,B,NZ1 Index,F,0,0.00015,821.6925,5477950.0,5478.7716925
NZ1 Index_20101012_00611865,2010-10-12,6118.65,1000,-1,S,NZ1 Index,F,0,0.00015,917.7974999999999,6118650.0,6117.732202499999
NZ1 Index_20101013_00627385,2010-10-13,6273.85,1000,1,B,NZ1 Index,F,0,0.00015,941.0775,6273850.0,6274.791077500001
NZ1 Index_20101015_00609200,2010-10-15,6092.0,1000,-1,S,NZ1 Index,F,0,0.00015,913.8,6092000.0,6091.0862
NZ1 Index_20101021_00613515,2010-10-21,6135.15,1000,1,B,NZ1 Index,F,0,0.00015,920.2724999999999,6135150.0,6136.0702725
NZ1 Index_20101022_00608975,2010-10-22,6089.75,1000,-1,S,NZ1 Index,F,0,0.00015,913.4625,6089750.0,6088.8365375
NZ1 Index_20101025_00613620,2010-10-25,6136.2,1000,1,B,NZ1 Index,F,0,0.00015,920.43,6136200.0,6137.120430000001
NZ1 Index_20101026_00610825,2010-10-26,6108.25,1000,-1,S,NZ1 Index,F,0,0.00015,916.2375,6108250.0,6107.3337625
NZ1 Index_20101101_00615205,2010-11-01,6152.05,1000,1,B,NZ1 Index,F,0,0.00015,922.8075,6152050.0,6152.972807500001
NZ1 Index_20101111_00623255,2010-11-11,6232.55,1000,-1,S,NZ1 Index,F,0,0.00015,934.8824999999999,6232550.0,6231.6151175
NZ1 Index_20101201_00597910,2010-12-01,5979.1,1000,1,B,NZ1 Index,F,0,0.00015,896.865,5979100.0,5979.996865000001
NZ1 Index_20101208_00592395,2010-12-08,5923.95,1000,-1,S,NZ1 Index,F,0,0.00015,888.5925,5923950.0,5923.0614075
NZ1 Index_20101214_00596030,2010-12-14,5960.3,1000,1,B,NZ1 Index,F,0,0.00015,894.045,5960300.0,5961.194045000001
NZ1 Index_20101215_00589510,2010-12-15,5895.1,1000,-1,S,NZ1 Index,F,0,0.00015,884.265,5895100.0,5894.215735000001
NZ1 Index_20101216_00596680,2010-12-16,5966.8,1000,1,B,NZ1 Index,F,0,0.00015,895.02,5966800.0,5967.695020000001
NZ1 Index_20110106_00607225,2011-01-06,6072.25,1000,-1,S,NZ1 Index,F,0,0.00015,910.8375,6072250.0,6071.3391625
NZ1 Index_20110124_00574045,2011-01-24,5740.45,1000,1,B,NZ1 Index,F,0,0.00015,861.0675,5740450.0,5741.311067500001
NZ1 Index_20110125_00568425,2011-01-25,5684.25,1000,-1,S,NZ1 Index,F,0,0.00015,852.6374999999999,5684250.0,5683.3973625
NZ1 Index_20110214_00545565,2011-02-14,5455.65,1000,1,B,NZ1 Index,F,0,0.00015,818.3475,5455650.0,5456.4683475
NZ1 Index_20110223_00543575,2011-02-23,5435.75,1000,-1,S,NZ1 Index,F,0,0.00015,815.3625,5435750.0,5434.9346375000005
NZ1 Index_20110301_00554385,2011-03-01,5543.85,1000,1,B,NZ1 Index,F,0,0.00015,831.5775,5543850.0,5544.6815775000005
NZ1 Index_20110311_00545960,2011-03-11,5459.6,1000,-1,S,NZ1 Index,F,0,0.00015,818.94,5459600.0,5458.78106
NZ1 Index_20110314_00555530,2011-03-14,5555.3,1000,1,B,NZ1 Index,F,0,0.00015,833.295,5555300.0,5556.1332950000005
NZ1 Index_20110315_00544760,2011-03-15,5447.6,1000,-1,S,NZ1 Index,F,0,0.00015,817.14,5447600.0,5446.78286
NZ1 Index_20110316_00552385,2011-03-16,5523.85,1000,1,B,NZ1 Index,F,0,0.00015,828.5775,5523850.0,5524.678577500001
NZ1 Index_20110317_00546665,2011-03-17,5466.65,1000,-1,S,NZ1 Index,F,0,0.00015,819.9975,5466650.0,5465.8300025
NZ1 Index_20110323_00550025,2011-03-23,5500.25,1000,1,B,NZ1 Index,F,0,0.00015,825.0375,5500250.0,5501.075037500001
NZ1 Index_20110411_00580365,2011-04-11,5803.65,1000,-1,S,NZ1 Index,F,0,0.00015,870.5474999999999,5803650.0,5802.7794525
NZ1 Index_20110413_00593810,2011-04-13,5938.1,1000,1,B,NZ1 Index,F,0,0.00015,890.715,5938100.0,5938.990715000001
NZ1 Index_20110415_00583415,2011-04-15,5834.15,1000,-1,S,NZ1 Index,F,0,0.00015,875.1225,5834150.0,5833.2748775
NZ1 Index_20110420_00587060,2011-04-20,5870.6,1000,1,B,NZ1 Index,F,0,0.00015,880.59,5870600.0,5871.480590000001
NZ1 Index_20110427_00583655,2011-04-27,5836.55,1000,-1,S,NZ1 Index,F,0,0.00015,875.4825,5836550.0,5835.674517500001
NZ1 Index_20110513_00555890,2011-05-13,5558.9,1000,1,B,NZ1 Index,F,0,0.00015,833.8349999999999,5558900.0,5559.733835
NZ1 Index_20110516_00548870,2011-05-16,5488.7,1000,-1,S,NZ1 Index,F,0,0.00015,823.305,5488700.0,5487.876695
NZ1 Index_20110527_00546635,2011-05-27,5466.35,1000,1,B,NZ1 Index,F,0,0.00015,819.9525,5466350.0,5467.169952500001
NZ1 Index_20110609_00551915,2011-06-09,5519.15,1000,-1,S,NZ1 Index,F,0,0.00015,827.8725,5519150.0,5518.3221275
NZ1 Index_20110624_00548405,2011-06-24,5484.05,1000,1,B,NZ1 Index,F,0,0.00015,822.6075,5484050.0,5484.8726075
NZ1 Index_20110711_00561705,2011-07-11,5617.05,1000,-1,S,NZ1 Index,F,0,0.00015,842.5575,5617050.0,5616.2074425
NZ1 Index_20110719_00562430,2011-07-19,5624.3,1000,1,B,NZ1 Index,F,0,0.00015,843.645,5624300.0,5625.143645000001
NZ1 Index_20110720_00556955,2011-07-20,5569.55,1000,-1,S,NZ1 Index,F,0,0.00015,835.4325,5569550.0,5568.7145675
NZ1 Index_20110722_00564555,2011-07-22,5645.55,1000,1,B,NZ1 Index,F,0,0.00015,846.8325,5645550.0,5646.3968325000005
NZ1 Index_20110726_00557435,2011-07-26,5574.35,1000,-1,S,NZ1 Index,F,0,0.00015,836.1525,5574350.0,5573.5138475
NZ1 Index_20110829_00493314,2011-08-29,4933.15,1000,1,B,NZ1 Index,F,0,0.00015,739.9725,4933150.0,4933.8899725
NZ1 Index_20110912_00494245,2011-09-12,4942.45,1000,-1,S,NZ1 Index,F,0,0.00015,741.3675,4942450.0,4941.7086325
NZ1 Index_20110915_00508120,2011-09-15,5081.2,1000,1,B,NZ1 Index,F,0,0.00015,762.18,5081200.0,5081.96218
NZ1 Index_20110919_00503714,2011-09-19,5037.15,1000,-1,S,NZ1 Index,F,0,0.00015,755.5724999999999,5037150.0,5036.394427499999
NZ1 Index_20110920_00515670,2011-09-20,5156.7,1000,1,B,NZ1 Index,F,0,0.00015,773.505,5156700.0,5157.473505
NZ1 Index_20110922_00491389,2011-09-22,4913.9,1000,-1,S,NZ1 Index,F,0,0.00015,737.0849999999999,4913900.0,4913.162915
NZ1 Index_20110929_00501545,2011-09-29,5015.45,1000,1,B,NZ1 Index,F,0,0.00015,752.3175,5015450.0,5016.2023175
NZ1 Index_20110930_00493430,2011-09-30,4934.3,1000,-1,S,NZ1 Index,F,0,0.00015,740.145,4934300.0,4933.559855
NZ1 Index_20111007_00489860,2011-10-07,4898.6,1000,1,B,NZ1 Index,F,0,0.00015,734.7900000000001,4898600.0,4899.334790000001
NZ1 Index_20111021_00505400,2011-10-21,5054.0,1000,-1,S,NZ1 Index,F,0,0.00015,758.1,5054000.0,5053.2419
NZ1 Index_20111024_00510580,2011-10-24,5105.8,1000,1,B,NZ1 Index,F,0,0.00015,765.87,5105800.0,5106.56587
NZ1 Index_20111109_00523710,2011-11-09,5237.1,1000,-1,S,NZ1 Index,F,0,0.00015,785.565,5237100.0,5236.314435
NZ1 Index_20111128_00487030,2011-11-28,4870.3,1000,1,B,NZ1 Index,F,0,0.00015,730.545,4870300.0,4871.0305450000005
NZ1 Index_20111129_00481675,2011-11-29,4816.75,1000,-1,S,NZ1 Index,F,0,0.00015,722.5124999999999,4816750.0,4816.0274875000005
NZ1 Index_20111130_00483235,2011-11-30,4832.35,1000,1,B,NZ1 Index,F,0,0.00015,724.8525000000001,4832350.0,4833.074852500001
NZ1 Index_20111209_00488589,2011-12-09,4885.9,1000,-1,S,NZ1 Index,F,0,0.00015,732.8849999999999,4885900.0,4885.167114999999
NZ1 Index_20111222_00474889,2011-12-22,4748.9,1000,1,B,NZ1 Index,F,0,0.00015,712.3349999999999,4748900.0,4749.612335
NZ1 Index_20111229_00464625,2011-12-29,4646.25,1000,-1,S,NZ1 Index,F,0,0.00015,696.9375,4646250.0,4645.5530625
NZ1 Index_20120103_00478320,2012-01-03,4783.2,1000,1,B,NZ1 Index,F,0,0.00015,717.4799999999999,4783200.0,4783.91748
NZ1 Index_20120223_00548330,2012-02-23,5483.3,1000,-1,S,NZ1 Index,F,0,0.00015,822.495,5483300.0,5482.477505
NZ1 Index_20120309_00536415,2012-03-09,5364.15,1000,1,B,NZ1 Index,F,0,0.00015,804.6225,5364150.0,5364.9546225
NZ1 Index_20120316_00534270,2012-03-16,5342.7,1000,-1,S,NZ1 Index,F,0,0.00015,801.405,5342700.0,5341.898595
NZ1 Index_20120321_00539450,2012-03-21,5394.5,1000,1,B,NZ1 Index,F,0,0.00015,809.175,5394500.0,5395.309175
NZ1 Index_20120322_00524005,2012-03-22,5240.05,1000,-1,S,NZ1 Index,F,0,0.00015,786.0075,5240050.0,5239.2639925
NZ1 Index_20120330_00533325,2012-03-30,5333.25,1000,1,B,NZ1 Index,F,0,0.00015,799.9875,5333250.0,5334.0499875000005
NZ1 Index_20120409_00525300,2012-04-09,5253.0,1000,-1,S,NZ1 Index,F,0,0.00015,787.9499999999999,5253000.0,5252.21205
NZ1 Index_20120412_00529065,2012-04-12,5290.65,1000,1,B,NZ1 Index,F,0,0.00015,793.5975,5290650.0,5291.443597500001
NZ1 Index_20120413_00522110,2012-04-13,5221.1,1000,-1,S,NZ1 Index,F,0,0.00015,783.1650000000001,5221100.0,5220.3168350000005
NZ1 Index_20120417_00531960,2012-04-17,5319.6,1000,1,B,NZ1 Index,F,0,0.00015,797.94,5319600.0,5320.397940000001
NZ1 Index_20120423_00519860,2012-04-23,5198.6,1000,-1,S,NZ1 Index,F,0,0.00015,779.7900000000001,5198600.0,5197.820210000001
NZ1 Index_20120430_00526785,2012-04-30,5267.85,1000,1,B,NZ1 Index,F,0,0.00015,790.1775,5267850.0,5268.640177500001
NZ1 Index_20120503_00519980,2012-05-03,5199.8,1000,-1,S,NZ1 Index,F,0,0.00015,779.97,5199800.0,5199.020030000001
NZ1 Index_20120524_00491310,2012-05-24,4913.1,1000,1,B,NZ1 Index,F,0,0.00015,736.965,4913100.0,4913.836965
NZ1 Index_20120601_00482455,2012-06-01,4824.55,1000,-1,S,NZ1 Index,F,0,0.00015,723.6825,4824550.0,4823.8263175
NZ1 Index_20120606_00497860,2012-06-06,4978.6,1000,1,B,NZ1 Index,F,0,0.00015,746.7900000000001,4978600.0,4979.3467900000005
NZ1 Index_20120625_00510930,2012-06-25,5109.3,1000,-1,S,NZ1 Index,F,0,0.00015,766.395,5109300.0,5108.5336050000005
NZ1 Index_20120626_00512570,2012-06-26,5125.7,1000,1,B,NZ1 Index,F,0,0.00015,768.8549999999999,5125700.0,5126.468855
NZ1 Index_20120712_00525140,2012-07-12,5251.4,1000,-1,S,NZ1 Index,F,0,0.00015,787.7099999999999,5251400.0,5250.61229
NZ1 Index_20120730_00521670,2012-07-30,5216.7,1000,1,B,NZ1 Index,F,0,0.00015,782.505,5216700.0,5217.482505
NZ1 Index_20120827_00536240,2012-08-27,5362.4,1000,-1,S,NZ1 Index,F,0,0.00015,804.3599999999999,5362400.0,5361.59564
NZ1 Index_20120907_00535910,2012-09-07,5359.1,1000,1,B,NZ1 Index,F,0,0.00015,803.865,5359100.0,5359.903865000001
NZ1 Index_20121008_00570100,2012-10-08,5701.0,1000,-1,S,NZ1 Index,F,0,0.00015,855.15,5701000.0,5700.14485
NZ1 Index_20121011_00573935,2012-10-11,5739.35,1000,1,B,NZ1 Index,F,0,0.00015,860.9025,5739350.0,5740.210902500001
NZ1 Index_20121012_00568655,2012-10-12,5686.55,1000,-1,S,NZ1 Index,F,0,0.00015,852.9825,5686550.0,5685.697017500001
NZ1 Index_20121018_00573645,2012-10-18,5736.45,1000,1,B,NZ1 Index,F,0,0.00015,860.4675,5736450.0,5737.3104675
NZ1 Index_20121019_00568830,2012-10-19,5688.3,1000,-1,S,NZ1 Index,F,0,0.00015,853.245,5688300.0,5687.446755
NZ1 Index_20121022_00572475,2012-10-22,5724.75,1000,1,B,NZ1 Index,F,0,0.00015,858.7125,5724750.0,5725.6087125
NZ1 Index_20121023_00569550,2012-10-23,5695.5,1000,-1,S,NZ1 Index,F,0,0.00015,854.3249999999999,5695500.0,5694.645675
NZ1 Index_20121025_00570530,2012-10-25,5705.3,1000,1,B,NZ1 Index,F,0,0.00015,855.795,5705300.0,5706.155795000001
NZ1 Index_20121030_00562800,2012-10-30,5628.0,1000,-1,S,NZ1 Index,F,0,0.00015,844.1999999999999,5628000.0,5627.1558
NZ1 Index_20121102_00573955,2012-11-02,5739.55,1000,1,B,NZ1 Index,F,0,0.00015,860.9325,5739550.0,5740.410932500001
NZ1 Index_20121112_00571110,2012-11-12,5711.1,1000,-1,S,NZ1 Index,F,0,0.00015,856.6650000000001,5711100.0,5710.243335
NZ1 Index_20121126_00564275,2012-11-26,5642.75,1000,1,B,NZ1 Index,F,0,0.00015,846.4125,5642750.0,5643.596412500001
NZ1 Index_20121213_00587645,2012-12-13,5876.45,1000,-1,S,NZ1 Index,F,0,0.00015,881.4675,5876450.0,5875.5685324999995
NZ1 Index_20121218_00592890,2012-12-18,5928.9,1000,1,B,NZ1 Index,F,0,0.00015,889.3349999999999,5928900.0,5929.789335
NZ1 Index_20121221_00585340,2012-12-21,5853.4,1000,-1,S,NZ1 Index,F,0,0.00015,878.0099999999999,5853400.0,5852.52199
NZ1 Index_20121226_00591375,2012-12-26,5913.75,1000,1,B,NZ1 Index,F,0,0.00015,887.0625,5913750.0,5914.637062500001
NZ1 Index_20121227_00587010,2012-12-27,5870.1,1000,-1,S,NZ1 Index,F,0,0.00015,880.515,5870100.0,5869.2194850000005
NZ1 Index_20121228_00595455,2012-12-28,5954.55,1000,1,B,NZ1 Index,F,0,0.00015,893.1825,5954550.0,5955.443182500001
NZ1 Index_20130110_00600360,2013-01-10,6003.6,1000,-1,S,NZ1 Index,F,0,0.00015,900.5400000000001,6003600.0,6002.699460000001
NZ1 Index_20130114_00605750,2013-01-14,6057.5,1000,1,B,NZ1 Index,F,0,0.00015,908.625,6057500.0,6058.408625000001
NZ1 Index_20130116_00601925,2013-01-16,6019.25,1000,-1,S,NZ1 Index,F,0,0.00015,902.8874999999999,6019250.0,6018.347112500001
NZ1 Index_20130117_00605445,2013-01-17,6054.45,1000,1,B,NZ1 Index,F,0,0.00015,908.1674999999999,6054450.0,6055.3581675000005
NZ1 Index_20130124_00601975,2013-01-24,6019.75,1000,-1,S,NZ1 Index,F,0,0.00015,902.9625,6019750.0,6018.8470375
NZ1 Index_20130125_00607370,2013-01-25,6073.7,1000,1,B,NZ1 Index,F,0,0.00015,911.055,6073700.0,6074.611055
NZ1 Index_20130129_00604940,2013-01-29,6049.4,1000,-1,S,NZ1 Index,F,0,0.00015,907.41,6049400.0,6048.49259
NZ1 Index_20130219_00595340,2013-02-19,5953.4,1000,1,B,NZ1 Index,F,0,0.00015,893.0099999999999,5953400.0,5954.29301
NZ1 Index_20130221_00585345,2013-02-21,5853.45,1000,-1,S,NZ1 Index,F,0,0.00015,878.0174999999999,5853450.0,5852.5719825
NZ1 Index_20130306_00584135,2013-03-06,5841.35,1000,1,B,NZ1 Index,F,0,0.00015,876.2025,5841350.0,5842.226202500001
NZ1 Index_20130318_00585140,2013-03-18,5851.4,1000,-1,S,NZ1 Index,F,0,0.00015,877.7099999999999,5851400.0,5850.52229
NZ1 Index_20130401_00572655,2013-04-01,5726.55,1000,1,B,NZ1 Index,F,0,0.00015,858.9825,5726550.0,5727.408982500001
NZ1 Index_20130403_00568810,2013-04-03,5688.1,1000,-1,S,NZ1 Index,F,0,0.00015,853.215,5688100.0,5687.246785
NZ1 Index_20130416_00569635,2013-04-16,5696.35,1000,1,B,NZ1 Index,F,0,0.00015,854.4525,5696350.0,5697.204452500001
NZ1 Index_20130513_00599445,2013-05-13,5994.45,1000,-1,S,NZ1 Index,F,0,0.00015,899.1674999999999,5994450.0,5993.5508325
NZ1 Index_20130515_00616150,2013-05-15,6161.5,1000,1,B,NZ1 Index,F,0,0.00015,924.2249999999999,6161500.0,6162.424225000001
NZ1 Index_20130522_00610405,2013-05-22,6104.05,1000,-1,S,NZ1 Index,F,0,0.00015,915.6075,6104050.0,6103.1343925
NZ1 Index_20130528_00610940,2013-05-28,6109.4,1000,1,B,NZ1 Index,F,0,0.00015,916.41,6109400.0,6110.31641
NZ1 Index_20130529_00609025,2013-05-29,6090.25,1000,-1,S,NZ1 Index,F,0,0.00015,913.5375,6090250.0,6089.3364625
NZ1 Index_20130530_00612405,2013-05-30,6124.05,1000,1,B,NZ1 Index,F,0,0.00015,918.6075,6124050.0,6124.968607500001
NZ1 Index_20130531_00600005,2013-05-31,6000.05,1000,-1,S,NZ1 Index,F,0,0.00015,900.0075,6000050.0,5999.149992500001
NZ1 Index_20130628_00584145,2013-06-28,5841.45,1000,1,B,NZ1 Index,F,0,0.00015,876.2175,5841450.0,5842.3262175
NZ1 Index_20130710_00582205,2013-07-10,5822.05,1000,-1,S,NZ1 Index,F,0,0.00015,873.3075,5822050.0,5821.1766925
NZ1 Index_20130711_00594135,2013-07-11,5941.35,1000,1,B,NZ1 Index,F,0,0.00015,891.2025,5941350.0,5942.241202500001
NZ1 Index_20130724_00600270,2013-07-24,6002.7,1000,-1,S,NZ1 Index,F,0,0.00015,900.405,6002700.0,6001.7995949999995
NZ1 Index_20130813_00571135,2013-08-13,5711.35,1000,1,B,NZ1 Index,F,0,0.00015,856.7025,5711350.0,5712.206702500001
NZ1 Index_20130816_00550500,2013-08-16,5505.0,1000,-1,S,NZ1 Index,F,0,0.00015,825.75,5505000.0,5504.17425
NZ1 Index_20130829_00540905,2013-08-29,5409.05,1000,1,B,NZ1 Index,F,0,0.00015,811.3575,5409050.0,5409.861357500001
NZ1 Index_20130903_00534455,2013-09-03,5344.55,1000,-1,S,NZ1 Index,F,0,0.00015,801.6825,5344550.0,5343.748317500001
NZ1 Index_20130904_00545805,2013-09-04,5458.05,1000,1,B,NZ1 Index,F,0,0.00015,818.7075,5458050.0,5458.868707500001
NZ1 Index_20130923_00591440,2013-09-23,5914.4,1000,-1,S,NZ1 Index,F,0,0.00015,887.16,5914400.0,5913.512839999999
NZ1 Index_20131003_00596680,2013-10-03,5966.8,1000,1,B,NZ1 Index,F,0,0.00015,895.02,5966800.0,5967.695020000001
NZ1 Index_20131025_00615155,2013-10-25,6151.55,1000,-1,S,NZ1 Index,F,0,0.00015,922.7325,6151550.0,6150.6272675
NZ1 Index_20131029_00622895,2013-10-29,6228.95,1000,1,B,NZ1 Index,F,0,0.00015,934.3425,6228950.0,6229.8843425000005
NZ1 Index_20131107_00622730,2013-11-07,6227.3,1000,-1,S,NZ1 Index,F,0,0.00015,934.095,6227300.0,6226.365905000001
NZ1 Index_20131118_00621705,2013-11-18,6217.05,1000,1,B,NZ1 Index,F,0,0.00015,932.5575,6217050.0,6217.9825575
NZ1 Index_20131120_00614905,2013-11-20,6149.05,1000,-1,S,NZ1 Index,F,0,0.00015,922.3575,6149050.0,6148.127642500001
NZ1 Index_20131125_00613390,2013-11-25,6133.9,1000,1,B,NZ1 Index,F,0,0.00015,920.0849999999999,6133900.0,6134.820085
NZ1 Index_20131126_00607195,2013-11-26,6071.95,1000,-1,S,NZ1 Index,F,0,0.00015,910.7924999999999,6071950.0,6071.0392075
NZ1 Index_20131129_00622550,2013-11-29,6225.5,1000,1,B,NZ1 Index,F,0,0.00015,933.8249999999999,6225500.0,6226.433825000001
NZ1 Index_20131212_00626495,2013-12-12,6264.95,1000,-1,S,NZ1 Index,F,0,0.00015,939.7425,6264950.0,6264.0102575
NZ1 Index_20131220_00629235,2013-12-20,6292.35,1000,1,B,NZ1 Index,F,0,0.00015,943.8525,6292350.0,6293.293852500001
NZ1 Index_20140102_00625775,2014-01-02,6257.75,1000,-1,S,NZ1 Index,F,0,0.00015,938.6624999999999,6257750.0,6256.8113375
NZ1 Index_20140113_00628530,2014-01-13,6285.3,1000,1,B,NZ1 Index,F,0,0.00015,942.795,6285300.0,6286.242795000001
NZ1 Index_20140124_00627615,2014-01-24,6276.15,1000,-1,S,NZ1 Index,F,0,0.00015,941.4224999999999,6276150.0,6275.2085775
NZ1 Index_20140211_00607275,2014-02-11,6072.75,1000,1,B,NZ1 Index,F,0,0.00015,910.9125,6072750.0,6073.6609125
NZ1 Index_20140213_00600545,2014-02-13,6005.45,1000,-1,S,NZ1 Index,F,0,0.00015,900.8175,6005450.0,6004.5491825
NZ1 Index_20140214_00605800,2014-02-14,6058.0,1000,1,B,NZ1 Index,F,0,0.00015,908.6999999999999,6058000.0,6058.908700000001
NZ1 Index_20140320_00650255,2014-03-20,6502.55,1000,-1,S,NZ1 Index,F,0,0.00015,975.3824999999999,6502550.0,6501.5746175
NZ1 Index_20140324_00659885,2014-03-24,6598.85,1000,1,B,NZ1 Index,F,0,0.00015,989.8275,6598850.0,6599.839827500001
NZ1 Index_20140415_00675395,2014-04-15,6753.95,1000,-1,S,NZ1 Index,F,0,0.00015,1013.0925,6753950.0,6752.9369074999995
NZ1 Index_20140417_00679995,2014-04-17,6799.95,1000,1,B,NZ1 Index,F,0,0.00015,1019.9925,6799950.0,6800.9699925
NZ1 Index_20140429_00676030,2014-04-29,6760.3,1000,-1,S,NZ1 Index,F,0,0.00015,1014.045,6760300.0,6759.285955
NZ1 Index_20140509_00688740,2014-05-09,6887.4,1000,1,B,NZ1 Index,F,0,0.00015,1033.11,6887400.0,6888.43311
NZ1 Index_20140530_00723365,2014-05-30,7233.65,1000,-1,S,NZ1 Index,F,0,0.00015,1085.0475,7233650.0,7232.5649525
NZ1 Index_20140602_00737095,2014-06-02,7370.95,1000,1,B,NZ1 Index,F,0,0.00015,1105.6425,7370950.0,7372.0556425
NZ1 Index_20140616_00755920,2014-06-16,7559.2,1000,-1,S,NZ1 Index,F,0,0.00015,1133.8799999999999,7559200.0,7558.0661199999995
NZ1 Index_20140617_00765740,2014-06-17,7657.4,1000,1,B,NZ1 Index,F,0,0.00015,1148.61,7657400.0,7658.548610000001
NZ1 Index_20140618_00756940,2014-06-18,7569.4,1000,-1,S,NZ1 Index,F,0,0.00015,1135.4099999999999,7569400.0,7568.26459
NZ1 Index_20140624_00759555,2014-06-24,7595.55,1000,1,B,NZ1 Index,F,0,0.00015,1139.3325,7595550.0,7596.689332500001
NZ1 Index_20140625_00757490,2014-06-25,7574.9,1000,-1,S,NZ1 Index,F,0,0.00015,1136.235,7574900.0,7573.763765
NZ1 Index_20140630_00763435,2014-06-30,7634.35,1000,1,B,NZ1 Index,F,0,0.00015,1145.1525,7634350.0,7635.4951525000015
NZ1 Index_20140708_00764875,2014-07-08,7648.75,1000,-1,S,NZ1 Index,F,0,0.00015,1147.3125,7648750.0,7647.6026875
NZ1 Index_20140716_00764305,2014-07-16,7643.05,1000,1,B,NZ1 Index,F,0,0.00015,1146.4575,7643050.0,7644.196457500001
NZ1 Index_20140801_00762260,2014-08-01,7622.6,1000,-1,S,NZ1 Index,F,0,0.00015,1143.39,7622600.0,7621.45661
NZ1 Index_20140805_00777285,2014-08-05,7772.85,1000,1,B,NZ1 Index,F,0,0.00015,1165.9275,7772850.0,7774.015927500001
NZ1 Index_20140806_00769145,2014-08-06,7691.45,1000,-1,S,NZ1 Index,F,0,0.00015,1153.7175,7691450.0,7690.2962824999995
NZ1 Index_20140812_00774825,2014-08-12,7748.25,1000,1,B,NZ1 Index,F,0,0.00015,1162.2375,7748250.0,7749.412237500001
NZ1 Index_20140915_00806255,2014-09-15,8062.55,1000,-1,S,NZ1 Index,F,0,0.00015,1209.3825,8062550.0,8061.3406175
NZ1 Index_20140918_00813670,2014-09-18,8136.7,1000,1,B,NZ1 Index,F,0,0.00015,1220.5049999999999,8136700.0,8137.920505000001
NZ1 Index_20140923_00803220,2014-09-23,8032.2,1000,-1,S,NZ1 Index,F,0,0.00015,1204.83,8032200.0,8030.99517
NZ1 Index_20141009_00799035,2014-10-09,7990.35,1000,1,B,NZ1 Index,F,0,0.00015,1198.5525,7990350.0,7991.548552500001
NZ1 Index_20141010_00788680,2014-10-10,7886.8,1000,-1,S,NZ1 Index,F,0,0.00015,1183.02,7886800.0,7885.616980000001
NZ1 Index_20141020_00789725,2014-10-20,7897.25,1000,1,B,NZ1 Index,F,0,0.00015,1184.5874999999999,7897250.0,7898.434587500001
NZ1 Index_20141208_00848975,2014-12-08,8489.75,1000,-1,S,NZ1 Index,F,0,0.00015,1273.4624999999999,8489750.0,8488.4765375
NZ1 Index_20141222_00833420,2014-12-22,8334.2,1000,1,B,NZ1 Index,F,0,0.00015,1250.13,8334200.000000001,8335.450130000001
NZ1 Index_20141224_00817410,2014-12-24,8174.1,1000,-1,S,NZ1 Index,F,0,0.00015,1226.115,8174100.0,8172.873885000001
NZ1 Index_20141226_00827375,2014-12-26,8273.75,1000,1,B,NZ1 Index,F,0,0.00015,1241.0625,8273750.0,8274.991062500001
NZ1 Index_20150106_00815790,2015-01-06,8157.9,1000,-1,S,NZ1 Index,F,0,0.00015,1223.685,8157900.0,8156.676315
NZ1 Index_20150109_00831550,2015-01-09,8315.5,1000,1,B,NZ1 Index,F,0,0.00015,1247.325,8315500.0,8316.747325
NZ1 Index_20150114_00830735,2015-01-14,8307.35,1000,-1,S,NZ1 Index,F,0,0.00015,1246.1025,8307350.0,8306.103897500001
NZ1 Index_20150115_00851504,2015-01-15,8515.05,1000,1,B,NZ1 Index,F,0,0.00015,1277.2575,8515050.0,8516.3272575
NZ1 Index_20150203_00880990,2015-02-03,8809.9,1000,-1,S,NZ1 Index,F,0,0.00015,1321.485,8809900.0,8808.578515
NZ1 Index_20150212_00875220,2015-02-12,8752.2,1000,1,B,NZ1 Index,F,0,0.00015,1312.8300000000002,8752200.0,8753.512830000001
NZ1 Index_20150223_00875345,2015-02-23,8753.45,1000,-1,S,NZ1 Index,F,0,0.00015,1313.0175000000002,8753450.0,8752.1369825
NZ1 Index_20150227_00888995,2015-02-27,8889.95,1000,1,B,NZ1 Index,F,0,0.00015,1333.4925,8889950.0,8891.283492500002
NZ1 Index_20150309_00878485,2015-03-09,8784.85,1000,-1,S,NZ1 Index,F,0,0.00015,1317.7275,8784850.0,8783.5322725
NZ1 Index_20150401_00863310,2015-04-01,8633.1,1000,1,B,NZ1 Index,F,0,0.00015,1294.965,8633100.0,8634.394965000001
NZ1 Index_20150416_00872615,2015-04-16,8726.15,1000,-1,S,NZ1 Index,F,0,0.00015,1308.9225,8726150.0,8724.8410775
NZ1 Index_20150504_00837225,2015-05-04,8372.25,1000,1,B,NZ1 Index,F,0,0.00015,1255.8374999999999,8372250.0,8373.5058375
NZ1 Index_20150506_00812175,2015-05-06,8121.75,1000,-1,S,NZ1 Index,F,0,0.00015,1218.2625,8121750.0,8120.5317375
NZ1 Index_20150511_00834215,2015-05-11,8342.15,1000,1,B,NZ1 Index,F,0,0.00015,1251.3225,8342150.0,8343.4013225
NZ1 Index_20150512_00813125,2015-05-12,8131.25,1000,-1,S,NZ1 Index,F,0,0.00015,1219.6875,8131250.0,8130.0303125
NZ1 Index_20150513_00825075,2015-05-13,8250.75,1000,1,B,NZ1 Index,F,0,0.00015,1237.6125,8250750.0,8251.987612500001
NZ1 Index_20150526_00833790,2015-05-26,8337.9,1000,-1,S,NZ1 Index,F,0,0.00015,1250.685,8337900.0,8336.649315
NZ1 Index_20150529_00845865,2015-05-29,8458.65,1000,1,B,NZ1 Index,F,0,0.00015,1268.7975,8458650.0,8459.9187975
NZ1 Index_20150602_00822535,2015-06-02,8225.35,1000,-1,S,NZ1 Index,F,0,0.00015,1233.8025,8225350.0,8224.116197500001
NZ1 Index_20150617_00807905,2015-06-17,8079.05,1000,1,B,NZ1 Index,F,0,0.00015,1211.8575,8079050.0,8080.261857500001
NZ1 Index_20150708_00837800,2015-07-08,8378.0,1000,-1,S,NZ1 Index,F,0,0.00015,1256.7,8378000.0,8376.7433
NZ1 Index_20150713_00848195,2015-07-13,8481.95,1000,1,B,NZ1 Index,F,0,0.00015,1272.2925,8481950.0,8483.222292500002
NZ1 Index_20150724_00853435,2015-07-24,8534.35,1000,-1,S,NZ1 Index,F,0,0.00015,1280.1525,8534350.0,8533.0698475
NZ1 Index_20150731_00856965,2015-07-31,8569.65,1000,1,B,NZ1 Index,F,0,0.00015,1285.4475,8569650.0,8570.9354475
NZ1 Index_20150811_00849079,2015-08-11,8490.8,1000,-1,S,NZ1 Index,F,0,0.00015,1273.62,8490800.0,8489.52638
NZ1 Index_20150814_00854270,2015-08-14,8542.7,1000,1,B,NZ1 Index,F,0,0.00015,1281.405,8542700.0,8543.981405000002
NZ1 Index_20150817_00848804,2015-08-17,8488.05,1000,-1,S,NZ1 Index,F,0,0.00015,1273.2074999999998,8488050.0,8486.776792499999
NZ1 Index_20150819_00850540,2015-08-19,8505.4,1000,1,B,NZ1 Index,F,0,0.00015,1275.81,8505400.0,8506.67581
NZ1 Index_20150820_00838004,2015-08-20,8380.05,1000,-1,S,NZ1 Index,F,0,0.00015,1257.0075,8380049.999999999,8378.792992499999
NZ1 Index_20150909_00782670,2015-09-09,7826.7,1000,1,B,NZ1 Index,F,0,0.00015,1174.0049999999999,7826700.0,7827.874005000001
NZ1 Index_20150922_00779710,2015-09-22,7797.1,1000,-1,S,NZ1 Index,F,0,0.00015,1169.565,7797100.0,7795.930435
NZ1 Index_20150924_00786850,2015-09-24,7868.5,1000,1,B,NZ1 Index,F,0,0.00015,1180.2749999999999,7868500.0,7869.680275000001
NZ1 Index_20150928_00782550,2015-09-28,7825.5,1000,-1,S,NZ1 Index,F,0,0.00015,1173.825,7825500.0,7824.326175
NZ1 Index_20150930_00798035,2015-09-30,7980.35,1000,1,B,NZ1 Index,F,0,0.00015,1197.0525,7980350.0,7981.547052500001
NZ1 Index_20151014_00812140,2015-10-14,8121.4,1000,-1,S,NZ1 Index,F,0,0.00015,1218.2099999999998,8121400.0,8120.18179
NZ1 Index_20151015_00818700,2015-10-15,8187.0,1000,1,B,NZ1 Index,F,0,0.00015,1228.05,8187000.0,8188.228050000001
NZ1 Index_20151028_00817360,2015-10-28,8173.6,1000,-1,S,NZ1 Index,F,0,0.00015,1226.04,8173600.0,8172.373960000001
NZ1 Index_20151119_00785835,2015-11-19,7858.35,1000,1,B,NZ1 Index,F,0,0.00015,1178.7525,7858350.0,7859.528752500001
NZ1 Index_20151203_00789080,2015-12-03,7890.8,1000,-1,S,NZ1 Index,F,0,0.00015,1183.62,7890800.0,7889.61638
NZ1 Index_20151216_00775820,2015-12-16,7758.2,1000,1,B,NZ1 Index,F,0,0.00015,1163.73,7758200.0,7759.363730000001
NZ1 Index_20160104_00780980,2016-01-04,7809.8,1000,-1,S,NZ1 Index,F,0,0.00015,1171.47,7809800.0,7808.62853
NZ1 Index_20160127_00743340,2016-01-27,7433.4,1000,1,B,NZ1 Index,F,0,0.00015,1115.01,7433400.0,7434.51501
NZ1 Index_20160203_00738350,2016-02-03,7383.5,1000,-1,S,NZ1 Index,F,0,0.00015,1107.5249999999999,7383500.0,7382.392475000001
NZ1 Index_20160205_00751920,2016-02-05,7519.2,1000,1,B,NZ1 Index,F,0,0.00015,1127.8799999999999,7519200.0,7520.327880000001
NZ1 Index_20160208_00739345,2016-02-08,7393.45,1000,-1,S,NZ1 Index,F,0,0.00015,1109.0175,7393450.0,7392.3409825
NZ1 Index_20160219_00721245,2016-02-19,7212.45,1000,1,B,NZ1 Index,F,0,0.00015,1081.8674999999998,7212450.0,7213.531867500001
NZ1 Index_20160223_00711310,2016-02-23,7113.1,1000,-1,S,NZ1 Index,F,0,0.00015,1066.965,7113100.0,7112.033035
NZ1 Index_20160301_00722905,2016-03-01,7229.05,1000,1,B,NZ1 Index,F,0,0.00015,1084.3575,7229050.0,7230.134357500001
NZ1 Index_20160405_00762350,2016-04-05,7623.5,1000,-1,S,NZ1 Index,F,0,0.00015,1143.5249999999999,7623500.0,7622.3564750000005
NZ1 Index_20160411_00770210,2016-04-11,7702.1,1000,1,B,NZ1 Index,F,0,0.00015,1155.315,7702100.0,7703.255315000001
NZ1 Index_20160428_00784725,2016-04-28,7847.25,1000,-1,S,NZ1 Index,F,0,0.00015,1177.0874999999999,7847250.0,7846.0729125
NZ1 Index_20160509_00790430,2016-05-09,7904.3,1000,1,B,NZ1 Index,F,0,0.00015,1185.645,7904300.0,7905.485645000001
NZ1 Index_20160513_00783055,2016-05-13,7830.55,1000,-1,S,NZ1 Index,F,0,0.00015,1174.5825,7830550.0,7829.3754175
NZ1 Index_20160516_00788720,2016-05-16,7887.2,1000,1,B,NZ1 Index,F,0,0.00015,1183.08,7887200.0,7888.3830800000005
NZ1 Index_20160519_00778510,2016-05-19,7785.1,1000,-1,S,NZ1 Index,F,0,0.00015,1167.765,7785100.0,7783.932235
NZ1 Index_20160525_00794300,2016-05-25,7943.0,1000,1,B,NZ1 Index,F,0,0.00015,1191.45,7943000.0,7944.191450000001
NZ1 Index_20160610_00819040,2016-06-10,8190.4,1000,-1,S,NZ1 Index,F,0,0.00015,1228.56,8190400.0,8189.17144
NZ1 Index_20160615_00822135,2016-06-15,8221.35,1000,1,B,NZ1 Index,F,0,0.00015,1233.2025,8221350.0,8222.583202500002
NZ1 Index_20160616_00815875,2016-06-16,8158.75,1000,-1,S,NZ1 Index,F,0,0.00015,1223.8125,8158750.0,8157.526187500001
NZ1 Index_20160620_00825190,2016-06-20,8251.9,1000,1,B,NZ1 Index,F,0,0.00015,1237.7849999999999,8251900.0,8253.137785
NZ1 Index_20160624_00808690,2016-06-24,8086.9,1000,-1,S,NZ1 Index,F,0,0.00015,1213.0349999999999,8086900.0,8085.686965
NZ1 Index_20160629_00820450,2016-06-29,8204.5,1000,1,B,NZ1 Index,F,0,0.00015,1230.675,8204500.0,8205.730675
NZ1 Index_20160803_00858254,2016-08-03,8582.55,1000,-1,S,NZ1 Index,F,0,0.00015,1287.3825,8582550.0,8581.262617499999
NZ1 Index_20160805_00870820,2016-08-05,8708.2,1000,1,B,NZ1 Index,F,0,0.00015,1306.23,8708200.0,8709.50623
NZ1 Index_20160810_00859804,2016-08-10,8598.05,1000,-1,S,NZ1 Index,F,0,0.00015,1289.7074999999998,8598050.0,8596.7602925
NZ1 Index_20160812_00867840,2016-08-12,8678.4,1000,1,B,NZ1 Index,F,0,0.00015,1301.76,8678400.0,8679.70176
NZ1 Index_20160817_00863140,2016-08-17,8631.4,1000,-1,S,NZ1 Index,F,0,0.00015,1294.7099999999998,8631400.0,8630.10529
NZ1 Index_20160818_00868510,2016-08-18,8685.1,1000,1,B,NZ1 Index,F,0,0.00015,1302.765,8685100.0,8686.402765
NZ1 Index_20160822_00863320,2016-08-22,8633.2,1000,-1,S,NZ1 Index,F,0,0.00015,1294.98,8633200.0,8631.90502
NZ1 Index_20160824_00865465,2016-08-24,8654.65,1000,1,B,NZ1 Index,F,0,0.00015,1298.1975,8654650.0,8655.9481975
NZ1 Index_20160825_00859220,2016-08-25,8592.2,1000,-1,S,NZ1 Index,F,0,0.00015,1288.8300000000002,8592200.0,8590.911170000001
NZ1 Index_20160829_00864975,2016-08-29,8649.75,1000,1,B,NZ1 Index,F,0,0.00015,1297.4624999999999,8649750.0,8651.0474625
NZ1 Index_20160912_00874235,2016-09-12,8742.35,1000,-1,S,NZ1 Index,F,0,0.00015,1311.3525,8742350.0,8741.038647500001
NZ1 Index_20160922_00888445,2016-09-22,8884.45,1000,1,B,NZ1 Index,F,0,0.00015,1332.6675,8884450.0,8885.782667500001
NZ1 Index_20160926_00873515,2016-09-26,8735.15,1000,-1,S,NZ1 Index,F,0,0.00015,1310.2724999999998,8735150.0,8733.8397275
NZ1 Index_20161003_00877910,2016-10-03,8779.1,1000,1,B,NZ1 Index,F,0,0.00015,1316.865,8779100.0,8780.416865000001
NZ1 Index_20161006_00873135,2016-10-06,8731.35,1000,-1,S,NZ1 Index,F,0,0.00015,1309.7025,8731350.0,8730.0402975
NZ1 Index_20161010_00873995,2016-10-10,8739.95,1000,1,B,NZ1 Index,F,0,0.00015,1310.9925,8739950.0,8741.260992500002
NZ1 Index_20161013_00858045,2016-10-13,8580.45,1000,-1,S,NZ1 Index,F,0,0.00015,1287.0675,8580450.0,8579.162932500001
NZ1 Index_20161020_00870515,2016-10-20,8705.15,1000,1,B,NZ1 Index,F,0,0.00015,1305.7724999999998,8705150.0,8706.455772500001
NZ1 Index_20161026_00861675,2016-10-26,8616.75,1000,-1,S,NZ1 Index,F,0,0.00015,1292.5125,8616750.0,8615.4574875
NZ1 Index_20161028_00866740,2016-10-28,8667.4,1000,1,B,NZ1 Index,F,0,0.00015,1300.11,8667400.0,8668.70011
NZ1 Index_20161030_00862920,2016-10-30,8629.2,1000,-1,S,NZ1 Index,F,0,0.00015,1294.38,8629200.0,8627.905620000001
NZ1 Index_20161125_00812635,2016-11-25,8126.35,1000,1,B,NZ1 Index,F,0,0.00015,1218.9525,8126350.0,8127.568952500001
NZ1 Index_20161207_00812335,2016-12-07,8123.35,1000,-1,S,NZ1 Index,F,0,0.00015,1218.5025,8123350.0,8122.1314975000005
NZ1 Index_20161208_00825565,2016-12-08,8255.65,1000,1,B,NZ1 Index,F,0,0.00015,1238.3474999999999,8255650.0,8256.8883475
NZ1 Index_20161212_00818340,2016-12-12,8183.4,1000,-1,S,NZ1 Index,F,0,0.00015,1227.51,8183400.0,8182.17249
NZ1 Index_20161213_00822745,2016-12-13,8227.45,1000,1,B,NZ1 Index,F,0,0.00015,1234.1175,8227450.000000001,8228.6841175
NZ1 Index_20161215_00817305,2016-12-15,8173.05,1000,-1,S,NZ1 Index,F,0,0.00015,1225.9575,8173050.0,8171.8240425
NZ1 Index_20161229_00810360,2016-12-29,8103.6,1000,1,B,NZ1 Index,F,0,0.00015,1215.54,8103600.0,8104.815540000001
NZ1 Index_20170120_00836265,2017-01-20,8362.65,1000,-1,S,NZ1 Index,F,0,0.00015,1254.3974999999998,8362650.0,8361.3956025
NZ1 Index_20170123_00840240,2017-01-23,8402.4,1000,1,B,NZ1 Index,F,0,0.00015,1260.36,8402400.0,8403.66036
NZ1 Index_20170215_00874310,2017-02-15,8743.1,1000,-1,S,NZ1 Index,F,0,0.00015,1311.465,8743100.0,8741.788535
NZ1 Index_20170217_00882700,2017-02-17,8827.0,1000,1,B,NZ1 Index,F,0,0.00015,1324.05,8827000.0,8828.324050000001
NZ1 Index_20170322_00905040,2017-03-22,9050.4,1000,-1,S,NZ1 Index,F,0,0.00015,1357.56,9050400.0,9049.04244
NZ1 Index_20170323_00910765,2017-03-23,9107.65,1000,1,B,NZ1 Index,F,0,0.00015,1366.1474999999998,9107650.0,9109.0161475
NZ1 Index_20170327_00906795,2017-03-27,9067.95,1000,-1,S,NZ1 Index,F,0,0.00015,1360.1925,9067950.0,9066.5898075
NZ1 Index_20170329_00914285,2017-03-29,9142.85,1000,1,B,NZ1 Index,F,0,0.00015,1371.4275,9142850.0,9144.2214275
NZ1 Index_20170412_00922320,2017-04-12,9223.2,1000,-1,S,NZ1 Index,F,0,0.00015,1383.48,9223200.0,9221.81652
NZ1 Index_20170424_00922445,2017-04-24,9224.45,1000,1,B,NZ1 Index,F,0,0.00015,1383.6675,9224450.0,9225.833667500001
NZ1 Index_20170522_00944365,2017-05-22,9443.65,1000,-1,S,NZ1 Index,F,0,0.00015,1416.5475,9443650.0,9442.2334525
NZ1 Index_20170525_00950975,2017-05-25,9509.75,1000,1,B,NZ1 Index,F,0,0.00015,1426.4624999999999,9509750.0,9511.176462500001
NZ1 Index_20170612_00962015,2017-06-12,9620.15,1000,-1,S,NZ1 Index,F,0,0.00015,1443.0224999999998,9620150.0,9618.7069775
NZ1 Index_20170619_00967525,2017-06-19,9675.25,1000,1,B,NZ1 Index,F,0,0.00015,1451.2875,9675250.0,9676.7012875
NZ1 Index_20170622_00963310,2017-06-22,9633.1,1000,-1,S,NZ1 Index,F,0,0.00015,1444.965,9633100.0,9631.655035
NZ1 Index_20170703_00962179,2017-07-03,9621.8,1000,1,B,NZ1 Index,F,0,0.00015,1443.2699999999998,9621800.0,9623.24327
NZ1 Index_20170808_00999945,2017-08-08,9999.45,1000,-1,S,NZ1 Index,F,0,0.00015,1499.9175,9999450.0,9997.950082500001
NZ1 Index_20170823_00986229,2017-08-23,9862.3,1000,1,B,NZ1 Index,F,0,0.00015,1479.3449999999998,9862300.0,9863.779345
NZ1 Index_20170829_00979900,2017-08-29,9799.0,1000,-1,S,NZ1 Index,F,0,0.00015,1469.85,9799000.0,9797.53015
NZ1 Index_20170830_00988360,2017-08-30,9883.6,1000,1,B,NZ1 Index,F,0,0.00015,1482.54,9883600.0,9885.082540000001
NZ1 Index_20170922_00998295,2017-09-22,9982.95,1000,-1,S,NZ1 Index,F,0,0.00015,1497.4425,9982950.0,9981.4525575
NZ1 Index_20171004_00993045,2017-10-04,9930.45,1000,1,B,NZ1 Index,F,0,0.00015,1489.5675,9930450.0,9931.939567500001
NZ1 Index_20171108_01035490,2017-11-08,10354.9,1000,-1,S,NZ1 Index,F,0,0.00015,1553.235,10354900.0,10353.346765
NZ1 Index_20171120_01032004,2017-11-20,10320.05,1000,1,B,NZ1 Index,F,0,0.00015,1548.0075,10320050.0,10321.5980075
NZ1 Index_20171130_01022654,2017-11-30,10226.55,1000,-1,S,NZ1 Index,F,0,0.00015,1533.9824999999998,10226550.0,10225.0160175
NZ1 Index_20171208_01029165,2017-12-08,10291.65,1000,1,B,NZ1 Index,F,0,0.00015,1543.7475,10291650.0,10293.193747500001
NZ1 Index_20180102_01047220,2018-01-02,10472.2,1000,-1,S,NZ1 Index,F,0,0.00015,1570.8300000000002,10472200.0,10470.62917
NZ1 Index_20180104_01052620,2018-01-04,10526.2,1000,1,B,NZ1 Index,F,0,0.00015,1578.93,10526200.0,10527.778930000002
NZ1 Index_20180202_01075585,2018-02-02,10755.85,1000,-1,S,NZ1 Index,F,0,0.00015,1613.3775,10755850.0,10754.2366225
NZ1 Index_20180223_01050455,2018-02-23,10504.55,1000,1,B,NZ1 Index,F,0,0.00015,1575.6825,10504550.0,10506.1256825
NZ1 Index_20180301_01045654,2018-03-01,10456.55,1000,-1,S,NZ1 Index,F,0,0.00015,1568.4824999999998,10456550.0,10454.9815175
NZ1 Index_20180312_01043279,2018-03-12,10432.8,1000,1,B,NZ1 Index,F,0,0.00015,1564.9199999999998,10432800.0,10434.36492
NZ1 Index_20180316_01023250,2018-03-16,10232.5,1000,-1,S,NZ1 Index,F,0,0.00015,1534.875,10232500.0,10230.965125
NZ1 Index_20180402_01026400,2018-04-02,10264.0,1000,1,B,NZ1 Index,F,0,0.00015,1539.6,10264000.0,10265.5396
NZ1 Index_20180404_01014660,2018-04-04,10146.6,1000,-1,S,NZ1 Index,F,0,0.00015,1521.99,10146600.0,10145.078010000001
NZ1 Index_20180405_01035220,2018-04-05,10352.2,1000,1,B,NZ1 Index,F,0,0.00015,1552.8300000000002,10352200.0,10353.752830000001
NZ1 Index_20180517_01069620,2018-05-17,10696.2,1000,-1,S,NZ1 Index,F,0,0.00015,1604.43,10696200.0,10694.595570000001
NZ1 Index_20180528_01067885,2018-05-28,10678.85,1000,1,B,NZ1 Index,F,0,0.00015,1601.8275,10678850.0,10680.451827500001
NZ1 Index_20180604_01059870,2018-06-04,10598.7,1000,-1,S,NZ1 Index,F,0,0.00015,1589.805,10598700.0,10597.110195000001
NZ1 Index_20180606_01068625,2018-06-06,10686.25,1000,1,B,NZ1 Index,F,0,0.00015,1602.9375,10686250.0,10687.852937500002
NZ1 Index_20180619_01071985,2018-06-19,10719.85,1000,-1,S,NZ1 Index,F,0,0.00015,1607.9775,10719850.0,10718.2420225
NZ1 Index_20180622_01083395,2018-06-22,10833.95,1000,1,B,NZ1 Index,F,0,0.00015,1625.0925,10833950.0,10835.575092500001
NZ1 Index_20180625_01075765,2018-06-25,10757.65,1000,-1,S,NZ1 Index,F,0,0.00015,1613.6474999999998,10757650.0,10756.0363525
NZ1 Index_20180703_01072395,2018-07-03,10723.95,1000,1,B,NZ1 Index,F,0,0.00015,1608.5925,10723950.0,10725.558592500001
NZ1 Index_20180813_01138115,2018-08-13,11381.15,1000,-1,S,NZ1 Index,F,0,0.00015,1707.1725,11381150.0,11379.4428275
NZ1 Index_20180814_01146345,2018-08-14,11463.45,1000,1,B,NZ1 Index,F,0,0.00015,1719.5175000000002,11463450.0,11465.169517500002
NZ1 Index_20180816_01141090,2018-08-16,11410.9,1000,-1,S,NZ1 Index,F,0,0.00015,1711.635,11410900.0,11409.188365
NZ1 Index_20180817_01148845,2018-08-17,11488.45,1000,1,B,NZ1 Index,F,0,0.00015,1723.2675000000002,11488450.0,11490.173267500002
NZ1 Index_20180903_01164175,2018-09-03,11641.75,1000,-1,S,NZ1 Index,F,0,0.00015,1746.2625,11641750.0,11640.003737500001
NZ1 Index_20180914_01154730,2018-09-14,11547.3,1000,1,B,NZ1 Index,F,0,0.00015,1732.0949999999998,11547300.0,11549.032095
NZ1 Index_20180917_01140770,2018-09-17,11407.7,1000,-1,S,NZ1 Index,F,0,0.00015,1711.155,11407700.0,11405.988845000002
NZ1 Index_20181016_01058985,2018-10-16,10589.85,1000,1,B,NZ1 Index,F,0,0.00015,1588.4775,10589850.0,10591.438477500002
NZ1 Index_20181019_01030320,2018-10-19,10303.2,1000,-1,S,NZ1 Index,F,0,0.00015,1545.48,10303200.0,10301.65452
NZ1 Index_20181031_01039840,2018-10-31,10398.4,1000,1,B,NZ1 Index,F,0,0.00015,1559.76,10398400.0,10399.95976
NZ1 Index_20181121_01062160,2018-11-21,10621.6,1000,-1,S,NZ1 Index,F,0,0.00015,1593.24,10621600.0,10620.00676
NZ1 Index_20181126_01063920,2018-11-26,10639.2,1000,1,B,NZ1 Index,F,0,0.00015,1595.88,10639200.0,10640.795880000001
NZ1 Index_20181206_01062630,2018-12-06,10626.3,1000,-1,S,NZ1 Index,F,0,0.00015,1593.945,10626300.0,10624.706054999999
NZ1 Index_20181212_01078365,2018-12-12,10783.65,1000,1,B,NZ1 Index,F,0,0.00015,1617.5475,10783650.0,10785.267547500001
NZ1 Index_20181221_01076750,2018-12-21,10767.5,1000,-1,S,NZ1 Index,F,0,0.00015,1615.125,10767500.0,10765.884875
NZ1 Index_20181228_01090775,2018-12-28,10907.75,1000,1,B,NZ1 Index,F,0,0.00015,1636.1625,10907750.0,10909.3861625
NZ1 Index_20190102_01083085,2019-01-02,10830.85,1000,-1,S,NZ1 Index,F,0,0.00015,1624.6275,10830850.0,10829.225372500001
NZ1 Index_20190108_01084465,2019-01-08,10844.65,1000,1,B,NZ1 Index,F,0,0.00015,1626.6975,10844650.0,10846.276697500001
NZ1 Index_20190111_01082760,2019-01-11,10827.6,1000,-1,S,NZ1 Index,F,0,0.00015,1624.14,10827600.0,10825.97586
NZ1 Index_20190115_01092840,2019-01-15,10928.4,1000,1,B,NZ1 Index,F,0,0.00015,1639.26,10928400.0,10930.039260000001
NZ1 Index_20190123_01085490,2019-01-23,10854.9,1000,-1,S,NZ1 Index,F,0,0.00015,1628.235,10854900.0,10853.271765
NZ1 Index_20190131_01083095,2019-01-31,10830.95,1000,1,B,NZ1 Index,F,0,0.00015,1624.6425000000002,10830950.0,10832.574642500002
NZ1 Index_20190212_01086045,2019-02-12,10860.45,1000,-1,S,NZ1 Index,F,0,0.00015,1629.0675,10860450.0,10858.8209325
NZ1 Index_20190221_01080445,2019-02-21,10804.45,1000,1,B,NZ1 Index,F,0,0.00015,1620.6675,10804450.0,10806.070667500002
NZ1 Index_20190325_01137005,2019-03-25,11370.05,1000,-1,S,NZ1 Index,F,0,0.00015,1705.5075,11370050.0,11368.3444925
NZ1 Index_20190326_01151070,2019-03-26,11510.7,1000,1,B,NZ1 Index,F,0,0.00015,1726.605,11510700.0,11512.426605000002
NZ1 Index_20190327_01145810,2019-03-27,11458.1,1000,-1,S,NZ1 Index,F,0,0.00015,1718.715,11458100.0,11456.381285000001
NZ1 Index_20190328_01157000,2019-03-28,11570.0,1000,1,B,NZ1 Index,F,0,0.00015,1735.5,11570000.0,11571.7355
NZ1 Index_20190410_01165290,2019-04-10,11652.9,1000,-1,S,NZ1 Index,F,0,0.00015,1747.935,11652900.0,11651.152065
NZ1 Index_20190415_01172775,2019-04-15,11727.75,1000,1,B,NZ1 Index,F,0,0.00015,1759.1625,11727750.0,11729.5091625
NZ1 Index_20190422_01161890,2019-04-22,11618.9,1000,-1,S,NZ1 Index,F,0,0.00015,1742.8349999999998,11618900.0,11617.157165
NZ1 Index_20190424_01173825,2019-04-24,11738.25,1000,1,B,NZ1 Index,F,0,0.00015,1760.7375,11738250.0,11740.0107375
NZ1 Index_20190425_01164180,2019-04-25,11641.8,1000,-1,S,NZ1 Index,F,0,0.00015,1746.2699999999998,11641800.0,11640.05373
NZ1 Index_20190426_01181350,2019-04-26,11813.5,1000,1,B,NZ1 Index,F,0,0.00015,1772.0249999999999,11813500.0,11815.272025
NZ1 Index_20190506_01165635,2019-05-06,11656.35,1000,-1,S,NZ1 Index,F,0,0.00015,1748.4525,11656350.0,11654.6015475
NZ1 Index_20190517_01142580,2019-05-17,11425.8,1000,1,B,NZ1 Index,F,0,0.00015,1713.87,11425800.0,11427.51387
NZ1 Index_20190606_01188405,2019-06-06,11884.05,1000,-1,S,NZ1 Index,F,0,0.00015,1782.6074999999998,11884050.0,11882.2673925
NZ1 Index_20190611_01197695,2019-06-11,11976.95,1000,1,B,NZ1 Index,F,0,0.00015,1796.5425,11976950.0,11978.746542500003
NZ1 Index_20190612_01191670,2019-06-12,11916.7,1000,-1,S,NZ1 Index,F,0,0.00015,1787.505,11916700.0,11914.912495
NZ1 Index_20190620_01184945,2019-06-20,11849.45,1000,1,B,NZ1 Index,F,0,0.00015,1777.4175,11849450.0,11851.227417500002
NZ1 Index_20190621_01175345,2019-06-21,11753.45,1000,-1,S,NZ1 Index,F,0,0.00015,1763.0175000000002,11753450.0,11751.686982500001
NZ1 Index_20190625_01181030,2019-06-25,11810.3,1000,1,B,NZ1 Index,F,0,0.00015,1771.5449999999998,11810300.0,11812.071545
NZ1 Index_20190705_01182095,2019-07-05,11820.95,1000,-1,S,NZ1 Index,F,0,0.00015,1773.1425000000002,11820950.0,11819.1768575
NZ1 Index_20190717_01167580,2019-07-17,11675.8,1000,1,B,NZ1 Index,F,0,0.00015,1751.37,11675800.0,11677.551370000001
NZ1 Index_20190718_01160435,2019-07-18,11604.35,1000,-1,S,NZ1 Index,F,0,0.00015,1740.6525,11604350.0,11602.6093475
NZ1 Index_20190808_01106395,2019-08-08,11063.95,1000,1,B,NZ1 Index,F,0,0.00015,1659.5925,11063950.0,11065.6095925
NZ1 Index_20190813_01092515,2019-08-13,10925.15,1000,-1,S,NZ1 Index,F,0,0.00015,1638.7724999999998,10925150.0,10923.5112275
NZ1 Index_20190814_01102815,2019-08-14,11028.15,1000,1,B,NZ1 Index,F,0,0.00015,1654.2224999999999,11028150.0,11029.8042225
NZ1 Index_20190821_01093265,2019-08-21,10932.65,1000,-1,S,NZ1 Index,F,0,0.00015,1639.8974999999998,10932650.0,10931.0101025
NZ1 Index_20190826_01105420,2019-08-26,11054.2,1000,1,B,NZ1 Index,F,0,0.00015,1658.13,11054200.0,11055.858130000002
NZ1 Index_20190829_01094830,2019-08-29,10948.3,1000,-1,S,NZ1 Index,F,0,0.00015,1642.245,10948300.0,10946.657755
NZ1 Index_20190830_01105890,2019-08-30,11058.9,1000,1,B,NZ1 Index,F,0,0.00015,1658.8349999999998,11058900.0,11060.558835
NZ1 Index_20190903_01083640,2019-09-03,10836.4,1000,-1,S,NZ1 Index,F,0,0.00015,1625.4599999999998,10836400.0,10834.77454
NZ1 Index_20190906_01097365,2019-09-06,10973.65,1000,1,B,NZ1 Index,F,0,0.00015,1646.0475,10973650.0,10975.2960475
NZ1 Index_20190917_01083350,2019-09-17,10833.5,1000,-1,S,NZ1 Index,F,0,0.00015,1625.0249999999999,10833500.0,10831.874975
NZ1 Index_20190920_01129550,2019-09-20,11295.5,1000,1,B,NZ1 Index,F,0,0.00015,1694.325,11295500.0,11297.194325
NZ1 Index_20191003_01136180,2019-10-03,11361.8,1000,-1,S,NZ1 Index,F,0,0.00015,1704.2699999999998,11361800.0,11360.09573
NZ1 Index_20191015_01143940,2019-10-15,11439.4,1000,1,B,NZ1 Index,F,0,0.00015,1715.9099999999999,11439400.0,11441.11591
NZ1 Index_20191113_01186325,2019-11-13,11863.25,1000,-1,S,NZ1 Index,F,0,0.00015,1779.4875,11863250.0,11861.4705125
NZ1 Index_20191119_01196915,2019-11-19,11969.15,1000,1,B,NZ1 Index,F,0,0.00015,1795.3725,11969150.0,11970.9453725
NZ1 Index_20191122_01191450,2019-11-22,11914.5,1000,-1,S,NZ1 Index,F,0,0.00015,1787.175,11914500.0,11912.712825
NZ1 Index_20191125_01209630,2019-11-25,12096.3,1000,1,B,NZ1 Index,F,0,0.00015,1814.445,12096300.0,12098.114445000001
NZ1 Index_20191203_01204645,2019-12-03,12046.45,1000,-1,S,NZ1 Index,F,0,0.00015,1806.9675,12046450.0,12044.6430325
NZ1 Index_20191204_01208980,2019-12-04,12089.8,1000,1,B,NZ1 Index,F,0,0.00015,1813.4699999999998,12089800.0,12091.61347
NZ1 Index_20191205_01204770,2019-12-05,12047.7,1000,-1,S,NZ1 Index,F,0,0.00015,1807.155,12047700.0,12045.892845
NZ1 Index_20191212_01202865,2019-12-12,12028.65,1000,1,B,NZ1 Index,F,0,0.00015,1804.2975,12028650.0,12030.4542975
NZ1 Index_20191226_01212655,2019-12-26,12126.55,1000,-1,S,NZ1 Index,F,0,0.00015,1818.9824999999998,12126550.0,12124.7310175
NZ1 Index_20191227_01231925,2019-12-27,12319.25,1000,1,B,NZ1 Index,F,0,0.00015,1847.8874999999998,12319250.0,12321.097887500002
NZ1 Index_20191231_01224625,2019-12-31,12246.25,1000,-1,S,NZ1 Index,F,0,0.00015,1836.9375,12246250.0,12244.4130625
NZ1 Index_20200102_01233930,2020-01-02,12339.3,1000,1,B,NZ1 Index,F,0,0.00015,1850.8949999999998,12339300.0,12341.150895
NZ1 Index_20200103_01225645,2020-01-03,12256.45,1000,-1,S,NZ1 Index,F,0,0.00015,1838.4675,12256450.0,12254.611532500001
NZ1 Index_20200109_01226975,2020-01-09,12269.75,1000,1,B,NZ1 Index,F,0,0.00015,1840.4624999999999,12269750.0,12271.5904625
NZ1 Index_20200120_01226315,2020-01-20,12263.15,1000,-1,S,NZ1 Index,F,0,0.00015,1839.4724999999999,12263150.0,12261.3105275
NZ1 Index_20200205_01208630,2020-02-05,12086.3,1000,1,B,NZ1 Index,F,0,0.00015,1812.945,12086300.0,12088.112945
NZ1 Index_20200217_01207445,2020-02-17,12074.45,1000,-1,S,NZ1 Index,F,0,0.00015,1811.1675,12074450.0,12072.6388325
NZ1 Index_20200219_01214270,2020-02-19,12142.7,1000,1,B,NZ1 Index,F,0,0.00015,1821.405,12142700.0,12144.521405000001
NZ1 Index_20200220_01207900,2020-02-20,12079.0,1000,-1,S,NZ1 Index,F,0,0.00015,1811.85,12079000.0,12077.18815
NZ1 Index_20200326_00864145,2020-03-26,8641.45,1000,1,B,NZ1 Index,F,0,0.00015,1296.2175,8641450.0,8642.746217500002
NZ1 Index_20200330_00829015,2020-03-30,8290.15,1000,-1,S,NZ1 Index,F,0,0.00015,1243.5224999999998,8290150.0,8288.9064775
NZ1 Index_20200331_00862095,2020-03-31,8620.95,1000,1,B,NZ1 Index,F,0,0.00015,1293.1425000000002,8620950.0,8622.243142500001
NZ1 Index_20200401_00825729,2020-04-01,8257.3,1000,-1,S,NZ1 Index,F,0,0.00015,1238.5949999999998,8257299.999999999,8256.061404999999
NZ1 Index_20200407_00887585,2020-04-07,8875.85,1000,1,B,NZ1 Index,F,0,0.00015,1331.3775,8875850.0,8877.181377500001
NZ1 Index_20200504_00928590,2020-05-04,9285.9,1000,-1,S,NZ1 Index,F,0,0.00015,1392.885,9285900.0,9284.507115
NZ1 Index_20200513_00939354,2020-05-13,9393.55,1000,1,B,NZ1 Index,F,0,0.00015,1409.0324999999998,9393550.0,9394.9590325
NZ1 Index_20200514_00914390,2020-05-14,9143.9,1000,-1,S,NZ1 Index,F,0,0.00015,1371.5849999999998,9143900.0,9142.528415
NZ1 Index_20200518_00882585,2020-05-18,8825.85,500,1,B,NZ1 Index,F,0,0.00015,661.93875,4412925.0,8827.173877500001
