Trade Number,Entry Date,Entry Price,Exit Date,Exit Price,Trade Position,Trade Pnl,Trade Duration,Max DD,Max DD Duration,Max Profit,Max Loss,Max Recovery,Profitable,Trade Side
1,2000-07-19,1444.0,2000-08-07,1322.95,-1.0,0.08382963988919667,19,-0.020812780447442947,8,0.08805401662049861,-0.0,0.08805401662049861,True,Short
2,2000-08-25,1380.95,2000-09-18,1364.6,1.0,-0.011839675585647691,24,-0.07277298362438,4,0.0657156305441906,-0.01183967558564758,0.07678800073166281,False,Long
3,2000-09-21,1331.45,2000-10-09,1275.0,-1.0,0.042397386308160256,18,-0.030813828645050334,8,0.049307146344211294,-0.0,0.049307146344211183,True,Short
4,2000-10-17,1164.4,2000-10-25,1182.85,-1.0,-0.015845070422535024,8,-0.03697634354384649,3,0.02194263139814523,-0.015845070422535024,0.02581896551724161,False,Short
5,2000-11-01,1207.6,2000-11-17,1239.85,1.0,0.02670586286849952,16,-0.04610667819661185,6,0.053370321298443324,0.0,0.053370321298443324,True,Long
6,2000-12-01,1282.7,2000-12-15,1315.45,1.0,0.02553208076713176,14,-0.026313841598815557,2,0.05324705698916343,-0.0008185857955873566,0.054109936410096315,True,Long
7,2000-12-20,1297.5,2001-01-04,1315.0,-1.0,-0.01348747591522148,15,-0.07534493968070521,7,0.06689788053949897,-0.013487475915221703,0.06689788053949908,False,Short
8,2001-01-05,1331.25,2001-01-18,1308.15,1.0,-0.017352112676056297,13,-0.03924882629107984,9,0.0,-0.03924882629107984,0.022791243158717833,False,Long
9,2001-01-25,1370.1,2001-02-07,1374.05,1.0,0.0028830012407854433,13,-0.01930516020728401,2,0.014852930443033374,-0.01930516020728401,0.03483049901387991,True,Long
10,2001-02-12,1404.7,2001-02-13,1393.4,1.0,-0.00804442229657576,1,-0.00804442229657576,1,0.0,-0.00804442229657576,0.0,False,Long
11,2001-02-15,1419.7,2001-02-16,1386.6,1.0,-0.02331478481369309,1,-0.02331478481369309,1,0.0,-0.02331478481369309,0.0,False,Long
12,2001-02-21,1370.75,2001-03-26,1160.3,-1.0,0.1535290899142805,33,-0.04611367127496169,9,0.18730621922305313,-0.0,0.18730621922305302,True,Short
13,2001-04-04,1103.55,2001-04-06,1115.55,-1.0,-0.0108739975533505,2,-0.0108739975533505,1,-0.0,-0.0108739975533505,0.0,False,Short
14,2001-04-11,1058.25,2001-04-18,1097.3,-1.0,-0.03690054334986992,7,-0.05891043397968598,3,0.023387668320340227,-0.03690054334986992,0.023387668320340227,False,Short
15,2001-04-19,1130.9,2001-05-10,1128.85,1.0,-0.0018127155362986924,21,-0.04286520022560625,10,0.01905561941816236,-0.024626403749226422,0.033588685916323024,False,Long
16,2001-05-11,1123.5,2001-05-14,1123.5,-1.0,-0.0,3,0.0,0,-0.0,-0.0,0.0,False,Short
17,2001-05-14,1123.5,2001-05-16,1125.6,1.0,0.0018691588785046953,2,-0.0008900756564308443,1,0.0018691588785044733,-0.0008900756564308443,0.002761692650333991,True,Long
18,2001-05-17,1150.1,2001-05-21,1146.2,1.0,-0.003391009477436646,4,-0.003391009477436535,2,0.0,-0.003391009477436646,0.0,False,Long
19,2001-05-24,1165.75,2001-06-01,1133.6,1.0,-0.02757881192365441,8,-0.04542966611932131,3,0.018700407463006608,-0.02757881192365441,0.018700407463006608,False,Long
20,2001-06-01,1133.6,2001-06-28,1094.0,-1.0,0.034932956951305494,27,-0.022820191906549825,4,0.05725123500352858,-0.0,0.05725123500352858,True,Short
21,2001-07-10,1075.75,2001-07-12,1102.0,-1.0,-0.024401580292819025,2,-0.024401580292819025,2,-0.0,-0.024401580292819025,0.0,False,Short
22,2001-07-12,1102.0,2001-07-13,1098.3,1.0,-0.003357531760435628,1,-0.003357531760435628,1,0.0,-0.003357531760435628,0.0,False,Long
23,2001-07-17,1098.0,2001-07-26,1054.5,1.0,-0.0396174863387978,9,-0.0396174863387978,7,0.0,-0.0396174863387978,0.0,False,Long
24,2001-08-09,1066.1,2001-08-30,1064.15,1.0,-0.0018290967076257658,21,-0.011793657426753756,9,0.010083481849732623,-0.0020635962855265477,0.012172196635021892,False,Long
25,2001-08-30,1064.15,2001-09-28,908.7,-1.0,0.14607903021190627,29,-0.04187288867939354,5,0.19616595404783166,-0.0,0.19616595404783155,True,Short
26,2001-10-18,956.5,2001-10-30,950.0,1.0,-0.006795608991113422,12,-0.038850667745851886,4,0.033350757971772005,-0.006795608991113533,0.03335075797177223,False,Long
27,2001-11-14,1006.1,2001-12-03,1057.5,1.0,0.051088360997912696,19,-0.023455536060578264,4,0.07633436040155073,0.0,0.07633436040155073,True,Long
28,2001-12-05,1105.65,2001-12-06,1105.85,1.0,0.00018088906977786756,1,0.0,0,0.00018088906977786756,0.0,0.00018088906977786756,True,Long
29,2001-12-26,1036.45,2002-01-04,1098.8,-1.0,-0.06015726759612128,9,-0.07484091556653061,6,0.015871484393844337,-0.0601572675961215,0.015871484393844337,False,Short
30,2002-01-21,1090.25,2002-02-06,1118.75,-1.0,-0.026140793396010054,16,-0.04518884892086339,5,0.019949552854849895,-0.026140793396010054,0.024271173951089242,False,Short
31,2002-02-06,1118.75,2002-02-20,1141.6,1.0,0.02042458100558653,14,-0.01670973298880274,2,0.03776536312849155,-0.010145251396648014,0.04840166154957548,True,Long
32,2002-02-25,1157.55,2002-02-28,1142.05,1.0,-0.013390350308841947,3,-0.0340846619021441,1,0.021424560494147205,-0.013390350308841947,0.021424560494147205,False,Long
33,2002-03-13,1157.75,2002-03-14,1158.55,-1.0,-0.0006909954653422368,1,-0.0006909954653422368,1,1.1102230246251565e-16,-0.0006909954653422368,0.0,False,Short
34,2002-03-19,1158.5,2002-04-10,1140.1,-1.0,0.01588260681916276,22,-0.011649913782226351,5,0.026197669400086165,-0.0035390591281829753,0.029842342342342176,True,Short
35,2002-04-18,1134.2,2002-05-06,1104.7,-1.0,0.026009522130135743,18,-0.014523436507600573,4,0.041130312114265655,-0.0,0.041130312114265655,True,Short
36,2002-05-07,1110.4,2002-05-20,1076.25,1.0,-0.030754682997118254,13,-0.04439511653718087,7,0.014274135446685765,-0.030754682997118254,0.014274135446685765,False,Long
37,2002-05-21,1054.4,2002-06-04,1051.0,-1.0,0.003224582701062295,14,-0.030105928266121906,4,0.021102048558421793,-0.01005311077389992,0.03147154627323223,True,Short
38,2002-06-05,1062.7,2002-06-24,1064.35,1.0,0.00155264891314566,19,-0.024391362156709784,9,0.026206831655217755,-0.013879740284181818,0.04065079440813002,True,Long
39,2002-07-08,1080.85,2002-07-15,1049.6,1.0,-0.028912430031919345,7,-0.028912430031919345,5,0.0,-0.028912430031919345,0.0017915232662297775,False,Long
40,2002-07-15,1049.6,2002-08-09,966.7,-1.0,0.07898246951219501,25,-0.013701628436350699,3,0.08927210365853644,-0.0,0.08927210365853644,True,Short
41,2002-08-26,998.3,2002-09-06,992.1,1.0,-0.006210557948512441,11,-0.015676158349042346,4,0.009616347791244984,-0.014324351397375423,0.024288617886178532,False,Long
42,2002-09-12,994.0,2002-09-16,979.35,1.0,-0.014738430583500994,4,-0.014738430583500994,2,0.0,-0.014738430583500994,0.0,False,Long
43,2002-09-24,962.75,2002-10-08,963.3,-1.0,-0.0005712801869643958,14,-0.014745033790702577,3,0.014385873799013349,-0.014489742923915916,0.029300168634064372,False,Short
44,2002-10-25,935.9,2002-11-04,963.45,-1.0,-0.029436905652313383,10,-0.03786675140345297,5,0.008761619831178402,-0.029436905652313383,0.008761619831178402,False,Short
45,2002-11-07,960.65,2002-12-09,1063.0,1.0,0.10654244521938283,32,-0.022317033147358112,3,0.12023109353042227,-0.005308905428615951,0.12621003610486103,True,Long
46,2003-01-10,1085.55,2003-02-07,1058.1,-1.0,0.025286721016996028,28,-0.02613286405631321,6,0.046934733545207497,-0.001704205241582768,0.0487219710251916,True,Short
47,2003-02-24,1073.15,2003-03-04,1053.9,1.0,-0.017937846526580592,8,-0.019894702511298545,6,0.0,-0.019894702511298545,0.017779045445902142,False,Long
48,2003-03-11,1015.65,2003-03-25,1012.05,-1.0,0.003544528134692082,14,-0.03403229693902121,5,0.02126716880815238,-0.013488898734800303,0.02126716880815227,True,Short
49,2003-04-04,1014.8,2003-04-07,1028.65,-1.0,-0.013648009459992227,3,-0.013648009459992227,1,-0.0,-0.013648009459992227,0.0,False,Short
50,2003-04-11,959.8,2003-04-29,930.3,-1.0,0.030735569910398053,18,-0.006744673241020127,2,0.031933736195040585,-0.0,0.031933736195040474,True,Short
51,2003-05-05,945.85,2003-06-16,1040.3,1.0,0.0998572712375112,42,-0.01753369839932617,5,0.10551355923243633,-0.013638526193371137,0.12079961412723073,True,Long
52,2003-06-17,1070.8,2003-06-23,1085.55,1.0,0.01377474785207311,6,-0.009579854933625342,1,0.023580500560328677,0.0,0.023580500560328677,True,Long
53,2003-06-24,1087.0,2003-07-01,1121.2,1.0,0.03146274149034034,7,-0.0021359914560342697,1,0.03367065317387308,0.0,0.03367065317387308,True,Long
54,2003-07-21,1118.75,2003-08-01,1186.95,-1.0,-0.060960893854748566,11,-0.0658456340032012,8,0.005229050279329517,-0.06096089385474879,0.005229050279329517,False,Short
55,2003-08-21,1303.3,2003-09-04,1370.9,1.0,0.051868334228496904,14,-0.029603383243799075,2,0.06287884600629168,-0.0228650349113787,0.08775029446407512,True,Long
56,2003-09-08,1422.7,2003-09-10,1416.4,1.0,-0.0044281999015954865,2,-0.009278133127152755,2,2.220446049250313e-16,-0.009278133127152532,0.004895352962043242,False,Long
57,2003-09-15,1339.85,2003-09-29,1405.15,-1.0,-0.048736798895398836,14,-0.07644650556139276,5,0.030003358584916096,-0.048736798895398836,0.053191895295150005,False,Short
58,2003-11-03,1609.0,2003-11-14,1558.25,1.0,-0.03154133001864512,11,-0.03776089909843139,8,0.006463642013672999,-0.03154133001864512,0.0085122363397383,False,Long
59,2003-11-14,1558.25,2003-11-28,1619.95,-1.0,-0.03959570030482906,14,-0.05886237147438922,5,0.020471682977699412,-0.03959570030482906,0.04227706223576844,False,Short
60,2003-11-28,1619.95,2003-12-17,1722.05,1.0,0.06302663662458707,19,-0.01742264049795994,2,0.06552671378746222,0.0,0.06552671378746222,True,Long
61,2003-12-18,1746.85,2004-01-12,1953.55,1.0,0.1183272748089419,25,-0.017474388779602834,2,0.13538655293814572,0.0,0.13538655293814572,True,Long
62,2004-01-16,1908.5,2004-02-09,1883.35,-1.0,0.013177888394026782,24,-0.061527093596059124,5,0.07126015195179458,-0.02009431490699498,0.09322781595059215,True,Short
63,2004-02-23,1810.3,2004-03-05,1874.75,-1.0,-0.03560183395017402,11,-0.05873948673711449,5,0.02458156106722642,-0.03560183395017402,0.031791505576725054,False,Short
64,2004-03-05,1874.75,2004-03-15,1759.0,1.0,-0.06174156554207233,10,-0.06714043275350023,5,0.005787438325109973,-0.06174156554207233,0.005787438325109973,False,Long
65,2004-03-16,1745.65,2004-03-29,1764.65,-1.0,-0.010884197863260114,13,-0.042797350112259935,5,0.03334001661272301,-0.010884197863260114,0.03702319698755363,False,Short
66,2004-04-01,1811.1,2004-04-20,1841.05,1.0,0.016536911269394272,19,-0.024342926997794168,5,0.03884379658770931,0.0,0.03884379658770931,True,Long
67,2004-05-10,1747.15,2004-05-28,1482.4,-1.0,0.15153249577883987,18,-0.12241822944435432,9,0.23455341556248765,0.0,0.23455341556248754,True,Short
68,2004-06-15,1491.05,2004-06-21,1475.85,1.0,-0.010194158478924242,6,-0.02216259193003378,2,0.012239696857918814,-0.010194158478924353,0.016260983739016188,False,Long
69,2004-06-28,1496.0,2004-07-20,1551.65,1.0,0.03719919786096271,22,-0.035135135135135,7,0.04237967914438512,-0.007419786096256598,0.05017172873594178,True,Long
70,2004-07-22,1587.45,2004-08-06,1633.35,1.0,0.028914296513275817,15,-0.014153790439401348,2,0.04368641532016748,0.0,0.04368641532016748,True,Long
71,2004-08-13,1598.0,2004-08-30,1621.65,-1.0,-0.014799749687108843,17,-0.025954340159623834,5,0.011451814768460467,-0.014799749687109065,0.017084604977503526,False,Short
72,2004-09-16,1697.1,2004-09-28,1702.65,1.0,0.0032702846031467114,12,-0.028306463118847103,4,0.03249661186730313,0.0,0.03249661186730313,True,Long
73,2004-09-29,1730.65,2004-10-01,1778.8,1.0,0.027821916620922593,2,0.0,0,0.027821916620922815,0.0,0.027821916620922593,True,Long
74,2004-10-04,1804.25,2004-10-06,1793.1,1.0,-0.006179853124567036,2,-0.010621568681545956,1,0.004489400027712254,-0.006179853124567036,0.004489400027712476,False,Long
75,2004-10-07,1815.5,2004-10-12,1785.8,1.0,-0.016359129716331577,5,-0.017522625367920153,3,0.0011842467639768817,-0.016359129716331577,0.0011842467639768817,False,Long
76,2004-10-18,1785.15,2004-11-05,1856.8,-1.0,-0.04013668319188857,18,-0.054464187175808365,9,0.015152788281096896,-0.04013668319188857,0.029278959475193878,False,Short
77,2004-11-29,1941.4,2004-12-13,1982.75,1.0,0.021299062532193158,14,-0.015095000876161002,6,0.02881940867415267,0.0,0.02881940867415267,True,Long
78,2005-01-06,1998.5,2005-01-27,1955.0,-1.0,0.021766324743557663,21,-0.02153860897481963,6,0.04425819364523398,-0.01065799349512142,0.055507788792231505,True,Short
79,2005-02-11,2093.7,2005-02-16,2072.85,1.0,-0.009958446768878026,5,-0.014008466917186047,2,0.004107560777570907,-0.009958446768878026,0.004107560777570907,False,Long
80,2005-03-04,2144.5,2005-03-14,2138.95,1.0,-0.002588015854511627,10,-0.00972244727887217,4,0.007204476567964413,-0.002588015854511627,0.007204476567964413,False,Long
81,2005-03-17,2101.3,2005-04-07,2039.95,-1.0,0.029196211868843136,21,-0.03355068703323494,7,0.054609051539523334,-0.005877314043687187,0.06084396467124664,True,Short
82,2005-04-15,1940.05,2005-05-02,1907.35,-1.0,0.01685523568980185,17,-0.03513832108550052,7,0.029999226824050984,-0.00853070797144384,0.038861450480893955,True,Short
83,2005-05-03,1903.05,2005-06-08,2094.35,1.0,0.10052284490686003,36,-0.017641104738034485,5,0.10052284490686003,0.0,0.10052284490686003,True,Long
84,2005-06-15,2110.35,2005-06-16,2100.45,1.0,-0.004691164972634887,1,-0.004691164972634998,1,0.0,-0.004691164972634998,0.0,False,Long
85,2005-06-30,2220.6,2005-07-05,2196.95,1.0,-0.010650274700531481,5,-0.012118350645262899,1,0.0014860848419346873,-0.01065027470053137,0.007725944219135972,False,Long
86,2005-07-07,2164.8,2005-07-21,2226.6,-1.0,-0.02854767184035456,14,-0.033998521803399795,10,-0.0,-0.033998521803399795,0.020116776587948637,False,Short
87,2005-07-21,2226.6,2005-08-08,2315.5,1.0,0.039926345100152805,18,-0.017919626762803564,2,0.05890146411569197,0.0,0.05890146411569197,True,Long
88,2005-08-25,2354.55,2005-09-06,2422.8,-1.0,-0.02898643052812644,12,-0.04723605525805852,6,0.019154403176827928,-0.02898643052812644,0.019154403176827817,False,Short
89,2005-09-15,2516.15,2005-09-22,2474.85,1.0,-0.016413965781054474,7,-0.03418603289820299,2,0.018401128708542824,-0.016413965781054474,0.018401128708542824,False,Long
90,2005-09-26,2559.9,2005-09-29,2611.2,1.0,0.020039845306457194,3,0.0,0,0.020039845306457194,0.0,0.020039845306457194,True,Long
91,2005-10-06,2567.45,2005-10-10,2562.5,1.0,-0.0019279830181696544,4,-0.002025158702340546,1,9.737287970557063e-05,-0.0019279830181696544,9.737287970557063e-05,False,Long
92,2005-10-14,2486.5,2005-11-02,2409.55,-1.0,0.03094711441785636,19,-0.041951638823485404,4,0.0760908908103759,-0.0,0.0760908908103759,True,Short
93,2005-11-18,2624.2,2005-11-30,2649.65,1.0,0.009698193735233618,12,-0.026311437758383183,3,0.036982699489368276,-0.01975840256078043,0.05788481349738572,True,Long
94,2005-12-14,2801.4,2005-12-15,2767.7,1.0,-0.01202969943599641,1,-0.012029699435996632,1,2.220446049250313e-16,-0.01202969943599641,0.0,False,Long
95,2005-12-26,2738.7,2006-01-06,2895.65,-1.0,-0.05730821192536606,11,-0.05730821192536628,9,-0.0,-0.05730821192536628,0.004459350583650323,False,Short
96,2006-01-09,2893.45,2006-01-10,2857.3,1.0,-0.0124937358516648,1,-0.012493735851665022,1,2.220446049250313e-16,-0.0124937358516648,0.0,False,Long
97,2006-01-17,2801.85,2006-01-25,2940.35,-1.0,-0.049431625533129964,8,-0.05107421527060252,5,0.0017309991612683984,-0.049431625533129964,0.005875505792361846,False,Short
98,2006-01-31,3002.25,2006-02-03,2921.8,1.0,-0.026796569239736834,3,-0.026796569239736945,3,2.220446049250313e-16,-0.026796569239736723,0.0,False,Long
99,2006-02-07,3004.15,2006-02-13,3028.2,1.0,0.008005592264034744,6,-0.003728176023168106,1,0.008005592264034744,-0.003728176023167884,0.011777677542224252,True,Long
100,2006-02-16,3013.85,2006-02-17,2978.4,1.0,-0.011762363754002303,1,-0.011762363754002525,1,2.220446049250313e-16,-0.011762363754002303,0.0,False,Long
101,2006-02-20,3010.1,2006-02-21,3039.45,1.0,0.009750506627686839,1,0.0,0,0.009750506627686839,0.0,0.009750506627686839,True,Long
102,2006-03-02,3134.55,2006-03-08,3082.65,1.0,-0.01655740058381594,6,-0.03227173554756768,2,0.01623837552439733,-0.01655740058381583,0.01623837552439733,False,Long
103,2006-03-10,3166.45,2006-03-17,3213.95,1.0,0.015001026386015859,7,-0.0028137133156230787,1,0.015001026386015859,-1.1102230246251565e-16,0.01500102638601608,True,Long
104,2006-03-24,3279.9,2006-04-12,3387.0,1.0,0.032653434555931504,19,-0.03509771522990135,3,0.07021555535229718,-1.1102230246251565e-16,0.0702155553522974,True,Long
105,2006-05-15,3462.05,2006-06-05,2957.3,-1.0,0.1457951213876172,21,-0.051761239727906805,7,0.16526335552634996,-0.051761239727906805,0.228871255159389,True,Short
106,2006-06-06,2902.8,2006-06-15,2786.7,-1.0,0.039995866060355656,9,-0.05284954586098156,2,0.09802604381976032,-0.0,0.09802604381976021,True,Short
107,2006-06-23,3042.25,2006-07-14,3091.4,1.0,0.016155805735886375,21,-0.04121321093971808,4,0.04554195085873958,-0.03669981099515163,0.08537500853067659,True,Long
108,2006-07-26,3111.4,2006-07-31,3111.45,-1.0,-1.6069936362939075e-05,5,-0.014334383235842463,1,0.00425853313620872,-0.014334383235842463,0.01886331029085686,False,Short
109,2006-07-31,3111.45,2006-08-24,3376.6,1.0,0.08521750309341303,24,-0.01514912916128619,2,0.08521750309341303,-1.1102230246251565e-16,0.08521750309341325,True,Long
110,2006-09-12,3386.95,2006-09-21,3556.85,-1.0,-0.05016312611641749,9,-0.05016312611641727,7,-0.0,-0.05016312611641727,0.01430292310272785,False,Short
111,2006-10-11,3545.8,2006-10-13,3678.4,-1.0,-0.03739635625246773,2,-0.03739635625246751,2,1.1102230246251565e-16,-0.03739635625246751,0.0,False,Short
112,2006-10-13,3678.4,2006-10-31,3752.35,1.0,0.0201038494997825,18,-0.0163197380252581,7,0.02628860374075681,-0.0037108525445846974,0.030111194488027904,True,Long
113,2006-11-03,3814.5,2006-11-10,3842.0,1.0,0.007209332809018143,7,-0.008143173219171795,3,0.007209332809018143,-0.006934067374491981,0.014242156254537175,True,Long
114,2006-11-24,3953.7,2006-11-27,3977.35,1.0,0.0059817386245795134,3,0.0,0,0.0059817386245795134,0.0,0.0059817386245795134,True,Long
115,2006-12-11,3839.85,2006-12-26,3938.95,-1.0,-0.025808299803377732,15,-0.05846893444582868,9,0.0346888550333998,-0.025808299803377732,0.0355633755881688,False,Short
116,2007-01-10,3839.65,2007-01-12,4058.7,-1.0,-0.05704947065487742,2,-0.05704947065487742,2,-0.0,-0.05704947065487742,0.0,False,Short
117,2007-01-22,4108.35,2007-01-29,4108.8,1.0,0.0001095330242066872,7,-0.009378691805096762,2,0.009578054450083195,-0.008567916560176303,0.018302787768680107,True,Long
118,2007-02-02,4174.2,2007-02-12,4053.6,1.0,-0.02889176369124624,10,-0.03922637529330908,3,0.0107565521537063,-0.02889176369124613,0.0107565521537063,False,Long
119,2007-02-12,4053.6,2007-03-14,3599.55,-1.0,0.11201154529307278,30,-0.046090228038039305,7,0.12454361555160842,-0.030306394316163443,0.1596896266615786,True,Short
120,2007-04-04,3706.4,2007-04-09,3825.55,1.0,0.03214709691344697,5,0.0,0,0.03214709691344697,0.0,0.03214709691344697,True,Long
121,2007-04-16,4005.15,2007-05-04,4117.65,1.0,0.02808883562413378,18,-0.024905154565147303,4,0.04311948366478169,-0.008164488221415023,0.05170612594242874,True,Long
122,2007-05-08,4066.3,2007-05-22,4277.45,-1.0,-0.05192681307330971,14,-0.05517976619366216,8,0.003442933379239066,-0.05192681307330993,0.010162777743392803,False,Short
123,2007-05-22,4277.45,2007-05-28,4260.9,1.0,-0.0038691276344551273,6,-0.01717144560427364,4,0.0,-0.01717144560427364,0.013534728829685871,False,Long
124,2007-06-04,4246.75,2007-06-20,4240.0,-1.0,0.0015894507564607752,16,-0.03437081432041589,5,0.03724024253841174,-0.009277682934008213,0.04695354558094755,True,Short
125,2007-06-28,4282.0,2007-07-27,4402.2,1.0,0.028070994862213983,29,-0.04710160613013559,2,0.07888836992059778,0.0,0.07888836992059778,True,Long
126,2007-08-01,4288.4,2007-08-27,4297.95,-1.0,-0.0022269377856543038,26,-0.05520165163341684,9,0.05606986288592475,-0.03491978360227588,0.0942819518442004,False,Short
127,2007-09-04,4442.5,2007-10-08,5078.2,1.0,0.14309510410804727,34,-0.02600790210594972,4,0.1736184580754081,-0.0023860438942037154,0.1764254608632867,True,Long
128,2007-10-10,5448.75,2007-10-17,5561.2,1.0,0.02063776095434733,7,-0.022464404992090015,2,0.04409268180775405,-0.0014406974076623946,0.045599073682662805,True,Long
129,2007-11-09,5628.4,2007-12-04,5877.35,-1.0,-0.044231042569824686,25,-0.05963535293500677,8,0.016381209579987233,-0.05880889773292575,0.0798882470645974,False,Short
130,2007-12-11,6107.3,2007-12-17,5779.8,1.0,-0.05362435118628528,6,-0.06612484953264242,3,0.013385620486958238,-0.05362435118628539,0.01338562048695846,False,Long
131,2007-12-17,5779.8,2007-12-26,6083.2,-1.0,-0.05249316585348973,9,-0.05273081081081066,3,0.00025087373265508806,-0.05249316585348973,0.00025087373265497703,False,Short
132,2007-12-26,6083.2,2007-12-27,6081.5,1.0,-0.00027945817990526756,1,-0.0002794581799053786,1,2.220446049250313e-16,-0.00027945817990515653,0.0,False,Long
133,2008-01-02,6220.1,2008-01-10,6160.6,1.0,-0.009565762608318207,8,-0.020299765435534467,3,0.010956415491712335,-0.009565762608318096,0.01781263151079604,False,Long
134,2008-01-15,6071.4,2008-02-04,5454.9,-1.0,0.10154165431366735,20,-0.07730195082917135,9,0.19382679447903273,-0.0,0.19382679447903284,True,Short
135,2008-02-25,5209.6,2008-03-03,4894.2,1.0,-0.0605420761670763,7,-0.0739626497133451,2,0.014492475429975338,-0.0605420761670763,0.014492475429975338,False,Long
136,2008-03-19,4572.7,2008-03-25,4884.9,-1.0,-0.06827476108207398,6,-0.06827476108207398,2,-0.0,-0.06827476108207398,0.0,False,Short
137,2008-04-02,4757.65,2008-04-08,4694.85,1.0,-0.013199794015953059,6,-0.027618420640145636,3,0.005717108236209301,-0.022059209904049193,0.024007565499602368,False,Long
138,2008-04-10,4722.3,2008-04-15,4897.15,-1.0,-0.037026448976134496,5,-0.037026448976134496,2,-0.0,-0.037026448976134496,0.0,False,Short
139,2008-04-15,4897.15,2008-05-08,5093.1,1.0,0.040013068825745846,23,-0.029238539979033473,4,0.07133741053469889,-0.0022768344853637545,0.07378223495702008,True,Long
140,2008-05-20,5099.55,2008-06-17,4634.7,-1.0,0.09115510192075782,28,-0.033647959848215225,5,0.12914865037111123,-0.005392632683276055,0.13527074851391463,True,Short
141,2008-06-27,4078.55,2008-07-08,3926.5,-1.0,0.037280406026651725,11,-0.05357782890705398,5,0.060315553321646176,-0.0,0.060315553321646176,True,Short
142,2008-07-14,4027.3,2008-07-16,3803.35,1.0,-0.055607975566756895,2,-0.055607975566756895,2,0.0,-0.055607975566756895,0.0,False,Long
143,2008-07-17,3925.65,2008-08-06,4526.0,1.0,0.15293008801090258,20,-0.06497873382768826,8,0.15342682103600658,0.0,0.15342682103600658,True,Long
144,2008-08-11,4633.6,2008-08-18,4409.25,1.0,-0.048418076657458675,7,-0.048418076657458675,4,0.0,-0.048418076657458675,0.0,False,Long
145,2008-08-26,4350.25,2008-09-02,4516.8,-1.0,-0.03828515602551574,7,-0.06749136297782243,3,0.03132003907821401,-0.03828515602551574,0.03132003907821401,False,Short
146,2008-09-15,4068.9,2008-10-01,3966.85,-1.0,0.02508048858413825,16,-0.06375891764876873,6,0.05148811718154778,-0.050148688834820154,0.10700285910190543,True,Short
147,2008-10-03,3838.65,2008-11-03,3045.25,-1.0,0.206687246818543,31,-0.10228109616651804,4,0.34417047659984634,-0.0,0.34417047659984634,True,Short
148,2008-11-19,2627.35,2008-11-21,2704.6,-1.0,-0.029402249414809623,2,-0.057020301002107754,1,0.029288065921936446,-0.029402249414809623,0.02928806592193678,False,Short
149,2008-12-04,2796.05,2008-12-24,2916.85,1.0,0.043203805368287274,20,-0.053708149493901014,3,0.10241233168219455,-0.03038214624202007,0.13695547932573504,True,Long
150,2008-12-26,2867.55,2009-01-01,3043.7,-1.0,-0.06142874579344726,6,-0.06142874579344704,4,0.0,-0.06142874579344726,0.007823302525289177,False,Short
151,2009-01-15,2711.75,2009-01-27,2767.2,-1.0,-0.020448050152115815,12,-0.044841891767308795,3,0.020816815709412517,-0.04484189176730902,0.0687411925950232,False,Short
152,2009-02-02,2735.35,2009-02-04,2781.35,-1.0,-0.016816860730802352,2,-0.01681686073080213,2,1.1102230246251565e-16,-0.01681686073080213,0.0,False,Short
153,2009-02-13,2946.15,2009-02-20,2723.15,1.0,-0.07569200481984961,7,-0.07569200481984961,5,0.0,-0.07569200481984961,0.011820889018012926,False,Long
154,2009-02-25,2756.9,2009-03-17,2751.75,-1.0,0.0018680401900685872,20,-0.07614487084373112,4,0.0756284232289891,-0.010428379701838963,0.08696369334530729,True,Short
155,2009-03-17,2751.75,2009-04-22,3323.4,1.0,0.20774052875442894,36,-0.04852701193850395,5,0.2693376941946035,-1.1102230246251565e-16,0.26933769419460374,True,Long
156,2009-05-28,4337.1,2009-06-01,4538.0,1.0,0.04632127458439972,4,0.0,0,0.04632127458439972,0.0,0.04632127458439972,True,Long
157,2009-06-09,4551.15,2009-06-10,4660.55,1.0,0.024037880535688894,1,0.0,0,0.024037880535688894,0.0,0.024037880535688894,True,Long
158,2009-06-19,4323.8,2009-07-20,4510.15,-1.0,-0.043098663212914445,31,-0.1163354441869654,9,0.08287848651649021,-0.043098663212914445,0.10873915154098435,False,Short
159,2009-07-23,4535.05,2009-08-07,4480.85,1.0,-0.01195135665538416,15,-0.049479221908741766,4,0.0394813728624821,-0.01195135665538416,0.044780088873128454,False,Long
160,2009-08-26,4680.85,2009-09-10,4818.45,1.0,0.029396370317356757,15,-0.031734138207606954,5,0.029396370317356757,-0.01995364089855478,0.05035477225909801,True,Long
161,2009-09-15,4899.95,2009-09-23,4963.0,1.0,0.012867478239573904,8,-0.013467176862296815,1,0.0266941499403055,0.0,0.0266941499403055,True,Long
162,2009-09-30,5073.55,2009-10-05,5008.5,1.0,-0.012821397246503996,5,-0.012821397246503996,2,0.0,-0.012821397246503996,0.0,False,Long
163,2009-10-07,4975.9,2009-11-11,5009.75,-1.0,-0.006802789445125468,35,-0.08352418659421967,10,0.08371349906549541,-0.03363210675455708,0.12142953697060443,False,Short
164,2009-11-17,5063.4,2009-11-27,4946.3,1.0,-0.02312675277481524,10,-0.03171309437581982,4,0.008867559347474074,-0.02312675277481535,0.02440540648939149,False,Long
165,2009-11-27,4946.3,2009-12-01,5132.05,-1.0,-0.03755332268564371,4,-0.03755332268564371,2,-0.0,-0.03755332268564371,0.0,False,Short
166,2009-12-01,5132.05,2009-12-02,5119.0,1.0,-0.002542843503083647,1,-0.002542843503083536,1,0.0,-0.002542843503083536,0.0,False,Long
167,2009-12-03,5132.45,2009-12-04,5115.85,1.0,-0.003234322789311017,1,-0.003234322789311128,1,2.220446049250313e-16,-0.003234322789310906,0.0,False,Long
168,2009-12-11,5111.6,2009-12-15,5031.25,1.0,-0.015719148603177135,4,-0.015719148603177135,2,0.0,-0.015719148603177135,0.0,False,Long
169,2009-12-18,4986.8,2009-12-31,5201.05,-1.0,-0.04296342343787596,13,-0.050248256236256394,6,0.007670249458570644,-0.04296342343787596,0.007670249458570755,False,Short
170,2010-01-06,5288.7,2010-01-12,5208.9,1.0,-0.015088774178909747,6,-0.015088774178909858,4,0.0,-0.015088774178909858,0.0012667993789825527,False,Long
171,2010-01-14,5261.3,2010-01-18,5271.15,1.0,0.0018721608727880756,4,-0.00131146294642015,1,0.0018721608727880756,-0.00131146294642015,0.003187804506699088,True,Long
172,2010-01-19,5220.7,2010-02-09,4793.35,-1.0,0.08185683912119057,21,-0.018515387969001762,3,0.09815733522324588,-0.0,0.09815733522324588,True,Short
173,2010-03-02,5022.8,2010-03-22,5213.3,1.0,0.03792705263996177,20,-0.011640472443930405,2,0.05015131002628004,0.0,0.05015131002628004,True,Long
174,2010-04-19,5207.4,2010-05-03,5218.45,-1.0,-0.0021219802588623438,14,-0.021603871413757414,10,1.1102230246251565e-16,-0.021603871413757414,0.020255549667314465,False,Short
175,2010-05-04,5141.85,2010-05-21,4928.4,-1.0,0.041512296157997786,17,-0.03428066642603389,7,0.042581950076334474,-0.011357779787430466,0.05455940355467237,True,Short
176,2010-05-24,4931.05,2010-05-28,5041.0,-1.0,-0.022297482280650094,4,-0.04584632131017752,3,0.024680341915007897,-0.022297482280650094,0.024680341915007897,False,Short
177,2010-06-02,5004.35,2010-06-29,5266.45,1.0,0.05237443424220922,27,-0.03110381937323603,6,0.07059857923606461,-0.008722411501993266,0.0800189489386578,True,Long
178,2010-07-15,5381.6,2010-07-20,5363.8,1.0,-0.0033075665229671536,5,-0.006381697772426254,2,0.0030938754273821534,-0.0033075665229671536,0.0030938754273823754,False,Long
179,2010-07-30,5374.3,2010-08-13,5456.45,-1.0,-0.01528571162756065,14,-0.020039819139236803,10,-0.0,-0.020039819139236803,0.013310295067026301,False,Short
180,2010-08-16,5417.45,2010-08-19,5527.7,-1.0,-0.02035090310016696,3,-0.02035090310016696,3,-0.0,-0.02035090310016696,0.0,False,Short
181,2010-08-19,5527.7,2010-08-23,5536.9,1.0,0.0016643450259601344,4,-0.0009316714004015125,1,0.0016643450259601344,-0.0009316714004015125,0.0025984373160947705,True,Long
182,2010-08-27,5415.75,2010-09-07,5591.65,-1.0,-0.03247934265798813,11,-0.03462728914108859,5,0.0022249919217099956,-0.03247934265798813,0.0041625811703329685,False,Short
183,2010-09-07,5591.65,2010-09-29,6000.4,1.0,0.07310006885266418,22,-0.008820905877300445,2,0.08265002280185652,0.0,0.08265002280185652,True,Long
184,2010-10-18,6122.2,2010-11-02,6155.95,-1.0,-0.005512724184116857,15,-0.026891172662905416,5,0.021969226748554505,-0.005512724184116857,0.024311581153203976,False,Short
185,2010-11-15,6140.25,2010-12-01,5979.1,-1.0,0.02624485973698132,16,-0.030904211554284466,3,0.05897154024673268,-2.220446049250313e-16,0.05897154024673301,True,Short
186,2010-12-03,6016.75,2011-01-07,5914.15,1.0,-0.01705239539618575,35,-0.043381562027384524,13,0.027523164499106745,-0.039365105746457796,0.0696292323396599,False,Long
187,2011-01-11,5770.3,2011-01-24,5740.45,-1.0,0.005173041263019318,13,-0.018014661282775624,6,0.020154931286068267,-0.018014661282775624,0.03886981919577859,True,Short
188,2011-01-27,5604.3,2011-01-31,5523.55,-1.0,0.014408579126741983,4,0.0,0,0.014408579126741872,-2.220446049250313e-16,0.014408579126742094,True,Short
189,2011-02-01,5429.15,2011-02-03,5538.95,-1.0,-0.02022416031975549,2,-0.02022416031975549,2,-0.0,-0.02022416031975549,0.0,False,Short
190,2011-02-04,5387.0,2011-02-14,5455.65,-1.0,-0.012743642101355146,10,-0.04067570370771223,2,0.029116391312418832,-0.012743642101355146,0.030464967146535127,False,Short
191,2011-02-15,5476.1,2011-03-16,5523.85,1.0,0.008719709282153376,29,-0.05113318789102639,15,0.01446284764704786,-0.03896933949343517,0.0555988370988274,True,Long
192,2011-03-24,5545.8,2011-04-11,5803.65,1.0,0.04649464459591024,18,-0.023497047095048296,5,0.0716758628151033,0.0,0.0716758628151033,True,Long
193,2011-04-13,5938.1,2011-04-15,5834.15,1.0,-0.017505599434162522,2,-0.017505599434162633,1,0.0,-0.017505599434162633,0.0,False,Long
194,2011-05-04,5538.05,2011-05-19,5424.8,-1.0,0.02044943617338235,15,-0.018913434323655554,7,0.020584862903007428,-0.004803134677368259,0.02551052808244636,True,Short
195,2011-05-23,5383.45,2011-05-26,5412.35,-1.0,-0.005368304711662608,3,-0.011610628616784524,1,0.00631565260195599,-0.005368304711662608,0.007138807038417516,False,Short
196,2011-06-02,5558.45,2011-06-14,5515.8,1.0,-0.007673002365767401,12,-0.01412084059898977,5,0.0007646016425442159,-0.013367035774361602,0.007096949398026631,False,Long
197,2011-06-29,5604.1,2011-07-12,5539.95,1.0,-0.011446976320907964,13,-0.03562476064477971,3,0.025070930211809284,-0.011446976320908075,0.025070930211809284,False,Long
198,2011-07-12,5539.95,2011-08-23,4947.4,-1.0,0.10695944909250088,42,-0.02720241157411163,11,0.12438740421844963,-0.02720241157411163,0.15582873312613077,True,Short
199,2011-08-25,4839.6,2011-08-29,4933.15,-1.0,-0.01933010992644002,4,-0.037409998985904136,1,0.018782544011901936,-0.01933010992644002,0.018782544011902047,False,Short
200,2011-09-14,5019.15,2011-09-22,4913.9,1.0,-0.02096968610222849,8,-0.04708437566660839,2,0.027405038701772133,-0.02096968610222849,0.027405038701772133,False,Long
201,2011-10-10,4993.3,2011-11-11,5191.75,1.0,0.03974325596299044,32,-0.03597623247609327,8,0.07854525063585216,-0.0021729117016803245,0.08089393772140241,True,Long
202,2011-11-21,4783.3,2011-12-01,4963.75,-1.0,-0.03772500156795511,10,-0.05343739074999487,6,0.01659941881128102,-0.03772500156795511,0.021296704681494694,False,Short
203,2011-12-16,4643.15,2011-12-26,4787.7,-1.0,-0.031131882450491588,10,-0.04928357073418155,4,0.019092641848744818,-0.031131882450491588,0.01909264184874493,False,Short
204,2011-12-26,4787.7,2011-12-29,4646.25,1.0,-0.02954445767278646,3,-0.029544457672786684,3,2.220446049250313e-16,-0.02954445767278646,0.0,False,Long
205,2012-01-02,4648.1,2012-02-10,5397.65,1.0,0.16125943934080578,39,-0.019317833026396225,5,0.16973602116994013,0.0,0.16973602116994013,True,Long
206,2012-02-13,5418.0,2012-02-14,5440.35,1.0,0.004125138427464092,1,0.0,0,0.004125138427464092,0.0,0.00412513842746387,True,Long
207,2012-02-27,5338.6,2012-03-21,5394.5,-1.0,-0.010470909976398213,23,-0.047118006928576706,10,0.01652118532948732,-0.03137526692391246,0.044245905126568896,False,Short
208,2012-03-26,5191.3,2012-03-30,5333.25,-1.0,-0.027343825246084696,4,-0.029670910401152883,2,0.0023982432146090193,-0.027343825246084696,0.014208172135220964,False,Short
209,2012-04-02,5350.65,2012-04-04,5344.55,1.0,-0.0011400484053338822,2,-0.007188965773464062,1,0.00609271770719455,-0.0011400484053338822,0.00609271770719455,False,Long
210,2012-04-04,5344.55,2012-04-09,5253.0,-1.0,0.017129599311448196,5,0.0,0,0.017129599311448085,-0.0,0.017129599311448196,True,Short
211,2012-04-12,5290.65,2012-04-25,5198.6,1.0,-0.017398618317219894,13,-0.02942384526343278,4,0.012389781973859426,-0.017398618317219894,0.02587577330447588,False,Long
212,2012-05-04,5097.95,2012-05-24,4913.1,-1.0,0.03625967300581601,20,-0.01831324853428995,2,0.05559097284202463,-0.005492403809374213,0.061420724070256894,True,Short
213,2012-05-31,4924.25,2012-06-26,5125.7,1.0,0.04090978321571814,26,-0.02024673808194144,3,0.05068792201858163,-0.020246738081941218,0.07240053476490016,True,Long
214,2012-07-02,5295.6,2012-07-13,5240.45,1.0,-0.010414306216481761,11,-0.021966536957718663,3,0.011811692726036549,-0.010414306216481761,0.014916467780429654,False,Long
215,2012-07-13,5240.45,2012-08-03,5241.05,-1.0,-0.00011449398429541624,21,-0.03922470071167172,6,0.03767806199849244,-0.0031581257334771795,0.040965562127912136,False,Short
216,2012-08-21,5441.9,2012-08-23,5427.15,1.0,-0.0027104503941638436,2,-0.0027104503941638436,2,0.0,-0.0027104503941638436,0.0,False,Long
217,2012-09-14,5584.9,2012-10-03,5768.25,1.0,0.032829594084048175,19,-0.010084018888918078,4,0.03282959408404795,-0.002488853873838348,0.03540656973613343,True,Long
218,2012-10-05,5776.55,2012-10-08,5701.0,1.0,-0.013078740770875341,3,-0.013078740770875341,1,0.0,-0.013078740770875341,0.0,False,Long
219,2012-10-23,5695.5,2012-11-07,5793.25,-1.0,-0.01716267228513746,15,-0.02867430157903872,6,0.011851461680273845,-0.01716267228513746,0.013595511546511396,False,Short
220,2012-11-16,5580.55,2012-11-27,5732.05,-1.0,-0.027147861769897252,11,-0.027147861769897252,7,-0.0,-0.027147861769897252,0.0012860804434258188,False,Short
221,2012-11-29,5825.0,2012-12-14,5914.9,1.0,0.015433476394849821,15,-0.015777176689305117,6,0.025004291845493354,-1.1102230246251565e-16,0.025004291845493576,True,Long
222,2012-12-17,5889.35,2013-01-04,6048.0,-1.0,-0.02693845670574846,18,-0.032842218959377556,9,0.006104239007700296,-0.02693845670574846,0.01603278576082845,False,Short
223,2013-01-04,6048.0,2013-01-11,5977.3,1.0,-0.011689814814814792,7,-0.011689814814814792,5,0.0,-0.011689814814814792,0.0032538141009679222,False,Long
224,2013-01-16,6019.25,2013-01-25,6073.7,-1.0,-0.0090459774888898,9,-0.012825518129335078,7,-0.0,-0.012825518129335078,0.01290800313023266,False,Short
225,2013-02-05,5974.45,2013-03-07,5889.4,-1.0,0.014235620015231598,30,-0.031386622121694074,5,0.047100569926938785,-2.220446049250313e-16,0.04710056992693912,True,Short
226,2013-03-11,5957.4,2013-03-20,5715.5,1.0,-0.040604961896129166,9,-0.040604961896129055,7,0.0,-0.040604961896129055,0.012270461420476275,False,Long
227,2013-03-20,5715.5,2013-04-11,5594.8,-1.0,0.02111801242236022,22,-0.021802388332916034,4,0.037555769399002514,-0.008940600122474107,0.04691582515359083,True,Short
228,2013-04-12,5535.2,2013-04-16,5696.35,-1.0,-0.029113672496025478,4,-0.029113672496025478,2,1.1102230246251565e-16,-0.029113672496025478,0.0,False,Short
229,2013-04-22,5832.85,2013-05-13,5994.45,1.0,0.02770515271265328,21,-0.02030660107539184,2,0.04900691771603927,0.0,0.04900691771603927,True,Long
230,2013-05-30,6124.05,2013-06-27,5682.35,-1.0,0.07212547252226875,28,-0.02174959687588396,4,0.08865864909659449,-0.0,0.08865864909659438,True,Short
231,2013-07-05,5874.95,2013-07-25,5907.5,1.0,0.005540472684874009,20,-0.02948907507803511,3,0.03609392420361024,-0.009004331951761313,0.04550802552365574,True,Long
232,2013-08-02,5705.55,2013-08-23,5460.7,-1.0,0.04291435532069654,21,-0.0331486524556297,4,0.07255216412089982,-0.007492704471961487,0.08064914883096708,True,Short
233,2013-08-27,5284.8,2013-08-30,5456.75,-1.0,-0.03253670905237649,3,-0.03253670905237649,3,0.0,-0.03253670905237671,0.0,False,Short
234,2013-09-10,5907.15,2013-09-24,5914.35,1.0,0.0012188618877124746,14,-0.03765203595980948,5,0.04039172866780083,-0.007905673632800925,0.04868226842648604,True,Long
235,2013-10-14,6143.35,2013-10-24,6173.8,1.0,0.004956579065167999,10,-0.011776962080949582,3,0.013477988393954421,-0.01177696208094936,0.025555921594465625,True,Long
236,2013-10-28,6105.3,2013-10-31,6299.15,-1.0,-0.03175110150197358,3,-0.03175110150197358,3,-0.0,-0.03175110150197358,0.0,False,Short
237,2013-11-13,6033.0,2013-11-27,6069.7,-1.0,-0.0060832090170728215,14,-0.03273661528261229,4,0.0029421515000828125,-0.03273661528261229,0.03688629937451782,False,Short
238,2013-12-13,6197.75,2013-12-18,6249.65,-1.0,-0.00837400669597832,5,-0.01424298076074848,1,0.005953773546851671,-0.00837400669597832,0.005953773546851782,False,Short
239,2013-12-23,6302.35,2013-12-27,6372.05,-1.0,-0.011059366744150978,4,-0.014725410224793789,1,0.003720834291970565,-0.011059366744150978,0.003720834291970565,False,Short
240,2013-12-30,6334.7,2014-01-02,6257.75,1.0,-0.012147378723538549,3,-0.015790756745279633,1,0.0037018327624038783,-0.012147378723538549,0.0037018327624038783,False,Long
241,2014-01-03,6251.75,2014-01-06,6229.2,1.0,-0.003606990042788083,3,-0.003606990042788194,1,2.220446049250313e-16,-0.003606990042787972,0.0,False,Long
242,2014-01-07,6195.85,2014-01-16,6329.85,-1.0,-0.021627379617001674,9,-0.02459985998116998,4,0.0028406110541733254,-0.021829127561190154,0.004716363159963155,False,Short
243,2014-01-21,6326.4,2014-01-27,6148.05,1.0,-0.02819138846737468,6,-0.03299097171977727,2,0.004963328275164658,-0.028191388467374567,0.004963328275164436,False,Long
244,2014-01-27,6148.05,2014-02-12,6099.75,-1.0,0.007856149510820587,16,-0.009890943953980713,6,0.01792438252779327,-0.0,0.01792438252779327,True,Short
245,2014-02-14,6058.0,2014-02-17,6091.2,-1.0,-0.005480356553317911,3,-0.005480356553317911,1,-0.0,-0.005480356553317911,0.0,False,Short
246,2014-02-21,6163.95,2014-03-21,6510.7,1.0,0.05625451212290811,28,-0.00989714581541068,8,0.06547749413931014,0.0,0.06547749413931014,True,Long
247,2014-04-02,6790.2,2014-04-07,6736.7,1.0,-0.007879002091249143,5,-0.007879002091249143,3,0.0,-0.007879002091249254,0.0,False,Long
248,2014-04-16,6697.3,2014-05-12,7043.05,-1.0,-0.051625281829991154,26,-0.05393489383569294,11,0.0024412823077957224,-0.051625281829991154,0.024390429979553874,False,Short
249,2014-05-16,7244.4,2014-05-27,7320.1,1.0,0.010449450610126476,11,-0.008398694138524343,2,0.0190077853238364,0.0,0.0190077853238364,True,Long
250,2014-06-20,7525.35,2014-07-07,7798.6,-1.0,-0.03631060349352522,17,-0.040410188554415916,7,0.004272226540958379,-0.036310603493524995,0.013728764679449723,False,Short
251,2014-07-11,7480.15,2014-07-22,7767.95,-1.0,-0.038475164268096274,11,-0.03903400360745524,6,0.0005815391402577141,-0.038475164268096274,0.0005815391402579362,False,Short
252,2014-07-28,7743.25,2014-08-01,7622.6,1.0,-0.015581312756271504,4,-0.021275502998087004,1,0.0058179704904273155,-0.015581312756271504,0.0058179704904273155,False,Long
253,2014-08-01,7622.6,2014-08-05,7772.85,-1.0,-0.019711122189279173,4,-0.019711122189279173,2,1.1102230246251565e-16,-0.019711122189279173,0.0,False,Short
254,2014-08-05,7772.85,2014-08-06,7691.45,1.0,-0.010472349266999914,1,-0.010472349267000025,1,0.0,-0.010472349267000025,0.0,False,Long
255,2014-08-08,7591.65,2014-08-18,7877.7,-1.0,-0.03767955582778448,10,-0.03767955582778426,5,1.1102230246251565e-16,-0.03767955582778426,0.00025554636485303206,False,Short
256,2014-08-18,7877.7,2014-08-20,7890.7,1.0,0.0016502278583849783,2,-0.0023958076526775507,1,0.004055752313492533,0.0,0.004055752313492533,True,Long
257,2014-08-21,7903.15,2014-09-15,8062.55,1.0,0.020169173051251876,25,-0.01593413970292068,5,0.0366879029247833,0.0,0.0366879029247833,True,Long
258,2014-09-24,8015.2,2014-10-14,7895.25,-1.0,0.014965315899790332,20,-0.014787123316355677,4,0.016019562830621892,-0.002083541271583833,0.01814090141901592,True,Short
259,2014-10-16,7778.1,2014-10-22,8013.8,-1.0,-0.030303030303030276,6,-0.030303030303030276,4,-0.0,-0.030303030303030276,0.0,False,Short
260,2014-10-28,8040.35,2014-11-18,8451.9,1.0,0.05118558271717011,21,-0.004596854658621141,2,0.05131617404714972,0.0,0.05131617404714972,True,Long
261,2014-12-08,8489.75,2014-12-29,8316.45,-1.0,0.020412850790659243,21,-0.030649257454883894,7,0.05051974439765594,-0.0,0.05051974439765594,True,Short
262,2015-01-06,8157.9,2015-01-08,8257.25,-1.0,-0.0121783792397554,2,-0.014118021274903803,1,0.0019674180855366874,-0.0121783792397554,0.0019674180855366874,False,Short
263,2015-01-15,8515.05,2015-02-04,8776.35,1.0,0.030686842707911444,20,-0.019659642440252978,4,0.05135612826700964,0.0,0.05135612826700964,True,Long
264,2015-02-09,8562.9,2015-02-24,8773.3,-1.0,-0.024571114926017934,15,-0.04125354727954322,10,1.1102230246251565e-16,-0.04125354727954322,0.019818140846442844,False,Short
265,2015-03-13,8674.4,2015-04-06,8689.8,-1.0,-0.0017753389283408083,24,-0.03859925721550195,5,0.038302360970211224,-0.007585539057456625,0.046238645075854734,False,Short
266,2015-04-06,8689.8,2015-04-20,8469.9,1.0,-0.025305530622108607,14,-0.04353816011608691,4,0.01906257911574505,-0.02530553062210872,0.01906257911574505,False,Long
267,2015-04-20,8469.9,2015-05-05,8361.7,-1.0,0.012774649051346398,15,-0.021779340739641273,2,0.034049988783810714,-0.0,0.034049988783810825,True,Short
268,2015-05-11,8342.15,2015-06-02,8225.35,1.0,-0.014001186744424299,22,-0.027581233411950845,4,0.013965224792169773,-0.02528125243492374,0.04026441199077602,False,Long
269,2015-06-18,8157.55,2015-07-08,8378.0,1.0,0.027024045209652403,20,-0.018711018711018768,3,0.04660713081746359,0.0,0.04660713081746359,True,Long
270,2015-07-22,8648.4,2015-07-27,8372.8,1.0,-0.031867166181027695,5,-0.031867166181027695,3,0.0,-0.031867166181027695,0.0,False,Long
271,2015-07-28,8350.95,2015-08-10,8544.3,-1.0,-0.023153054442907495,13,-0.03161915710188645,9,-0.0,-0.03161915710188645,0.00874253422201332,False,Short
272,2015-08-12,8365.45,2015-09-07,7574.5,-1.0,0.09454960581917293,26,-0.024859465633468414,6,0.09454960581917293,-0.021188340137111572,0.11824332576146146,True,Short
273,2015-09-30,7980.35,2015-10-21,8262.3,1.0,0.03533053061582492,21,-0.010231129689775686,4,0.03638938141810821,-0.00042604647665833717,0.036831119663530476,True,Long
274,2015-11-03,8087.25,2015-11-26,7883.8,-1.0,0.025156882747534692,23,-0.017986271920213626,5,0.04393335188104741,-0.0,0.04393335188104741,True,Short
275,2015-12-09,7644.35,2015-12-17,7856.4,-1.0,-0.027739441548332966,8,-0.029827172096908883,4,0.002151916121056807,-0.027739441548332966,0.010933035979387551,False,Short
276,2015-12-21,7841.45,2016-01-07,7582.05,1.0,-0.03308061646761751,17,-0.0501064896016038,4,0.017923980896390468,-0.03308061646761762,0.025291903764884216,False,Long
277,2016-01-07,7582.05,2016-01-27,7433.4,-1.0,0.01960551565869395,20,-0.018365986092147457,3,0.038406499561464136,-0.0030532639589557764,0.04158673881120256,True,Short
278,2016-01-28,7424.65,2016-01-29,7568.05,-1.0,-0.01931404173934137,1,-0.01931404173934137,1,-0.0,-0.01931404173934137,0.0,False,Short
279,2016-02-11,6993.45,2016-02-25,6970.6,-1.0,0.0032673430138200343,14,-0.035830153353627825,8,0.0032673430138200343,-0.035354510291772945,0.040037354362455924,True,Short
280,2016-02-26,7055.15,2016-03-18,7605.3,1.0,0.07797849797665535,21,-0.008142470037167948,3,0.07797849797665557,-0.006548407900611508,0.08508407108054716,True,Long
281,2016-03-22,7726.25,2016-03-29,7620.05,1.0,-0.013745348649085831,7,-0.015026563085712819,2,0.001300760394758127,-0.013745348649085942,0.001300760394758349,False,Long
282,2016-03-31,7738.4,2016-04-05,7623.5,1.0,-0.014848030600640882,5,-0.021467766261271337,1,0.006764964333712431,-0.014848030600640882,0.006764964333712431,False,Long
283,2016-04-26,7979.15,2016-04-28,7847.25,1.0,-0.016530582831504548,2,-0.017909102855319214,1,0.0014036582844036971,-0.01653058283150466,0.0014036582844036971,False,Long
284,2016-05-02,7840.1,2016-05-18,7879.3,-1.0,-0.004999936225303259,16,-0.024592793915029443,10,0.013692427392507756,-0.011237101567582064,0.013692427392507867,False,Short
285,2016-05-18,7879.3,2016-05-19,7785.1,1.0,-0.011955376746665247,1,-0.011955376746665247,1,0.0,-0.011955376746665247,0.0,False,Long
286,2016-05-23,7744.85,2016-05-25,7943.0,-1.0,-0.025584743410137056,2,-0.025584743410137056,2,-0.0,-0.025584743410137056,0.0,False,Short
287,2016-05-30,8194.3,2016-06-09,8229.35,1.0,0.004277363533187861,10,-0.0066210376379132185,2,0.010971040845465962,-0.00041492256812658557,0.011390689667802212,True,Long
288,2016-06-29,8204.5,2016-06-30,8287.75,-1.0,-0.010146870619781811,1,-0.010146870619781811,1,-0.0,-0.010146870619781811,0.0,False,Short
289,2016-07-22,8554.3,2016-07-25,8639.7,1.0,0.009983283261050246,3,0.0,0,0.009983283261050024,0.0,0.009983283261050024,True,Long
290,2016-08-10,8598.05,2016-08-18,8685.1,-1.0,-0.01012438866952392,8,-0.010124388669524143,5,-0.0,-0.010124388669524143,0.0055179215046317065,False,Short
291,2016-08-22,8633.2,2016-08-30,8794.6,-1.0,-0.01869526942501043,8,-0.02333356390214647,3,0.004749108094333487,-0.01869526942501043,0.00725172003367458,False,Short
292,2016-09-08,8982.55,2016-09-15,8773.5,1.0,-0.02327290134761284,7,-0.02674073620519779,4,0.0,-0.02674073620519779,0.0035631151807007377,False,Long
293,2016-09-15,8773.5,2016-10-10,8739.95,-1.0,0.003824015501225242,25,-0.023275549228149672,7,0.020772781672080742,-0.012646036359491797,0.03384684648284897,True,Short
294,2016-10-13,8580.45,2016-10-17,8523.9,-1.0,0.006590563431987939,4,-0.0028728097011230247,1,0.00659056343198805,-0.0028728097011230247,0.00949063792982563,True,Short
295,2016-10-19,8665.25,2016-10-27,8615.25,-1.0,0.005770173970745196,8,-0.006347191367819693,4,0.005770173970745307,-0.006347191367819693,0.012194767863883405,True,Short
296,2016-11-02,8542.6,2016-11-10,8553.35,-1.0,-0.001258399082246564,8,-0.012559406514431215,4,0.009879896050382753,-0.002803596094865579,0.012190898792648897,False,Short
297,2016-11-11,8327.95,2016-11-28,8150.6,-1.0,0.021295757059060172,17,-0.024252297314350857,5,0.046680155380375954,-0.0,0.046680155380375954,True,Short
298,2016-12-08,8255.65,2016-12-22,7996.85,1.0,-0.031348228183122995,14,-0.03384680439772847,9,0.0025861076959414753,-0.031348228183122995,0.005382848204902757,False,Long
299,2016-12-30,8187.4,2017-01-31,8584.3,1.0,0.04847692796247882,32,-0.010010263980348544,2,0.059078584165913606,0.0,0.059078584165913606,True,Long
300,2017-02-01,8737.9,2017-02-09,8796.85,1.0,0.006746472264502978,8,-0.0035217657600434826,3,0.0090067407500658,0.0,0.0090067407500658,True,Long
301,2017-03-30,9173.75,2017-04-06,9272.25,-1.0,-0.010737157650906104,7,-0.012295953127128945,4,-0.0,-0.012295953127128945,0.0015782009612677061,False,Short
302,2017-04-06,9272.25,2017-04-10,9209.35,1.0,-0.006783682493461618,4,-0.006783682493461618,2,0.0,-0.006783682493461618,0.0,False,Long
303,2017-04-11,9264.45,2017-04-13,9182.25,1.0,-0.00887262600586114,2,-0.00887262600586125,2,0.0,-0.00887262600586125,0.0,False,Long
304,2017-04-17,9168.35,2017-04-25,9293.9,-1.0,-0.013693848947738507,8,-0.01851118214330294,5,0.00490818958700312,-0.01369384894773873,0.00490818958700312,False,Short
305,2017-04-28,9333.7,2017-05-11,9439.85,1.0,0.011372767498419645,13,-0.006425330197985746,3,0.011372767498419645,-0.0018213570181172534,0.013218199577103462,True,Long
306,2017-05-16,9522.15,2017-05-18,9440.7,1.0,-0.008553740489280148,2,-0.009760062934312308,1,0.001218212273488728,-0.008553740489280148,0.001218212273488728,False,Long
307,2017-05-19,9445.75,2017-05-22,9443.65,1.0,-0.00022232220840068262,3,-0.00022232220840079364,1,2.220446049250313e-16,-0.0002223222084005716,0.0,False,Long
308,2017-06-01,9630.1,2017-06-09,9682.9,1.0,0.0054828091089396125,8,-0.0020391306592328906,4,0.005752795921122322,0.0,0.005752795921122322,True,Long
309,2017-06-13,9615.1,2017-07-10,9776.95,-1.0,-0.01683289825378842,27,-0.0289020606907322,8,0.01242836787968915,-0.01683289825378842,0.018801772903050296,False,Short
310,2017-07-21,9910.55,2017-08-02,10101.1,1.0,0.019226985384262374,12,-0.003683995088006431,1,0.02299569650523936,0.0,0.02299569650523936,True,Long
311,2017-08-11,9741.05,2017-08-28,9917.05,-1.0,-0.01806786742702271,17,-0.01806786742702271,9,-0.0,-0.01806786742702271,0.014713793985991153,False,Short
312,2017-09-15,10101.95,2017-09-25,9878.65,1.0,-0.022104643162953796,10,-0.02915393157941293,5,0.0072609743663349935,-0.022104643162953908,0.0072609743663352155,False,Long
313,2017-10-13,10192.4,2017-10-31,10368.5,1.0,0.017277579372866114,18,-0.01070598043087212,5,0.019234920136572464,-0.004537694752953181,0.023880979484829368,True,Long
314,2017-11-03,10486.8,2017-11-08,10354.9,1.0,-0.012577716748674472,5,-0.01283658498219653,2,0.00026223442804296226,-0.012577716748674361,0.0002622344280427402,False,Long
315,2017-11-21,10351.9,2017-11-27,10418.5,-1.0,-0.0064336015610662045,6,-0.0064336015610662045,4,-0.0,-0.0064336015610662045,0.0,False,Short
316,2017-12-01,10154.25,2017-12-14,10276.1,-1.0,-0.011999901519068379,13,-0.02712442076788235,6,0.008429967747495049,-0.01892311101263,0.013169913973961167,False,Short
317,2017-12-19,10470.95,2018-01-03,10469.4,1.0,-0.0001480285933942449,15,-0.008288418001496711,3,0.008208424259498859,-0.0008117697057095086,0.00902752223427572,False,Long
318,2018-01-15,10743.3,2018-02-02,10755.85,1.0,0.0011681699291652414,18,-0.034280121928773055,4,0.03670659853117764,-0.003141492837396287,0.039973668361415804,True,Long
319,2018-02-02,10755.85,2018-02-26,10600.45,-1.0,0.014447951579837914,24,-0.022985418093741772,5,0.0383140337583735,-0.0,0.03831403375837361,True,Short
320,2018-03-13,10426.4,2018-03-20,10143.2,-1.0,0.02716181999539624,7,-0.0019012115563841192,1,0.02911839177472575,-0.0,0.02911839177472575,True,Short
321,2018-03-21,10180.15,2018-03-26,10146.2,1.0,-0.0033349213911385567,5,-0.01731310442380518,3,0.0,-0.01731310442380518,0.014224452463539317,False,Long
322,2018-04-03,10285.0,2018-05-02,10739.4,1.0,0.044180845892075826,29,-0.013456490034030155,2,0.048157510938259485,-0.013456490034030155,0.06245441822876607,True,Long
323,2018-05-11,10820.1,2018-05-14,10814.7,1.0,-0.0004990711730944453,3,-0.0004990711730944453,1,0.0,-0.0004990711730944453,0.0,False,Long
324,2018-05-17,10696.2,2018-06-01,10683.9,-1.0,0.001149941100577867,15,-0.028228674606503912,7,0.02520521306632273,-0.0037349712982179817,0.02520521306632273,True,Short
325,2018-06-21,10737.15,2018-06-22,10833.95,-1.0,-0.009015427743861437,1,-0.009015427743861437,1,-0.0,-0.009015427743861437,0.0,False,Short
326,2018-07-10,10947.85,2018-08-10,11439.25,1.0,0.04488552546847102,31,-0.00808840983620951,2,0.04929735062135476,-0.0008449147549519642,0.05018466714204739,True,Long
327,2018-08-28,11752.45,2018-08-30,11676.8,1.0,-0.006436955698599145,2,-0.006436955698599145,2,0.0,-0.006436955698599145,0.0,False,Long
328,2018-09-04,11573.1,2018-10-19,10303.2,-1.0,0.1097285947585348,45,-0.02619792696688028,5,0.1141483267231771,-0.005171475231355416,0.11994006905087629,True,Short
329,2018-11-02,10577.05,2018-11-22,10524.7,1.0,-0.004949395152712532,20,-0.02260834033701231,3,0.01806741955460156,-0.006920644224996608,0.02516220243053735,False,Long
330,2018-11-27,10684.85,2018-12-04,10907.75,1.0,0.0208613129805284,7,-0.0014875503478578578,1,0.022382157915179057,0.0,0.022382157915179057,True,Long
331,2018-12-07,10735.15,2018-12-10,10514.7,1.0,-0.020535344173113423,3,-0.020535344173113312,1,0.0,-0.020535344173113312,0.0,False,Long
332,2018-12-11,10581.1,2018-12-20,10978.2,-1.0,-0.03752917938588629,9,-0.0383135968850119,7,-0.0,-0.0383135968850119,0.0008156687009248653,False,Short
333,2018-12-27,10779.8,2019-01-07,10803.45,-1.0,-0.002193918254513205,11,-0.016767472494851665,4,0.0056865619028181325,-0.016767472494851665,0.022836952368372687,False,Short
334,2019-01-14,10769.8,2019-01-16,10921.65,-1.0,-0.014099611877657958,2,-0.014726364463592656,2,-0.0,-0.014726364463592656,0.00063612032569349,False,Short
335,2019-02-01,10914.05,2019-02-06,11090.3,-1.0,-0.01614890897512833,5,-0.01614890897512833,3,-0.0,-0.01614890897512833,0.0,False,Short
336,2019-02-07,11093.8,2019-02-14,10779.8,1.0,-0.02830409778434806,7,-0.028304097784347948,5,0.0,-0.02830409778434806,0.0,False,Long
337,2019-02-18,10662.25,2019-02-26,10827.8,-1.0,-0.015526741541419531,8,-0.025206983987634657,5,0.004229876433210711,-0.02108372998194552,0.005676673900234297,False,Short
338,2019-03-01,10917.05,2019-03-27,11458.1,1.0,0.049560091783036775,26,-0.017345461616576463,5,0.05987881341571222,0.0,0.05987881341571222,True,Long
339,2019-04-22,11618.9,2019-05-20,11859.45,-1.0,-0.020703336804688943,28,-0.05654893929280669,7,0.03799413025329412,-0.020703336804688943,0.05567518359987034,False,Short
340,2019-05-29,11862.25,2019-06-10,11933.8,1.0,0.006031739341187281,12,-0.018208179636414856,4,0.0204177116482962,0.0,0.0204177116482962,True,Long
341,2019-06-25,11810.3,2019-07-01,11903.65,-1.0,-0.007904117592271165,6,-0.007904117592271165,4,0.0,-0.007904117592271387,0.001947908337728066,False,Short
342,2019-07-08,11566.3,2019-08-08,11063.95,-1.0,0.043432212548524474,31,-0.015768426207115604,6,0.05983330883687954,-0.009467158901290684,0.06996281684239891,True,Short
343,2019-08-13,10925.15,2019-08-14,11028.15,-1.0,-0.009427788176821439,1,-0.009427788176821217,1,1.1102230246251565e-16,-0.009427788176821217,0.0,False,Short
344,2019-08-28,11049.25,2019-09-03,10836.4,1.0,-0.019263750933321333,6,-0.020119541726573043,1,0.0008733624454146938,-0.019263750933321333,0.01010202497191326,False,Long
345,2019-09-06,10973.65,2019-09-12,10996.45,1.0,0.002077704318982354,6,-0.005817843193982375,1,0.007941751377162687,0.0,0.007941751377162465,True,Long
346,2019-09-16,11017.2,2019-09-17,10833.5,1.0,-0.016673928039792396,1,-0.016673928039792396,1,0.0,-0.016673928039792396,0.0,False,Long
347,2019-09-18,10855.45,2019-09-19,10711.3,1.0,-0.013279044166755072,1,-0.013279044166755072,1,0.0,-0.013279044166755072,0.0,False,Long
348,2019-09-20,11295.5,2019-10-07,11162.0,1.0,-0.011818865920056654,17,-0.03890613362493911,8,0.028183790004869147,-0.011818865920056654,0.02818379000486937,False,Long
349,2019-10-07,11162.0,2019-10-18,11670.0,-1.0,-0.04551155706862575,11,-0.04551155706862575,8,-0.0,-0.04551155706862575,0.008513797910042475,False,Short
350,2019-10-18,11670.0,2019-11-13,11863.25,1.0,0.016559554413024813,26,-0.015330408907739623,5,0.03238646101113973,-0.005231362467866152,0.0378156508555898,True,Long
351,2019-11-18,11920.9,2019-11-27,12108.55,-1.0,-0.01574126114638985,9,-0.016269398774240496,3,0.0005368722160239425,-0.01574126114638985,0.008766328502619825,False,Short
352,2019-11-27,12108.55,2019-11-29,12099.85,1.0,-0.0007185005636511921,2,-0.004221822625841809,1,0.0035181751737407563,-0.0007185005636511921,0.0035181751737407563,False,Long
353,2019-12-09,11966.7,2019-12-17,12187.15,-1.0,-0.018421954256394812,8,-0.024008741026322555,5,0.005724218038389961,-0.01842195425639459,0.00572421803838985,False,Short
354,2019-12-27,12319.25,2020-01-01,12243.8,1.0,-0.006124561154291053,5,-0.006934700266844063,2,0.0008157964161779052,-0.006124561154291164,0.0008157964161779052,False,Long
355,2020-01-03,12256.45,2020-01-09,12269.75,-1.0,-0.0010851429247455968,6,-0.018128669040515577,3,0.01735820731125237,-0.0010851429247455968,0.01735820731125237,False,Short
356,2020-01-10,12290.0,2020-01-14,12397.0,-1.0,-0.008706265256305912,4,-0.008706265256305912,2,-0.0,-0.008706265256305912,0.0,False,Short
357,2020-01-21,12203.1,2020-01-23,12201.0,1.0,-0.00017208742040963898,2,-0.0047405987003302785,2,0.0,-0.0047405987003302785,0.0045902719170045625,False,Long
358,2020-01-23,12201.0,2020-02-11,12126.85,-1.0,0.006077370707319063,19,-0.037769374995096805,7,0.04475862634210315,-0.0057864109499221605,0.050839213875882194,True,Short
359,2020-02-24,11827.55,2020-03-30,8290.15,-1.0,0.2990813820275543,35,-0.06655965856951318,5,0.3589923526004961,-2.220446049250313e-16,0.35899235260049633,True,Short
360,2020-04-20,9260.5,2020-05-04,9285.9,1.0,0.002742832460450151,14,-0.05821560056390018,2,0.06472652664542933,-0.0311970195993736,0.09901243925275294,True,Long
