,TTMT IS Equity,LT IS Equity,SBIN IS Equity,IIB IS Equity,MSIL IS Equity,UTCEM IS Equity,BAF IS Equity,TATA IS Equity,GRASIM IS Equity,BJFIN IS Equity,HUVR IS Equity,BPCL IS Equity,DRRD IS Equity,BJAUT IS Equity,VEDL IS Equity,HNDL IS Equity,IOCL IS Equity,NTPC IS Equity,CIPLA IS Equity,UPLL IS Equity,WPRO IS Equity,APNT IS Equity,SUNP IS Equity,TCS IS Equity,AXSB IS Equity,HMCL IS Equity,KMB IS Equity,HDFCB IS Equity,ITC IS Equity,NEST IS Equity,SBILIFE IS Equity,TTAN IS Equity,HDFCLIFE IS Equity,MM IS Equity,ICICIBC IS Equity,EIM IS Equity,INFO IS Equity,TECHM IS Equity,ADSEZ IS Equity,BHARTI IS Equity,GAIL IS Equity,COAL IS Equity,DIVI IS Equity,HCLT IS Equity,ONGC IS Equity,JSTL IS Equity,HDFC IS Equity
31-01-2000,0,0,0,0,0,0,0,0,0,0,0,0,0,0,0,0,0,0,0,0,0,0,0,0,0,0,0,0,0,0,0,0,0,0,0,0,0,0,0,0,0,0,0,0,0,0,0
29-02-2000,0,0,0,0,0,0,0,0,0,0,0,0,0,0,0,0,0,0,0,0,0,0,0,0,0,0,0,0,0,0,0,0,0,0,0,0,0,0,0,0,0,0,0,0,0,0,0
31-03-2000,0,0,0,0,0,0,0,0,0,0,0,0,0,0,0,0,0,0,0,0,0,0,0,0,0,0,0,0,0,0,0,0,0,0,0,0,0,0,0,0,0,0,0,0,0,0,0
30-04-2000,0,0,0,0,0,0,0,0,0,0,0,0,0,0,0,0,0,0,0,0,0,0,0,0,0,0,0,0,0,0,0,0,0,0,0,0,0,0,0,0,0,0,0,0,0,0,0
31-05-2000,0,0,0,0,0,0,0,0,0,0,0,0,0,0,0,0,0,0,0,0,0,0,0,0,0,0,0,0,0,0,0,0,0,0,0,0,0,0,0,0,0,0,0,0,0,0,0
30-06-2000,0,0,0,0,0,0,0,0,0,0,0,0,0,0,0,0,0,0,0,0,0,0,0,0,0,0,0,0,0,0,0,0,0,0,0,0,0,0,0,0,0,0,0,0,0,0,0
31-07-2000,0,0,0,0,0,0,0,0,0,0,0,0,0,0,0,0,0,0,0,0,0,0,0,0,0,0,0,0,0,0,0,0,0,0,0,0,0,0,0,0,0,0,0,0,0,0,0
31-08-2000,0,0,0,0,0,0,0,0,0,0,0,0,0,0,0,0,0,0,0,0,0,0,0,0,0,0,0,0,0,0,0,0,0,0,0,0,0,0,0,0,0,0,0,0,0,0,0
30-09-2000,0,0,0,0,0,0,0,0,0,0,0,0,0,0,0,0,0,0,0,0,0,0,0,0,0,0,0,0,0,0,0,0,0,0,0,0,0,0,0,0,0,0,0,0,0,0,0
31-10-2000,0,0,0,0,0,0,0,0,0,0,0,0,0,0,0,0,0,0,0,0,0,0,0,0,0,0,0,0,0,0,0,0,0,0,0,0,0,0,0,0,0,0,0,0,0,0,0
30-11-2000,0,0,0,0,0,0,0,0,0,0,0,0,0,0,0,0,0,0,0,0,0,0,0,0,0,0,0,0,0,0,0,0,0,0,0,0,0,0,0,0,0,0,0,0,0,0,0
31-12-2000,0,0,0,0,0,0,0,0,0,0,0,0,0,0,0,0,0,0,0,0,0,0,0,0,0,0,0,0,0,0,0,0,0,0,0,0,0,0,0,0,0,0,0,0,0,0,0
31-01-2001,0,0,0,0,0,0,0,0,0,0,0,0,0,0,0,0,0,0,0,0,0,0,0,0,0,0,0,0,0,0,0,0,0,0,0,0,0,0,0,0,0,0,0,0,0,0,0
28-02-2001,0,0,0,0,0,0,0,0,0,0,0,0,0,0,0,0,0,0,0,0,0,0,0,0,0,0,0,0,0,0,0,0,0,0,0,0,0,0,0,0,0,0,0,0,0,0,0
31-03-2001,0,0,0,0,0,0,0,0,0,0,0,0,0,0,0,0,0,0,0,0,0,0,0,0,0,0,0,0,0,0,0,0,0,0,0,0,0,0,0,0,0,0,0,0,0,0,0
30-04-2001,0,0,0,0,0,0,0,0,0,0,0,0,0,0,0,0,0,0,0,0,0,0,0,0,0,0,0,0,0,0,0,0,0,0,0,0,0,0,0,0,0,0,0,0,0,0,0
31-05-2001,0,0,0,0,0,0,0,0,0,0,0,0,0,0,0,0,0,0,0,0,0,0,0,0,0,0,0,0,0,0,0,0,0,0,0,0,0,0,0,0,0,0,0,0,0,0,0
30-06-2001,0,0,0,0,0,0,0,0,0,0,0,0,0,0,0,0,0,0,0,0,0,0,0,0,0,0,0,0,0,0,0,0,0,0,0,0,0,0,0,0,0,0,0,0,0,0,0
31-07-2001,0,0,0,0,0,0,0,0,0,0,0,0,0,0,0,0,0,0,0,0,0,0,0,0,0,0,0,0,0,0,0,0,0,0,0,0,0,0,0,0,0,0,0,0,0,0,0
31-08-2001,0,0,0,0,0,0,0,0,0,0,0,0,0,0,0,0,0,0,0,0,0,0,0,0,0,0,0,0,0,0,0,0,0,0,0,0,0,0,0,0,0,0,0,0,0,0,0
30-09-2001,0,0,0,0,0,0,0,0,0,0,0,0,0,0,0,0,0,0,0,0,0,0,0,0,0,0,0,0,0,0,0,0,0,0,0,0,0,0,0,0,0,0,0,0,0,0,0
31-10-2001,0,0,0,0,0,0,0,0,0,0,0,0,0,0,0,0,0,0,0,0,0,0,0,0,0,0,0,0,0,0,0,0,0,0,0,0,0,0,0,0,0,0,0,0,0,0,0
30-11-2001,0,0,0,0,0,0,0,0,0,0,0,0,0,0,0,0,0,0,0,0,0,0,0,0,0,0,0,0,0,0,0,0,0,0,0,0,0,0,0,0,0,0,0,0,0,0,0
31-12-2001,0,0,0,0,0,0,0,0,0,0,0,0,0,0,0,0,0,0,0,0,0,0,0,0,0,0,0,0,0,0,0,0,0,0,0,0,0,0,0,0,0,0,0,0,0,0,0
31-01-2002,0,0,0,0,0,0,0,0,0,0,0,0,0,0,0,0,0,0,0,0,0,0,0,0,0,0,0,0,0,0,0,0,0,0,0,0,0,0,0,0,0,0,0,0,0,0,0
28-02-2002,0,0,0,0,0,0,0,0,0,0,0,0,0,0,0,0,0,0,0,0,0,0,0,0,0,0,0,0,0,0,0,0,0,0,0,0,0,0,0,0,0,0,0,0,0,0,0
31-03-2002,0,0,0,0,0,0,0,0,0,0,0,0,0,0,0,0,0,0,0,0,0,0,0,0,0,0,0,0,0,0,0,0,0,0,0,0,0,0,0,0,0,0,0,0,0,0,0
30-04-2002,0,0,0,0,0,0,0,0,0,0,0,0,0,0,0,0,0,0,0,0,0,0,0,0,0,0,0,0,0,0,0,0,0,0,0,0,0,0,0,0,0,0,0,0,0,0,0
31-05-2002,0,0,0,0,0,0,0,0,0,0,0,0,0,0,0,0,0,0,0,0,0,0,0,0,0,0,0,0,0,0,0,0,0,0,0,0,0,0,0,0,0,0,0,0,0,0,0
30-06-2002,0,0,0,0,0,0,0,0,0,0,0,0,0,0,0,0,0,0,0,0,0,0,0,0,0,0,0,0,0,0,0,0,0,0,0,0,0,0,0,0,0,0,0,0,0,0,0
31-07-2002,0,0,0,0,0,0,0,0,0,0,0,0,0,0,0,0,0,0,0,0,0,0,0,0,0,0,0,0,0,0,0,0,0,0,0,0,0,0,0,0,0,0,0,0,0,0,0
31-08-2002,0,0,0,0,0,0,0,0,0,0,0,0,0,0,0,0,0,0,0,0,0,0,0,0,0,0,0,0,0,0,0,0,0,0,0,0,0,0,0,0,0,0,0,0,0,0,0
30-09-2002,0,0,0,0,0,0,0,0,0,0,0,0,0,0,0,0,0,0,0,0,0,0,0,0,0,0,0,0,0,0,0,0,0,0,0,0,0,0,0,0,0,0,0,0,0,0,0
31-10-2002,0,0,0,0,0,0,0,0,0,0,0,0,0,0,0,0,0,0,0,0,0,0,0,0,0,0,0,0,0,0,0,0,0,0,0,0,0,0,0,0,0,0,0,0,0,0,0
30-11-2002,0,0,0,0,0,0,0,0,0,0,0,0,0,0,0,0,0,0,0,0,0,0,0,0,0,0,0,0,0,0,0,0,0,0,0,0,0,0,0,0,0,0,0,0,0,0,0
31-12-2002,0,0,0,0,0,0,0,0,0,0,0,0,0,0,0,0,0,0,0,0,0,0,0,0,0,0,0,0,0,0,0,0,0,0,0,0,0,0,0,0,0,0,0,0,0,0,0
31-01-2003,0,0,0,0,0,0,0,0,0,0,0,0,0,0,0,0,0,0,0,0,0,0,0,0,0,0,0,0,0,0,0,0,0,0,0,0,0,0,0,0,0,0,0,0,0,0,0
28-02-2003,0,0,0,0,0,0,0,0,0,0,0,0,0,0,0,0,0,0,0,0,0,0,0,0,0,0,0,0,0,0,0,0,0,0,0,0,0,0,0,0,0,0,0,0,0,0,0
31-03-2003,0,0,0,0,0,0,0,0,0,0,0,0,0,0,0,0,0,0,0,0,0,0,0,0,0,0,0,0,0,0,0,0,0,0,0,0,0,0,0,0,0,0,0,0,0,0,0
30-04-2003,0,0,0,0,0,0,0,0,0,0,0,0,0,0,0,0,0,0,0,0,0,0,0,0,0,0,0,0,0,0,0,0,0,0,0,0,0,0,0,0,0,0,0,0,0,0,0
31-05-2003,0,0,0,0,0,0,0,0,0,0,0,0,0,0,0,0,0,0,0,0,0,0,0,0,0,0,0,0,0,0,0,0,0,0,0,0,0,0,0,0,0,0,0,0,0,0,0
30-06-2003,0,0,0,0,0,0,0,0,0,0,0,0,0,0,0,0,0,0,0,0,0,0,0,0,0,0,0,0,0,0,0,0,0,0,0,0,0,0,0,0,0,0,0,0,0,0,0
31-07-2003,0,0,0,0,0,0,0,0,0,0,0,0,0,0,0,0,0,0,0,0,0,0,0,0,0,0,0,0,0,0,0,0,0,0,0,0,0,0,0,0,0,0,0,0,0,0,0
31-08-2003,0,0,0,0,0,0,0,0,0,0,0,0,0,0,0,0,0,0,0,0,0,0,0,0,0,0,0,0,0,0,0,0,0,0,0,0,0,0,0,0,0,0,0,0,0,0,0
30-09-2003,0,0,0,0,0,0,0,0,0,0,0,0,0,0,0,0,0,0,0,0,0,0,0,0,0,0,0,0,0,0,0,0,0,0,0,0,0,0,0,0,0,0,0,0,0,0,0
31-10-2003,0,0,0,0,0,0,0,0,0,0,0,0,0,0,0,0,0,0,0,0,0,0,0,0,0,0,0,0,0,0,0,0,0,0,0,0,0,0,0,0,0,0,0,0,0,0,0
30-11-2003,0,0,0,0,0,0,0,0,0,0,0,0,0,0,0,0,0,0,0,0,0,0,0,0,0,0,0,0,0,0,0,0,0,0,0,0,0,0,0,0,0,0,0,0,0,0,0
31-12-2003,0,0,0,0,0,0,0,0,0,0,0,0,0,0,0,0,0,0,0,0,0,0,0,0,0,0,0,0,0,0,0,0,0,0,0,0,0,0,0,0,0,0,0,0,0,0,0
31-01-2004,0,0,0,0,0,0,0,0,0,0,0,0,0,0,0,0,0,0,0,0,0,0,0,0,0,0,0,0,0,0,0,0,0,0,0,0,0,0,0,0,0,0,0,0,0,0,0
29-02-2004,0,0,0,0,0,0,0,0,0,0,0,0,0,0,0,0,0,0,0,0,0,0,0,0,0,0,0,0,0,0,0,0,0,0,0,0,0,0,0,0,0,0,0,0,0,0,0
31-03-2004,0,0,0,0,0,0,0,0,0,0,0,0,0,0,0,0,0,0,0,0,0,0,0,0,0,0,0,0,0,0,0,0,0,0,0,0,0,0,0,0,0,0,0,0,0,0,0
30-04-2004,0,0,0,0,0,0,0,0,0,0,0,0,0,0,0,0,0,0,0,0,0,0,0,0,0,0,0,0,0,0,0,0,0,0,0,0,0,0,0,0,0,0,0,0,0,0,0
31-05-2004,0,0,0,0,0,0,0,0,0,0,0,0,0,0,0,0,0,0,0,0,0,0,0,0,0,0,0,0,0,0,0,0,0,0,0,0,0,0,0,0,0,0,0,0,0,0,0
30-06-2004,0,0,0,0,0,0,0,0,0,0,0,0,0,0,0,0,0,0,0,0,0,0,0,0,0,0,0,0,0,0,0,0,0,0,0,0,0,0,0,0,0,0,0,0,0,0,0
31-07-2004,0,0,0,0,0,0,0,0,0,0,0,0,0,0,0,0,0,0,0,0,0,0,0,0,0,0,0,0,0,0,0,0,0,0,0,0,0,0,0,0,0,0,0,0,0,0,0
31-08-2004,0,0,0,0,0,0,0,0,0,0,0,0,0,0,0,0,0,0,0,0,0,0,0,0,0,0,0,0,0,0,0,0,0,0,0,0,0,0,0,0,0,0,0,0,0,0,0
30-09-2004,0,0,0,0,0,0,0,0,0,0,0,0,0,0,0,0,0,0,0,0,0,0,0,0,0,0,0,0,0,0,0,0,0,0,0,0,0,0,0,0,0,0,0,0,0,0,0
31-10-2004,0,0,0,0,0,0,0,0,0,0,0,0,0,0,0,0,0,0,0,0,0,0,0,0,0,0,0,0,0,0,0,0,0,0,0,0,0,0,0,0,0,0,0,0,0,0,0
30-11-2004,0,0,0,0,0,0,0,0,0,0,0,0,0,0,0,0,0,0,0,0,0,0,0,0,0,0,0,0,0,0,0,0,0,0,0,0,0,0,0,0,0,0,0,0,0,0,0
31-12-2004,0,0,0,0,0,0,0,0,0,0,0,0,0,0,0,0,0,0,0,0,0,0,0,0,0,0,0,0,0,0,0,0,0,0,0,0,0,0,0,0,0,0,0,0,0,0,0
31-01-2005,0,0,0,0,0,0,0,0,0,0,0,0,0,0,0,0,0,0,0,0,0,0,0,0,0,0,0,0,0,0,0,0,0,0,0,0,0,0,0,0,0,0,0,0,0,0,0
28-02-2005,0,0,0,0,0,0,0,0,0,0,0,0,0,0,0,0,0,0,0,0,0,0,0,0,0,0,0,0,0,0,0,0,0,0,0,0,0,0,0,0,0,0,0,0,0,0,0
31-03-2005,0,0,0,0,0,0,0,0,0,0,0,0,0,0,0,0,0,0,0,0,0,0,0,0,0,0,0,0,0,0,0,0,0,0,0,0,0,0,0,0,0,0,0,0,0,0,0
30-04-2005,0,0,0,0,0,0,0,0,0,0,0,0,0,0,0,0,0,0,0,0,0,0,0,0,0,0,0,0,0,0,0,0,0,0,0,0,0,0,0,0,0,0,0,0,0,0,0
31-05-2005,0,0,0,0,0,0,0,0,0,0,0,0,0,0,0,0,0,0,0,0,0,0,0,0,0,0,0,0,0,0,0,0,0,0,0,0,0,0,0,0,0,0,0,0,0,0,0
30-06-2005,0,0,0,0,0,0,0,0,0,0,0,0,0,0,0,0,0,0,0,0,0,0,0,0,0,0,0,0,0,0,0,0,0,0,0,0,0,0,0,0,0,0,0,0,0,0,0
31-07-2005,0,0,0,0,0,0,0,0,0,0,0,0,0,0,0,0,0,0,0,0,0,0,0,0,0,0,0,0,0,0,0,0,0,0,0,0,0,0,0,0,0,0,0,0,0,0,0
31-08-2005,0,0,0,0,0,0,0,0,0,0,0,0,0,0,0,0,0,0,0,0,0,0,0,0,0,0,0,0,0,0,0,0,0,0,0,0,0,0,0,0,0,0,0,0,0,0,0
30-09-2005,0,0,0,0,0,0,0,0,0,0,0,0,0,0,0,0,0,0,0,0,0,0,0,0,0,0,0,0,0,0,0,0,0,0,0,0,0,0,0,0,0,0,0,0,0,0,0
31-10-2005,0,0,0,0,0,0,0,0,0,0,0,0,0,0,0,0,0,0,0,0,0,0,0,0,0,0,0,0,0,0,0,0,0,0,0,0,0,0,0,0,0,0,0,0,0,0,0
30-11-2005,0,0,0,0,0,0,0,0,0,0,0,0,0,0,0,0,0,0,0,0,0,0,0,0,0,0,0,0,0,0,0,0,0,0,0,0,0,0,0,0,0,0,0,0,0,0,0
31-12-2005,0,0,0,0,0,0,0,0,0,0,0,0,0,0,0,0,0,0,0,0,0,0,0,0,0,0,0,0,0,0,0,0,0,0,0,0,0,0,0,0,0,0,0,0,0,0,0
31-01-2006,0,0,0,0,0,0,0,0,0,0,0,0,0,0,0,0,0,0,0,0,0,0,0,0,0,0,0,0,0,0,0,0,0,0,0,0,0,0,0,0,0,0,0,0,0,0,0
28-02-2006,0,0,0,0,0,0,0,0,0,0,0,0,0,0,0,0,0,0,0,0,0,0,0,0,0,0,0,0,0,0,0,0,0,0,0,0,0,0,0,0,0,0,0,0,0,0,0
31-03-2006,0,0,0,0,0,0,0,0,0,0,0,0,0,0,0,0,0,0,0,0,0,0,0,0,0,0,0,0,0,0,0,0,0,0,0,0,0,0,0,0,0,0,0,0,0,0,0
30-04-2006,0,0,0,0,0,0,0,0,0,0,0,0,0,0,0,0,0,0,0,0,0,0,0,0,0,0,0,0,0,0,0,0,0,0,0,0,0,0,0,0,0,0,0,0,0,0,0
31-05-2006,0,0,0,0,0,0,0,0,0,0,0,0,0,0,0,0,0,0,0,0,0,0,0,0,0,0,0,0,0,0,0,0,0,0,0,0,0,0,0,0,0,0,0,0,0,0,0
30-06-2006,0,0,0,0,0,0,0,0,0,0,0,0,0,0,0,0,0,0,0,0,0,0,0,0,0,0,0,0,0,0,0,0,0,0,0,0,0,0,0,0,0,0,0,0,0,0,0
31-07-2006,0,0,0,0,0,0,0,0,0,0,0,0,0,0,0,0,0,0,0,0,0,0,0,0,0,0,0,0,0,0,0,0,0,0,0,0,0,0,0,0,0,0,0,0,0,0,0
31-08-2006,0,0,0,0,0,0,0,0,0,0,0,0,0,0,0,0,0,0,0,0,0,0,0,0,0,0,0,0,0,0,0,0,0,0,0,0,0,0,0,0,0,0,0,0,0,0,0
30-09-2006,0,0,0,0,0,0,0,0,0,0,0,0,0,0,0,0,0,0,0,0,0,0,0,0,0,0,0,0,0,0,0,0,0,0,0,0,0,0,0,0,0,0,0,0,0,0,0
31-10-2006,0,0,0,0,0,0,0,0,0,0,0,0,0,0,0,0,0,0,0,0,0,0,0,0,0,0,0,0,0,0,0,0,0,0,0,0,0,0,0,0,0,0,0,0,0,0,0
30-11-2006,0,0,0,0,0,0,0,0,0,0,0,0,0,0,0,0,0,0,0,0,0,0,0,0,0,0,0,0,0,0,0,0,0,0,0,0,0,0,0,0,0,0,0,0,0,0,0
31-12-2006,0,0,0,0,0,0,0,0,0,0,0,0,0,0,0,0,0,0,0,0,0,0,0,0,0,0,0,0,0,0,0,0,0,0,0,0,0,0,0,0,0,0,0,0,0,0,0
31-01-2007,0,0,0,0,0,0,0,0,0,0,0,0,0,0,0,0,0,0,0,0,0,0,0,0,0,0,0,0,0,0,0,0,0,0,0,0,0,0,0,0,0,0,0,0,0,0,0
28-02-2007,0,0,0,0,0,0,0,0,0,0,0,0,0,0,0,0,0,0,0,0,0,0,0,0,0,0,0,0,0,0,0,0,0,0,0,0,0,0,0,0,0,0,0,0,0,0,0
31-03-2007,0,0,0,0,0,0,0,0,0,0,0,0,0,0,0,0,0,0,0,0,0,0,0,0,0,0,0,0,0,0,0,0,0,0,0,0,0,0,0,0,0,0,0,0,0,0,0
30-04-2007,0,0,0,0,0,0,0,0,0,0,0,0,0,0,0,0,0,0,0,0,0,0,0,0,0,0,0,0,0,0,0,0,0,0,0,0,0,0,0,0,0,0,0,0,0,0,0
31-05-2007,0,0,0,0,0,0,0,0,0,0,0,0,0,0,0,0,0,0,0,0,0,0,0,0,0,0,0,0,0,0,0,0,0,0,0,0,0,0,0,0,0,0,0,0,0,0,0
30-06-2007,0,0,0,0,0,0,0,0,0,0,0,0,0,0,0,0,0,0,0,0,0,0,0,0,0,0,0,0,0,0,0,0,0,0,0,0,0,0,0,0,0,0,0,0,0,0,0
31-07-2007,0,0,0,0,0,0,0,0,0,0,0,0,0,0,0,0,0,0,0,0,0,0,0,0,0,0,0,0,0,0,0,0,0,0,0,0,0,0,0,0,0,0,0,0,0,0,0
31-08-2007,0,0,0,0,0,0,0,0,0,0,0,0,0,0,0,0,0,0,0,0,0,0,0,0,0,0,0,0,0,0,0,0,0,0,0,0,0,0,0,0,0,0,0,0,0,0,0
30-09-2007,0,0,0,0,0,0,0,0,0,0,0,0,0,0,0,0,0,0,0,0,0,0,0,0,0,0,0,0,0,0,0,0,0,0,0,0,0,0,0,0,0,0,0,0,0,0,0
31-10-2007,0,0,0,0,0,0,0,0,0,0,0,0,0,0,0,0,0,0,0,0,0,0,0,0,0,0,0,0,0,0,0,0,0,0,0,0,0,0,0,0,0,0,0,0,0,0,0
30-11-2007,0,0,0,0,0,0,0,0,0,0,0,0,0,0,0,0,0,0,0,0,0,0,0,0,0,0,0,0,0,0,0,0,0,0,0,0,0,0,0,0,0,0,0,0,0,0,0
31-12-2007,0,0,0,0,0,0,0,0,0,0,0,0,0,0,0,0,0,0,0,0,0,0,0,0,0,0,0,0,0,0,0,0,0,0,0,0,0,0,0,0,0,0,0,0,0,0,0
31-01-2008,0,0,0,0,0,0,0,0,0,0,0,0,0,0,0,0,0,0,0,0,0,0,0,0,0,0,0,0,0,0,0,0,0,0,0,0,0,0,0,0,0,0,0,0,0,0,0
29-02-2008,0,0,0,0,0,0,0,0,0,0,0,0,0,0,0,0,0,0,0,0,0,0,0,0,0,0,0,0,0,0,0,0,0,0,0,0,0,0,0,0,0,0,0,0,0,0,0
31-03-2008,0,0,0,0,0,0,0,0,0,0,0,0,0,0,0,0,0,0,0,0,0,0,0,0,0,0,0,0,0,0,0,0,0,0,0,0,0,0,0,0,0,0,0,0,0,0,0
30-04-2008,0,0,0,0,0,0,0,0,0,0,0,0,0,0,0,0,0,0,0,0,0,0,0,0,0,0,0,0,0,0,0,0,0,0,0,0,0,0,0,0,0,0,0,0,0,0,0
31-05-2008,0,0,0,0,0,0,0,0,0,0,0,0,0,0,0,0,0,0,0,0,0,0,0,0,0,0,0,0,0,0,0,0,0,0,0,0,0,0,0,0,0,0,0,0,0,0,0
30-06-2008,0,0,0,0,0,0,0,0,0,0,0,0,0,0,0,0,0,0,0,0,0,0,0,0,0,0,0,0,0,0,0,0,0,0,0,0,0,0,0,0,0,0,0,0,0,0,0
31-07-2008,0,0,0,0,0,0,0,0,0,0,0,0,0,0,0,0,0,0,0,0,0,0,0,0,0,0,0,0,0,0,0,0,0,0,0,0,0,0,0,0,0,0,0,0,0,0,0
31-08-2008,0,0,0,0,0,0,0,0,0,0,0,0,0,0,0,0,0,0,0,0,0,0,0,0,0,0,0,0,0,0,0,0,0,0,0,0,0,0,0,0,0,0,0,0,0,0,0
30-09-2008,0,0,0,0,0,0,0,0,0,0,0,0,0,0,0,0,0,0,0,0,0,0,0,0,0,0,0,0,0,0,0,0,0,0,0,0,0,0,0,0,0,0,0,0,0,0,0
31-10-2008,0,0,0,0,0,0,0,0,0,0,0,0,0,0,0,0,0,0,0,0,0,0,0,0,0,0,0,0,0,0,0,0,0,0,0,0,0,0,0,0,0,0,0,0,0,0,0
30-11-2008,0,0,0,0,0,0,0,0,0,0,0,0,0,0,0,0,0,0,0,0,0,0,0,0,0,0,0,0,0,0,0,0,0,0,0,0,0,0,0,0,0,0,0,0,0,0,0
31-12-2008,0,0,0,0,0,0,0,0,0,0,0,0,0,0,0,0,0,0,0,0,0,0,0,0,0,0,0,0,0,0,0,0,0,0,0,0,0,0,0,0,0,0,0,0,0,0,0
31-01-2009,0,0,0,0,0,0,0,0,0,0,0,0,0,0,0,0,0,0,0,0,0,0,0,0,0,0,0,0,0,0,0,0,0,0,0,0,0,0,0,0,0,0,0,0,0,0,0
28-02-2009,0,0,0,0,0,0,0,0,0,0,0,0,0,0,0,0,0,0,0,0,0,0,0,0,0,0,0,0,0,0,0,0,0,0,0,0,0,0,0,0,0,0,0,0,0,0,0
31-03-2009,0,0,0,0,0,0,0,0,0,0,0,0,0,0,0,0,0,0,0,0,0,0,0,0,0,0,0,0,0,0,0,0,0,0,0,0,0,0,0,0,0,0,0,0,0,0,0
30-04-2009,0,0,0,0,0,0,0,0,0,0,0,0,0,0,0,0,0,0,0,0,0,0,0,0,0,0,0,0,0,0,0,0,0,0,0,0,0,0,0,0,0,0,0,0,0,0,0
31-05-2009,0,0,0,0,0,0,0,0,0,0,0,0,0,0,0,0,0,0,0,0,0,0,0,0,0,0,0,0,0,0,0,0,0,0,0,0,0,0,0,0,0,0,0,0,0,0,0
30-06-2009,0,0,0,0,0,0,0,0,0,0,0,0,0,0,0,0,0,0,0,0,0,0,0,0,0,0,0,0,0,0,0,0,0,0,0,0,0,0,0,0,0,0,0,0,0,0,0
31-07-2009,0,0,0,0,0,0,0,0,0,0,0,0,0,0,0,0,0,0,0,0,0,0,0,0,0,0,0,0,0,0,0,0,0,0,0,0,0,0,0,0,0,0,0,0,0,0,0
31-08-2009,0,0,0,0,0,0,0,0,0,0,0,0,0,0,0,0,0,0,0,0,0,0,0,0,0,0,0,0,0,0,0,0,0,0,0,0,0,0,0,0,0,0,0,0,0,0,0
30-09-2009,0,0,0,0,0,0,0,0,0,0,0,0,0,0,0,0,0,0,0,0,0,0,0,0,0,0,0,0,0,0,0,0,0,0,0,0,0,0,0,0,0,0,0,0,0,0,0
31-10-2009,0,0,0,0,0,0,0,0,0,0,0,0,0,0,0,0,0,0,0,0,0,0,0,0,0,0,0,0,0,0,0,0,0,0,0,0,0,0,0,0,0,0,0,0,0,0,0
30-11-2009,0,0,0,0,0,0,0,0,0,0,0,0,0,0,0,0,0,0,0,0,0,0,0,0,0,0,0,0,0,0,0,0,0,0,0,0,0,0,0,0,0,0,0,0,0,0,0
31-12-2009,0,0,0,0,0,0,0,0,0,0,0,0,0,0,0,0,0,0,0,0,0,0,0,0,0,0,0,0,0,0,0,0,0,0,0,0,0,0,0,0,0,0,0,0,0,0,0
31-01-2010,0,0,0,0,0,0,0,0,0,0,0,0,0,0,0,0,0,0,0,0,0,0,0,0,0,0,0,0,0,0,0,0,0,0,0,0,0,0,0,0,0,0,0,0,0,0,0
28-02-2010,0,0,0,0,0,0,0,0,0,0,0,0,0,0,0,0,0,0,0,0,0,0,0,0,0,0,0,0,0,0,0,0,0,0,0,0,0,0,0,0,0,0,0,0,0,0,0
31-03-2010,0,0,0,0,0,0,0,0,0,0,0,0,0,0,0,0,0,0,0,0,0,0,0,0,0,0,0,0,0,0,0,0,0,0,0,0,0,0,0,0,0,0,0,0,0,0,0
30-04-2010,0,0,0,0,0,0,0,0,0,0,0,0,0,0,0,0,0,0,0,0,0,0,0,0,0,0,0,0,0,0,0,0,0,0,0,0,0,0,0,0,0,0,0,0,0,0,0
31-05-2010,0,0,0,0,0,0,0,0,0,0,0,0,0,0,0,0,0,0,0,0,0,0,0,0,0,0,0,0,0,0,0,0,0,0,0,0,0,0,0,0,0,0,0,0,0,0,0
30-06-2010,0,0,0,0,0,0,0,0,0,0,0,0,0,0,0,0,0,0,0,0,0,0,0,0,0,0,0,0,0,0,0,0,0,0,0,0,0,0,0,0,0,0,0,0,0,0,0
31-07-2010,0,0,0,0,0,0,0,0,0,0,0,0,0,0,0,0,0,0,0,0,0,0,0,0,0,0,0,0,0,0,0,0,0,0,0,0,0,0,0,0,0,0,0,0,0,0,0
31-08-2010,0,0,0,0,0,0,0,0,0,0,0,0,0,0,0,0,0,0,0,0,0,0,0,0,0,0,0,0,0,0,0,0,0,0,0,0,0,0,0,0,0,0,0,0,0,0,0
30-09-2010,0,0,0,0,0,0,0,0,0,0,0,0,0,0,0,0,0,0,0,0,0,0,0,0,0,0,0,0,0,0,0,0,0,0,0,0,0,0,0,0,0,0,0,0,0,0,0
31-10-2010,0,0,0,0,0,0,0,0,0,0,0,0,0,0,0,0,0,0,0,0,0,0,0,0,0,0,0,0,0,0,0,0,0,0,0,0,0,0,0,0,0,0,0,0,0,0,0
30-11-2010,0,0,0,0,0,0,0,0,0,0,0,0,0,0,0,0,0,0,0,0,0,0,0,0,0,0,0,0,0,0,0,0,0,0,0,0,0,0,0,0,0,0,0,0,0,0,0
31-12-2010,0,0,0,0,0,0,0,0,0,0,0,0,0,0,0,0,0,0,0,0,0,0,0,0,0,0,0,0,0,0,0,0,0,0,0,0,0,0,0,0,0,0,0,0,0,0,0
31-01-2011,-0.00698518,-0.01649382,-0.04186594,-0.1018406,-0.0215546,-0.0441892,0,-0.04851025,-0.0191336,0,-0.0285308,-0.03322131,-0.0342024,-0.0442849,0,-0.13531225,-0.05854,-0.0146225,-0.0156582,0,-0.05064776,0.0011463,-0.02178721,-0.04885778,-0.10090892,0,-0.0267244,-0.02928524,-0.00380246,0,0,-0.08999414,0,-0.1340618,-0.05340489,0,-0.01604335,-0.02653544,0,0.01478144,-0.04936208,0,-0.04373959,0.05504508,-0.04736001,-0.08737988,-0.0330761
28-02-2011,-0.00367652,-0.04250802,-0.13993575,-0.0693155,0.0055012,0.0015619,0,-0.11675765,-0.05455776,0,-0.0054726,-0.09812946,0.0263772,-0.00083475,0,0.0582752,-0.09481987,0.00088062,0.07963475,0,0.02941042,-0.00450383,0.02292027,-0.04363844,-0.0268926,0,0.04270815,0.01368546,0.02853934,0,0,-0.02573644,0,0.08858522,-0.07436405,0,-0.02511915,0.02566048,0,-0.11900069,0.0180445,0,0.0168106,0.0686686,-0.1167243,-0.07317926,-0.0549326
31-03-2011,-0.06728071,0.01630128,-0.00513706,0.1452561,0.01066545,0.1856636,0,-0.06407553,0.04155615,0,0.01017785,-0.080717,-0.002036,0.0333192,0,-0.11875095,-0.01563771,-0.02861875,0.045489,0,-0.00841266,-0.09865408,0.01959305,-0.02300019,-0.05203039,0,0.07191588,0.01536534,0.06160501,0,0,0.13564176,0,-0.11138584,-0.05724386,0,-0.11913084,0.0652673,0,0.04081349,-0.06328834,0,0.02095991,-0.08429017,0.0075423,-0.10456539,-0.0397732
30-04-2011,-0.0384054,0.07090664,-0.04240467,0.0852667,-0.0460797,-0.04444795,0,-0.03812221,0.00077679,0,-0.06495795,-0.06577749,0.0187525,-0.0602993,0,-0.06346515,-0.01814628,-0.04572087,0.0066216,0,-0.0970885,0.08678691,-0.05838548,-0.09775215,0.02035866,0,-0.05726742,-0.0076055,0.0535405,0,0,0.06595433,0,0.08178342,-0.05917327,0,-0.03517516,-0.1369012,0,0.06166089,0.01098849,0,0.02382252,-0.15635832,-0.00680985,-0.03740397,-0.0558279
31-05-2011,0.06524133,0.003852,0.14019345,0.0579255,-0.01162145,-0.003462,0,0.06620719,0.0435915,0,-0.027342,0.04494271,-0.0839655,0.0578886,0,0.036872,0.04860126,0.07041917,0.0283092,0,0.00582803,0.0708714,0.025154,-0.01881769,0.09403542,0,0.06890522,0.02913665,-0.07201967,0,0,0.0539407,0,-0.02006085,0.05321908,0,0.006915,0.04918436,0,-0.03732027,0.01486157,0,0.0098232,-0.08398632,-0.01690632,-0.00047416,0.12062075
30-06-2011,0.11606572,0.00604336,0.00850446,-0.0557442,-0.0062396,0.03843675,0,-0.0629607,0.01473846,0,0.02011635,-0.04399151,-0.0281635,-0.02471035,0,-0.01934615,-0.04667135,-0.01759775,0.00594945,0,0.00972284,-0.00767169,-0.0382364,-0.02142123,-0.00263973,-0.16564675,-0.0014714,0.0102578,-0.00459057,0,0,0.00382942,0,-0.00805233,-0.0518944,0,-0.03768852,-0.00946218,0,-0.01342139,-0.08926727,0,-0.02414656,-0.00981202,-0.06933743,-0.02097904,-0.0282073
31-07-2011,-0.04601501,-0.01306024,0.03526526,0.0112214,0.01382065,-0.03898325,0,-0.02187282,-0.00796686,0,-0.01608155,0.00848062,0.0034465,-0.0328375,0,-0.0008819,0.0727435,0.03416103,0.03088635,0,0.05664218,-0.01866419,-0.03751278,-0.00748789,-0.03480407,0.00759355,0.0157101,-0.00179973,-0.0350286,0,0,-0.0800219,0,-0.04349517,-0.03913492,0,-0.03724218,0.03854116,0,-0.02957833,-0.08140191,0,0.00220893,0.00101904,0.01249959,-0.04396839,-0.0375553
31-08-2011,0.21466708,0.05849921,0.15448438,0.087617,0.0210704,-0.0758427,0,0.16854021,-0.03356822,0,0.0211173,-0.05214725,0.0429345,-0.0974167,0,0.1504696,-0.0108546,0.01184946,0.07889905,0,0.15439293,0.04216696,0.0095707,0.11643154,0.08879396,0.0845176,-0.02268728,0.0348988,-0.07985152,0,0,0.0866732,0,-0.1061055,0.15745714,0,0.11083523,0.10268075,0,-0.034916,0.06672455,-0.10112445,0.11023472,0.1510806,-0.14996412,0.1095735,0.0198954
30-09-2011,-0.03067976,0.12206435,-0.18379626,-0.01309345,-0.1061523,0.0606946,0,-0.02575815,0.06177942,0,-0.01819935,-0.00280088,-0.0163836,0.0432235,0,-0.0145144,-0.0422305,-0.01592406,-0.0279812,0,-0.04317884,0.00882424,-0.06751009,-0.07766615,-0.0774958,0.145361,-0.06450525,-0.01865168,-0.02153578,0,0,-0.07632465,0,-0.00227052,-0.13554027,0,0.00310676,-0.09821159,0,-0.07982482,-0.12692841,0.01162755,-0.04584372,-0.11638336,-0.08831951,0.00013248,-0.0807969
31-10-2011,0.27005494,-0.10670386,-0.08285967,0.07592605,-0.03799305,0.0100521,0,0.03367584,-0.06342278,0,0.07274775,-0.1212563,0.07146915,0.08405,0,-0.0218834,0.04064515,0.03633572,0.01026295,0,-0.00297599,-0.19918152,-0.0282882,-0.01726526,0.00215228,0.014663,0.0577245,-0.0004459,0.05883122,0,0,-0.03247,0,-0.02603709,0.01653522,0,0.14958028,-0.06938754,0.00268335,0.04733642,-0.04425243,-0.02153825,0.00785713,0.00893854,-0.01490678,-0.00390012,-0.0610532
30-11-2011,-0.0257045,-0.0276706,0.00150904,0.0193558,0.0513747,-0.0329763,0,0.0413985,0.043334,0,0.01860515,0.1603329,-0.0226695,0.01338155,0,-0.0514318,0.01000507,0.03266071,-0.02583,0,-0.0417702,0.03447796,-0.08343483,-0.00232072,0.0481191,-0.0329564,0.03167492,0.04338428,0.0143604,0,0,0.1293996,0,0.01389247,0.1066378,0,0.04576917,0.0041195,-0.06882335,-0.00510532,0.03804779,-0.0424626,-0.03033392,0.05524916,0.02315932,-0.0520338,0.000918
31-12-2011,-0.20610576,0.13524023,0.09532056,0.0587601,-0.15851625,-0.06255405,0,-0.03401896,-0.1256258,0,-0.0195522,-0.00043166,-0.10638545,-0.0342515,0,-0.07882395,-0.0680383,-0.14784773,0.01334955,0,-0.04112742,0.09758824,-0.02579509,-0.03999554,0.06337422,0.0547832,-0.00123049,-0.0982665,-0.11847875,0,0,-0.00118215,0,-0.0886923,-0.18529056,0,-0.11363393,-0.10246892,-0.136584,0.0407808,-0.09687293,-0.0160798,-0.01306353,-0.10577485,-0.08940516,-0.06250734,-0.0993264
31-01-2012,0.29197563,0.19120446,0.1058115,0.05695425,0.2323177,-0.0703293,0,0.17958606,-0.08633634,0,-0.0099734,0.18393208,-0.0087431,0.1720185,0,0.1693542,0.11598732,0.03164561,-0.05964165,0,-0.09367064,0.09453871,0.04990473,0.0170128,0.18306427,0.041817,0.0583481,0.11938856,-0.05788255,0,0,0.1610945,0,-0.1135782,0.24389218,0,-0.09584996,0.04977821,0.1523596,0.002757,-0.06588648,0.0182242,-0.05422239,-0.01242835,0.00468624,0.31118951,0.050704
29-02-2012,0.04278692,0.00316128,0.06859496,0.0179685,0.0656433,0.1450414,0,-0.10734641,0.06012348,0,-0.117733,0.1538083,-0.07153945,0.03859515,0,0.02351925,-0.06965271,0.05076574,0.02243125,0,0.04302602,0.01532681,-0.04026779,0.08558634,-0.00379566,0.0411162,0.11028627,0.03509022,0.00704438,0,0,0.1324682,0,-0.03168952,0.08506536,0,0.0579784,0.04869238,-0.2078011,-0.03658794,0.0124842,-0.09748595,0.06433746,0.12044206,-0.08698284,0.02846332,-0.02864515
31-03-2012,-0.09461252,-0.14591145,-0.02281191,-0.0768264,-0.0520608,-0.1128198,0,-0.1032067,0.04097287,0,0.05522,-0.069452,0.0109143,0.00947065,0,0.0861421,-0.00879774,0.01879941,0.0446572,0,-0.01723176,-0.0724132,-0.13864695,0.02736294,-0.10468388,-0.0134116,-0.01192505,-0.07368196,0.01130694,0,0,-0.138756,0,-0.00147976,-0.04040675,0,-0.06865909,0.03174487,0.10078655,-0.08627908,-0.01760708,-0.05643805,-0.03124421,-0.00957654,-0.02137337,-0.04529624,-0.0647199
30-04-2012,0.0794511,-0.08710027,-0.06482567,0.03820225,0.0137964,0.0269656,0,-0.08376315,-0.07550807,0,1.40E-16,-0.01684839,-0.04305665,-0.01781535,0,-0.1377648,-0.0101385,-0.07448336,0.0079245,0,-0.0858013,0.07929698,0.02998194,-0.02456667,-0.0443947,0.0243513,0.0088834,0.03082004,0.07975221,0,0,-0.1119204,0,-0.00329223,-0.05409552,0,0.13028672,-0.0623268,-0.08989095,0.01173909,0.00697808,-0.032001,0.1239166,-0.09043983,-0.07874154,-0.06448868,-0.0201938
31-05-2012,0.10180593,-0.07831416,0.14454162,0.0165101,0.142946,-0.0175047,0,0.08713836,0.06259737,0,-0.0304226,0.0303773,0.033217,-0.0035322,0,0.0028759,0.00450684,0.11398818,-0.0076747,0,0.05097156,0.0354375,-0.01590029,-0.05689388,0.06853535,0.02062905,-0.00724695,0.03696836,0.02633742,0,0,-0.042698,0,0.02607436,-0.02774278,0,-0.02479651,0.05613214,0.12710805,-0.05889051,0.03012625,0.0751544,-0.05163564,-0.05909403,-0.0187102,-0.01280935,0.01261215
30-06-2012,-0.0854389,0.16003788,-0.05179548,0.0130454,-0.0353286,0.02694315,0,0.0124692,0.10078862,0,0.0351332,-0.01933167,0.0510442,0.00023685,0,-0.043234,-0.03223694,0.04536156,-0.0272597,0,-0.06828662,-0.13889838,0.08451064,-0.08572305,-0.04929912,0.1505465,-0.0273273,0.06109245,0.0924812,0,0,-0.0177355,0,0.05110752,0.09282769,0,0.00253561,0.05404304,-0.03134,-0.01655931,-0.00671988,0.0869004,-0.0141012,-0.04166733,0.0997323,0.00682745,-0.05419915
31-07-2012,-0.00311836,0.01242863,0.05395842,0.0176319,-0.0489055,0.0687467,0,-0.00265464,0.00737937,0,-0.1070014,-0.05054385,-0.00590195,-0.0136734,0,-0.0314458,0.03590074,0.00067077,-0.0040729,0,0.09975852,0.03806132,-0.03049018,-0.02102293,-0.04012206,-0.02878595,0.10133594,0.0045864,-0.13077896,0,0,-0.1331141,0,0.01351361,-0.0022607,0,0.06580724,-0.00271392,-0.0183044,-0.04890144,0.01331729,-0.02530215,0.05530054,-0.07090062,-0.06805292,-0.03242968,0.0271984
31-08-2012,0.05475703,0.0411383,0.03351884,0.01865555,0.0172193,0.0160477,0,0.01873848,0.0463898,0,0.1057951,0.03081696,-0.0096783,0.0994737,0,0.05089005,0.10021639,0.01271538,0.115497,0,0.02009646,0.01429198,-0.00058026,0.08664207,0.09376774,0.0603043,-0.04072596,-0.00923064,-0.01323429,0,0,-0.0478178,0,0.06090609,0.01938866,0,0.06856172,0.00477276,0.02552755,0.17372442,0.0277725,-0.0405296,-0.03933556,0.07571317,-0.04190389,-0.00362529,-0.0329688
30-09-2012,-0.01272165,0.12161915,0.14329161,0.0788885,0.1178909,0.0342843,0,0.02403502,0.06186488,0,-0.0476685,-0.08199009,-0.0059754,0.02819775,0,0.0873912,-0.0624767,-0.01812772,0.0007902,0,-0.02615766,0.0129295,-0.02513049,0.02699179,0.0729711,-0.0299256,0.10432548,0.03125831,-0.0623056,0,0,0.1138929,0,0.0677746,0.09577363,0,0.00914076,0.05398527,0.04794405,0.01168538,0.00920822,0.01706555,0.03899452,-0.06490935,-0.02793798,0.02311365,-0.03761185
31-10-2012,0.0023701,-0.02093476,0.02157341,-0.05161205,-0.0278944,0.0198843,0,0.03678923,-0.00251354,0,0.0647668,0.00771774,-0.0089854,-0.05831225,0,-0.0472736,0.02175438,-0.04867388,-0.0588655,0,0.0602962,-0.03480603,0.01210464,-0.03399384,-0.06975606,-0.0107519,-0.02202632,-0.07542146,0.06972564,0,0,0.07872275,0,-0.05473373,-0.0421805,0,0.04788492,-0.04939576,-0.110936,-0.07849597,0.07586324,0.0180921,0.03137968,0.02310695,-0.00531062,-0.03912455,-0.0990446
30-11-2012,-0.1134326,0.003601,-0.0428792,0.0534867,-0.03371445,0.0074559,0,0.0135324,-0.003949,0,0.0226619,0.04695606,-0.0126495,-0.0159885,0,0.05890245,-0.00884094,-0.04390116,-0.01593025,0,0.06859682,0.0145489,-0.00054864,-0.03288042,0.01749421,0.0211418,-0.06653043,0.04792205,0.00032006,0,0,-0.0829871,0,-0.0209064,-0.04239936,0,-0.0416009,0.02612446,-0.0949416,0.24211794,-0.0619986,0.03752175,-0.0939472,0.01667946,0.0169572,-0.0714413,-0.0016367
31-12-2012,0.13686825,-0.02754486,0.10098721,-0.00582105,-0.0699612,-0.04694895,0,0.11475912,-0.0441949,0,-0.0567469,-0.03350457,0.00517195,0.10708025,0,0.08944605,-0.05707493,0.04483731,-0.04762015,0,-0.06334306,-0.05746176,0.03736175,-0.02947485,-0.00631427,0.0127955,-0.01583232,-0.01825035,0.01209465,0,0,-0.00272045,0,-0.05929001,-0.0166165,0,-0.02908407,-0.01585419,-0.02425065,-0.04184784,-0.01735768,-0.0210364,0.0079471,-0.05521265,-0.0328731,0.01719409,-0.00500875
31-01-2013,0.07662153,-0.04837856,0.02231608,-0.0163737,-0.1105714,-0.0089913,0,0.03300196,0.01691623,0,0.07464515,0.13843836,-0.0062756,0.041283,0,0.11799895,0.09702677,-0.00547927,0.0349592,0,-0.04637535,0.00739313,-0.0167907,0.01706343,-0.06068285,0.0284239,0.00617475,0.02653449,0.0857235,0,0,0.0006963,0,-0.00126087,-0.0761131,0,0.02994102,-0.00535626,0.004102,0.07926862,0.0562216,-0.0012136,-0.04107887,0.02494883,0.26174232,-0.09134187,0.0354942
28-02-2013,-0.02724362,0.11502738,0.15596479,-0.0412203,0.1450849,-0.0620035,0,0.16379643,-0.04900787,0,-0.00833055,0.04969206,0.0550368,-0.0522336,0,0.1067347,0.08038028,0.01317998,0.054557,0,-0.07287596,0.02858284,0.06046995,0.12565889,0.02580106,-0.0030688,-0.00821914,0.0208606,-0.00108504,0,0,-0.0378973,0,-0.12077466,0.12299118,0,-0.05066155,-0.06728436,0.040899,0.05358897,-0.00862204,0.01350915,-0.0429114,-0.01208155,-0.0041365,0.14820588,-0.02865065
31-03-2013,-0.01601897,-0.00837508,-0.1238657,-0.0755798,-0.0227958,-0.049006,0,-0.06160077,0.00801135,0,-0.00983385,-0.03201699,-0.0466945,-0.00739815,0,-0.0179069,-0.02581724,0.03580159,-0.0679221,0,0.03711018,0.02937457,0.02055018,0.00917988,0.009155,-0.00984215,-0.1017826,-0.1015365,0.02356737,0,0,-0.1367084,0,-0.05153256,-0.10455216,0,0.00578534,0.0539401,-0.03856245,0.01057597,-0.04482102,0.0054859,-0.0285471,0.04104858,-0.0358635,0.0804747,-0.12564835
30-04-2013,0.0836217,0.09134734,0.00986964,0.0384748,0.1942295,0.0578791,0,0.03275706,0.06935785,0,0.07186115,0.01178864,0.0217068,0.1023132,0,0.01970235,-0.00711136,0.0568325,-0.0009917,0,0.00308478,0.0298851,0.06936884,0.10856176,0.160472,0.13094715,0.05315424,0.0549297,0.02963547,0,0,-0.0773785,0,0.06733075,0.06599268,0,-0.02395744,0.09376354,-0.01838295,0.1392094,0.08575611,-0.03882315,-0.04047375,0.04775325,-0.02157586,-0.09844604,-0.032963
31-05-2013,-0.05650351,-0.01364972,-0.0284304,0.0506702,0.08820655,-0.017816,0,-0.09832002,0.02284635,0,0.00195845,0.04370929,-0.0179945,-0.10187235,0,0.1631416,-0.074543,-0.11995956,0.0132917,0,-0.0600682,-0.03734956,-0.07359,-0.0680598,-0.0602296,-0.0903461,0.1014214,-0.06489234,0.0121218,0,0,-0.0273268,0,-0.004322,-0.08916786,0,-0.05793648,-0.01529011,-0.052131,-0.02407908,0.01916994,-0.013475,0.09956568,-0.06377691,-0.10581739,-0.071878,0.0434967
30-06-2013,0.02175267,-0.1053255,-0.02858339,0.072387,0.0160062,-0.01806535,0,0.02157555,0.0266046,0,0.0483979,0.02629511,-0.00353875,0.01254425,0,-0.036112,0.16807903,0.04983164,-0.0106819,0,0.00501577,0.00096867,0.018202,-0.1289662,0.08499136,-0.02334375,0.02673593,0.03925931,0.0255997,0,0,0.15993625,0,-0.04704842,0.0712268,0,-0.08535531,0.01541839,-0.0466328,-0.1942857,0.0789022,-0.0167064,0.02742655,-0.05882728,0.06137028,-0.02602392,0.1032801
31-07-2013,-0.1357785,-0.0113019,-0.09458421,0.114381,0.121729,-0.0024986,0,0.02464065,0.01472817,0,0.03018345,-0.16686047,0.0359622,0.032754,0,-0.0097063,-0.09650192,-0.03114768,0.0568046,0,0.21743941,0.09391775,0.05591734,0.2015775,0.02291032,0.1239484,-0.06749527,0.00461924,0.08952504,0,0,0.11366645,0,-0.00272148,-0.01089074,0,0.17163108,0.16733004,0.1044714,0.08279986,0.0634336,-0.0705792,-0.08853049,0.155163,-0.20635204,0.03927548,-0.0848394
31-08-2013,-0.16542763,0.13892655,0.0838346,-0.0059925,-0.0558946,0.20241625,0,0.25048769,0.12556692,0,-0.00266475,0.01249024,0.06858915,0.0235936,0,-0.02800085,0.04197521,-0.05019312,-0.12483075,-0.0024603,-0.01834968,0.1324375,0.036928,0.00781032,0.00216882,-0.0606585,-0.0967629,-0.11399515,0.10307866,0,0,-0.09125285,0,0.0013566,-0.03445112,0,-0.03175524,-0.10035034,-0.21806025,-0.00304278,-0.05782478,0.0341812,-0.0877649,-0.0455271,0.03121984,-0.16691571,0.0723594
30-09-2013,0.13905684,0.09456327,-0.02063296,-0.0038694,-0.0237582,0.05793625,0,0.0111111,0.17495766,0,-0.00285765,-0.03438258,0.01916815,0.0818842,0,0.02318925,0.11131562,0.13257013,0.0115818,-0.0098106,-0.07272288,0.00966935,0.1311936,-0.0312918,-0.00913166,-0.0864744,0.05083784,0.00229964,0.00512194,0,0,-0.0163342,0,0.02455101,0.09530367,0,-0.0538173,-0.02339137,-0.00387315,-0.08921125,0.08403238,0.0917869,-0.03477536,-0.1336149,0.0213788,0.31784891,-0.01716435
31-10-2013,0.04524032,0.01970056,-0.00545937,-0.0859974,0.175807,0.0439698,0,-0.14127996,-0.0780015,0,0.02041865,0.035932,-0.030793,-0.0041832,0,-0.10985845,0.03947328,-0.05013125,0.0525388,0.08350685,-0.06395734,0.0192765,0.0807204,-0.05836488,0.1667318,-0.1085318,-0.0374468,-0.02398935,-0.00040382,0,0,0.04316275,0,-0.09007848,0.06392301,0,0.05607952,0.08823858,0.0290928,-0.08166337,0.00276331,0.0221447,-0.00568356,-0.03846892,0.04072139,0.06496677,-0.13176595
30-11-2013,-0.03351865,-0.01832516,-0.11179577,-0.0433224,-0.04432805,0.0037846,0,0.19313151,0.02465382,0,-0.04914285,-0.06709731,-0.0643874,0.0557804,0,-0.05358185,-0.0543609,-0.00266933,-0.0132861,-0.01787128,-0.02598344,0.0414227,0.01039175,-0.00082196,0.04526523,-0.02166905,-0.06500971,-0.02523205,0.01967251,0,0,-0.01680955,0,-0.01463979,-0.12255042,0,-0.02621934,-0.05991272,-0.1159313,-0.01024914,-0.00412255,0.02599065,0.0553681,-0.03961822,0.02053196,-0.03342816,-0.05733945
31-12-2013,0.01602612,-0.07624744,-0.00846478,-0.0133971,-0.1184562,-0.0339234,0,0.00765332,-0.0406599,0,-0.03040475,-0.05905887,-0.0383203,-0.0484179,0,-0.04685875,-0.03221867,-0.00847035,0.0175617,0.12953946,0.11747581,0.0283848,-0.13406595,0.0327083,0.11949837,-0.07433505,0.02616994,-0.03923823,-0.02725406,0,0,-0.0473181,0,-0.06103188,-0.02280374,0,0.00549348,0.01815924,-0.11106925,-0.06886461,-0.06114612,0.0166454,0.02310844,0.12540302,-0.07594842,0.01113928,-0.0208547
31-01-2014,-0.073871,-0.03235996,0.08357507,-0.0425469,0.04074865,-0.0436674,0,0.13308937,-0.01324716,0,-0.0014644,0.05036248,-0.038308,-0.049842,0,-0.03159025,0.11185988,-0.0195589,-0.05177465,0.12511812,-0.07936587,-0.01759995,-0.0326856,0.00349526,0.07927032,-0.0069499,0.02906958,0.01349503,-0.05164782,0,0,-0.0830985,0,-0.00310462,0.01585197,0,-0.06686946,-0.04547757,0.03548245,-0.07304994,-0.06700925,-0.0823335,0.0101142,0.06142185,-0.06514512,0.06269171,0.0504726
28-02-2014,0.11302604,0.09497444,-0.00093828,0.0028235,-0.0245228,0.0423738,0,-0.13862635,-0.06927884,0,0.0040121,-0.01359054,0.03621515,-0.0780456,0,0.0393341,-0.03439276,-0.11724369,0.0521191,-0.01064917,0.0125749,-0.0542873,0.02356715,0.07525027,0.08181984,-0.0010626,0.0238569,-0.00934734,-0.01507736,0,0,0.09746105,0,0.03197235,0.05303443,0,0.02643054,-0.08550616,0.0974,-0.0175934,-0.04488246,-0.09340215,0.00801591,-0.05454763,0.01240871,0.03988016,0.0311576
31-03-2014,-0.05032528,0.09404297,0.25912816,0.2629659,0.1053901,0.0865452,0,-0.08680143,0.14241869,0,0.0622536,0.19614309,-0.0252988,0.0739332,0,0.316723,0.03151045,-0.02310976,-0.0082997,-0.0072933,-0.02294103,0.1570683,0.01156545,-0.04690452,0.08861556,0.1444551,0.13840847,0.12795498,0.08088449,0,0,0.0184365,0,0.00384533,0.19619031,0,0.08296772,-0.07306894,0.0318432,0.00252846,-0.01876472,0.10035745,-0.03859758,0.0030069,-0.02565453,0.17460926,0.024503
30-04-2014,0.03902932,-0.07480348,0.07477044,0.0173024,-0.0578618,0.0816602,0,0.03783411,0.04267677,0,0.0583754,-0.12149821,0.0010496,0.01811985,0,-0.0668604,-0.05365628,0.03571834,-0.04941375,0.36447752,-0.07005327,0.0105296,0.06244185,-0.0105807,-0.03796446,-0.0393922,-0.06741937,-0.00561288,0.01337252,0,0,-0.02360625,0,0.00639506,-0.08998299,0,-0.0170235,-0.00880787,-0.02836975,0.03267339,-0.10168376,0.0308596,0.014872,-0.06513888,0.00557152,-0.09270629,-0.0342131
31-05-2014,-0.03593755,0.06930158,0.1512495,0.02511,0.09269635,0.05232155,0,0.00995477,0.0835444,0,-0.11731275,0.1056828,-0.0041764,-0.1318828,0,-0.1469018,0.27420015,0.28019728,-0.01625765,0.00184305,-0.0459795,-0.03090015,0.0160831,-0.01748097,0.13021108,-0.1008037,0.00748678,-0.01807398,-0.08015948,0,0,0.1246469,0,0.13721677,0.03549544,0,-0.12499058,-0.11737713,-0.1317957,-0.00326676,-0.0111966,0.07717725,-0.01503573,-0.13779627,0.12702358,0.038472,0.01297035
30-06-2014,-0.12261369,0.0362464,0.00414142,-0.11596445,0.0217189,0.1798683,0,0.09439146,0.11369906,0,0.0207337,-0.26167239,0.0784659,0.148618,0,-0.0141396,0.02227301,-0.04469738,0.1321463,-0.0657951,0.06710646,0.0804167,0.1404263,0.12474202,-0.0032808,0.01001635,-0.06546855,-0.06654098,-0.10392971,0,0,-0.0764126,0,0.0497232,-0.04392612,0,-0.00237837,0.04846499,-0.08492385,0.00317703,-0.03058909,-0.08223005,0.13897517,-0.01785942,-0.12687873,0.00145649,-0.0363022
31-07-2014,-0.0792126,0.10559688,0.04418231,-0.03446705,-0.0646723,0.055392,0,-0.0494344,0.05361056,0,0.0444736,-0.11091784,0.0416254,0.05797455,0,-0.1264968,-0.03627078,0.05470354,-0.0219899,-0.0717386,-0.0683193,-0.0494879,0.0962244,-0.05023833,-0.02988682,0.0265182,0.03365986,-0.061568,0.06655752,0,0,-0.1190605,0,-0.11264132,-0.09105366,0,-0.09782242,-0.02740303,-0.16295755,0.00626997,0.02687426,-0.0502413,-0.08865985,-0.06595554,0.06097913,-0.10193861,-0.0033665
31-08-2014,0.04453409,-0.01252724,-0.00475176,-0.0006636,0.02865165,-0.0980049,0,0.03854529,-0.03065804,0,0.0216216,0.02992265,-0.01479555,0.0308061,0,0.0127039,-0.047314,0.00893376,0.0362544,-0.09215444,-0.02301226,-0.0146223,-0.00716375,-0.03048075,-0.02893515,-0.06944135,0.03784061,0.0171397,-0.06558084,0,0,0.0035546,0,0.06533047,-0.00817258,0,0.054815,0.04516792,-0.05392895,-0.04372715,0.07367815,-0.02596645,-0.00834035,-0.03948564,0.0147368,-0.15569612,-0.1003
30-09-2014,-0.06360864,0.03423312,0.08073331,0.0765425,0.0631481,-0.0806932,0,0.10027546,0.0186642,0,-0.04440505,0.00983844,0.03533825,-0.01271965,0,0.0753345,0.07980841,-0.03736596,0.1099332,0.02581858,-0.0152429,0.0135108,0.02928345,0.01504998,0.09821185,0.1158126,0.04843133,-0.0123828,-0.03586155,0,0,0.02352105,0,-0.01749251,0.03929229,-0.0298368,-0.07090402,0.02617524,-0.00392005,0.01107385,-0.02750174,-0.020034,0.10025442,0.00334634,0.03678144,0.08236017,-0.043335
31-10-2014,-0.00354645,0.06501815,0.01990535,0.1061314,0.04377645,0.0653035,0,0.04827914,0.05179828,0,-0.0616291,0.06281226,0.0098416,0.0510513,0,-0.00252705,-0.22842904,0.05789232,0.0365914,-0.0357642,0.01991698,-0.1631925,-0.1050585,0.02175822,0.07771045,-0.0423434,0.05796361,-0.01940614,-0.02735691,0,0,-0.05831575,0,0.04252795,0.04321286,0.02226688,-0.1265929,0.03297521,0.06835005,0.0029637,0.15200484,0.04131,-0.0929116,-0.00734976,-0.10526268,0.04013968,0.0627189
30-11-2014,-0.0448761,-0.03673418,0.18211238,-0.0152932,-0.02047815,-0.0174918,0,-0.12615336,-0.02250329,0,0.02622605,-0.026811,0.1416429,-3.81E-05,0,0.0278674,-0.07220966,-0.05131792,-0.0560246,-0.13219218,0.04274434,0.0443094,0.03759795,0.02257713,0.0579045,-0.0287826,-0.0800026,0.0189664,-0.0301984,0,0,0.03078305,0,-0.01008255,0.0259028,0.13314741,0.03484041,0.03265729,0.02930785,-0.01455316,-0.09908652,-0.10637775,-0.08830731,0.03604161,-0.01177692,-0.06626455,0.0532293
31-12-2014,0.05852056,0.06725792,-0.0686635,-0.02807125,-0.0345114,0.01402345,0,0.1351476,0.0014397,0,0.0493896,0.07047696,0.0423529,0.06049115,0,-0.04758885,-0.03140826,0.02714029,0.0156981,0.08203316,0.00332369,0.0311521,0.0078603,-0.00014007,-0.0272184,-0.0252327,0.0064506,-0.07195602,-0.0547056,0,0,-0.1414301,0,-0.09769017,-0.01922598,-0.09278433,0.05152074,0.01016205,0.03466965,0.06897152,0.05914181,0.0653995,-0.04394925,-0.01703308,0.00967764,0.08818755,-0.08008125
31-01-2015,0.14995861,0.09677304,-0.08774405,0.01795835,0.0555399,0.17354555,0,-0.05790852,0.12319266,0,0.1602622,0.05256788,-0.0359539,-0.0031339,0,0.0062777,0.0101586,-0.05945006,0.0433155,-0.08287262,0.03700933,0.0574354,0.0877839,-0.10963206,0.0594486,0.0406701,0.0338683,0.04608306,-0.03929055,0,0,0.0772512,0,-0.00470412,-0.04520172,-0.10443035,0.07837786,0.00321228,0.0218934,0.03643227,-0.10570786,-0.0420555,-0.1181172,0.01191386,-0.09060697,-0.06492837,-0.0622465
28-02-2015,-0.08852844,-0.15186302,-0.0595116,-0.06247415,-0.0553112,-0.0483954,0,-0.058266,-0.05420133,0,-0.0504841,-0.09125666,-0.0487565,0.0400856,0,-0.0272332,-0.11143824,0.01264462,-0.1018877,0.1263538,0.06570678,-0.1087654,0.0038088,0.00566934,-0.06240855,-0.0599594,0.0541093,-0.05362203,-0.02005651,0,0,-0.14082845,0,0.0887723,0.03218764,-0.15505328,-0.01897472,-0.02864193,-0.1673539,-0.05601816,-0.10748738,-0.0558558,0.01237362,0.06686784,0.03579036,-0.14479958,-0.0834166
31-03-2015,0.01739039,-0.00207974,0.0522899,-0.07120725,0.015344,-0.0738492,0,0.01365482,-0.03846303,0,0.06302395,-0.028942,-0.0560476,0.01541,-0.0315973,0.0875745,0.0546418,-0.09091584,-0.002381,-0.07545764,0.00113156,-0.10764135,0.03663505,0.0168303,-0.0053202,-0.03133365,-0.0424191,0.02053627,0.10283189,0,0,0.0691867,0,-0.08004854,-0.01147251,-0.03775486,6.91E-05,-0.0243452,0.05227405,-0.0429526,-0.05036084,-0.0360996,0.03976704,-0.00560596,0.00979374,0.03006822,-0.0627228
30-04-2015,0.02394534,0.02827388,-0.0306665,0.0051162,-0.0588546,0.0339031,0,0.08125568,-0.03283136,0,-0.0060053,0.02600652,0.1048695,0.035057,0.0577318,0.0255393,-0.053239,0.00699912,0.0433837,-0.02275754,0.14847307,0.0579702,0.02188195,-0.027533,-0.06037545,0.07069595,-0.0441495,-0.00408506,0.00972292,0,0,-0.052767,0,-0.00052197,-0.10209048,0.0159712,0.07940137,-0.0696054,-0.011894,0.0785038,0.00524838,0.00586625,0.01762118,0.0741009,-0.00162648,-0.0360407,0.0919114
31-05-2015,-0.06738415,0.0363139,-0.06505785,0.05993855,-0.008181,0.0006252,0,0.0210504,-0.00822817,0,-0.08136875,0.06157484,-0.0413136,0.0371052,0.0738528,-0.059232,-0.00970893,0.0700235,-0.0839798,0.00119622,0.0223791,-0.10488,-0.0499485,-0.03605016,-0.02456915,0.1037073,-0.04997754,0.0627654,-0.06823571,0,0,0.01061685,0,-0.11870285,-0.17003331,0.1026809,-0.0124125,-0.13490845,-0.0433976,-0.00783239,-0.03838652,0.0058085,-0.00824717,0.01409844,-0.19483439,-0.10129885,-0.0667401
30-06-2015,0.0647782,0.06877784,-0.02302005,-0.02998275,0.00953195,0.0148368,0.23655834,0.05860568,-0.06776198,0,0.053438,-0.0158264,0.05365425,-0.0011204,0.111012,0.04224,0.01833524,-0.02037195,0.0786352,-0.06881565,-0.1071054,0.0005951,-0.0437922,-0.05394023,-0.1128688,-0.0367405,-0.00201829,-0.0149025,0.02535404,0,0,-0.03333945,0,-0.01147697,0.0335468,-0.00122329,-0.05902296,0.074622,0.03417475,-0.06301714,-0.0262884,0.0149427,-0.04268685,-0.0468112,-0.06888609,-0.07578558,0.0147432
31-07-2015,-0.0700724,0.04759956,-0.0344625,0.12252135,0.009415,0.04004105,-0.0129407,-0.01576368,0.04595396,0,-0.0266613,-0.01830276,0.01619965,-0.0164,0.1891585,0.0004446,0.15559992,-0.05847624,0.1494202,-0.09172776,-0.02730956,0.1639416,-0.10121645,-0.0449196,0.02029315,-0.04593085,0.0564119,0.03147325,-0.0298368,0,0,0.0157895,0,0.01670083,-0.00185094,0.12998902,0.08591971,0.0996315,-0.0513708,-0.12137539,0.0919507,-0.0585786,0.01208976,-0.10481898,0.10184311,-0.16073508,-0.06386
31-08-2015,-0.01015345,0.0714764,-0.0874747,0.04519935,0.0549371,0.030525,0.0364154,-0.23872797,0.05234148,0,0.0478514,0.0174512,-0.0082716,0.03146205,0.0323324,0.10469375,0.055314,0.0630389,0.0212597,0.03846424,-0.174983,-0.00288645,-0.01967875,-0.006363,0.1081032,-0.00821445,0.0243805,0.05206291,-0.10264091,0,0,-0.0764298,0,0.01577438,-0.0425332,-0.26125003,0.00243553,-0.00212515,-0.0631184,0.15282468,0.08319494,0.0852909,0.04183047,-0.1633125,0.01464603,-0.12802734,0.1021668
30-09-2015,0.0082062,-0.03415832,0.06820115,0.07249465,0.0580518,-0.04848875,-0.1187604,-0.06718669,-0.04342806,0,0.084546,-0.0174482,-0.0402365,-0.03980525,-0.1310022,-0.131985,-0.1282801,-0.00678028,-0.0007755,-0.03630491,-0.01875772,-0.08313545,-0.0489325,0.00309209,0.03964285,0.0175545,0.03829655,0.07313291,-0.03674796,0,0,-0.07947675,0,0.11166636,0.00237522,-0.07922136,0.04416392,-0.0533128,0.1010742,-0.08317299,-0.02849748,-0.0544076,0.02839224,-0.02087259,0.02565873,-0.09896235,-0.02310505
31-10-2015,0.12048535,-0.01855628,-0.0060853,0.0562482,-0.1223951,-0.05038045,-0.0083032,0.04480116,0.0613888,0,-0.0594864,-0.0177353,-0.00553285,0.1045325,0.02705005,0.1301151,-0.01875948,0.01338709,0.00381475,-0.01365576,0.00382144,-0.0027719,-0.10309895,-0.00895334,-0.11423355,0.0811074,0.0170812,0.02545368,0.09829094,0,0,-0.0009501,0,0.05019122,-0.03743585,-0.05532819,-0.08168934,0.04524915,-0.05514035,-0.01220185,0.0729236,0.0067325,0.0138819,-0.11422746,0.0821691,-0.07735191,0.0510462
30-11-2015,-0.0179538,0.04698276,-0.14442915,0.0182286,0.00524505,0.0128299,0.00183888,-0.06662814,-0.02079466,0,-0.03975495,-0.12820836,-0.0411829,-0.0718715,0.02617805,0.08173075,-0.01783227,-0.04009986,0.031046,-0.00015404,0.02286899,0.03773755,0.177924,0.00071189,-0.0562959,-0.01835815,-0.0484457,0.0034458,-0.095847,0,0,0.04527805,0,0.03685502,0.04880981,-0.02269146,0.01489674,-0.0693861,0.0696141,0.00649115,0.15767224,-0.09674175,-0.0973125,-0.06724872,0.0289379,-0.11146228,0.02920095
31-12-2015,0.02890895,-0.02302416,0.0446718,-0.01182105,-0.0215244,-0.00932555,0.00389252,0.06462883,-0.04360488,0,0.0590978,-0.04680018,-0.0336134,-0.0629769,-0.07018035,-0.07306755,-0.07538136,0.03671333,0.0020213,0.03048061,-0.00670915,0.0181744,0.0307515,0.03001882,-0.0099992,-0.03718265,0.0008602,-0.03413256,0.00204358,0,0,0.020068,0,-0.01641134,-0.00435024,-0.04841508,-0.00236555,-0.0392517,0.0122792,0.06437471,-0.07815906,-0.0241407,-0.00289535,-0.0841092,0.0532974,0.1309238,0.02126565
31-01-2016,0.0629853,0.07480852,0.133756,-0.0242843,0.1048464,0.0340388,0.01710677,-0.12173203,0.04779194,0,0.03561265,-0.11741956,-0.0322861,0.0290957,0.07825845,0.0399189,0.02630247,-0.14441282,0.04607395,0.04311661,0.04241497,-0.0878581,0.00682795,0.02163532,-0.0110187,-0.08916435,-0.009255,0.0032384,-0.06031024,0,0,-0.051408,0,0.06100346,0.01397056,-0.01090695,-0.00187236,-0.1669335,0.1118645,0.05548301,-0.03431036,-0.0353725,0.0126681,0.02011902,-0.04966387,-0.03977128,-0.01831165
29-02-2016,-0.0909027,-0.09984995,-0.102858,-0.01706145,0.1331298,-0.045826,-0.12415692,-0.11661613,-0.05153658,0,0.00482055,0.12501772,-0.08636295,-0.01983,-0.24790635,-0.20448975,-0.0072144,-0.02299217,0.0745861,-0.12693596,-0.04941805,-0.09961695,-0.1330181,-0.04221952,-0.1157504,-0.0492765,-0.055351,0.0253198,0.02195738,0,0,0.0680094,0,-0.11352814,0.0464502,0.11398608,-0.04289352,0.17111135,-0.16943505,0.00123684,0.10788492,-0.11136115,0.0014229,-0.0825919,-0.22882535,-0.05036865,0.03149615
31-03-2016,0.2327129,0.05395592,0.20576295,0.12056675,-0.11374965,0.0922524,0.0471048,0.28095963,0.08675247,0,-0.0544009,0.14194322,0.03088225,0.010089,0.1286856,0.275557,0.02006658,-0.03923388,-0.03998545,0.11656006,0.00846712,-0.03712545,-0.04963425,0.05242585,0.0735797,0.05937335,0.0338926,0.07220149,-0.10826457,0,0,-0.1622915,0,-0.09203084,0.09898014,0.01384717,0.01240473,0.08846795,0.19991475,0.10531693,-0.02342381,-0.09125485,-0.0330018,-0.1086513,-0.001778,0.13277876,0.02618915
30-04-2016,-0.0639573,-0.02806584,-0.1781208,0.01267515,-0.06074425,-0.10261615,0.0295637,-0.0518186,0.05233563,0,-0.040957,0.08324097,-0.0253001,0.03384325,0.00814685,-0.0149954,0.10188988,-0.00540096,0.04937515,0.05997327,-0.05902079,-0.06589475,-0.02209535,-0.10157537,-0.0065199,-0.00737805,-0.0079601,0.04729901,-0.0791027,0,0,0.0321419,0,0.0405914,-0.11113368,-0.04748264,-0.12500275,-0.017362,-0.17056325,-0.11586785,-0.038395,0.0018502,0.071726,0.0481322,-0.07490236,0.02024851,-0.0775968
31-05-2016,0.07921005,-0.03634592,0.0510285,-0.0152475,0.0607907,-0.06091245,-0.10945449,-0.03977111,-0.0039674,0,0.0269571,-0.11756316,0.03630195,-0.0030881,0.0131685,0.0943513,-0.04487784,-0.06405809,0.0854988,0.05475496,0.01085471,0.08075835,-0.102003,-0.06681037,-0.0484898,-0.014915,-0.0271117,-0.05263099,0.04183466,0,0,-0.038154,0,-0.02643824,0.01818005,0.0347159,-0.01160553,-0.20808555,-0.05625785,-0.04760657,-0.03115128,-0.017942,-0.1040045,0.00492609,-0.10833481,-0.00725439,-0.03266805
30-06-2016,-0.0949551,-0.08177881,0.06457965,-0.0277221,-0.0782544,-0.04935625,-0.0672408,-0.10715715,0.01922,0,-0.0204519,0.05617578,0.0209441,-0.0663768,0.0895635,0.1326039,-0.00863054,0.02362201,-0.0089607,0.06425542,-0.031512,0.0102718,0.017861,-0.0335355,0.0114717,-0.06917045,0.007448,-0.05048808,-0.06629796,0,0,0.1114675,0,0.01431968,-0.02260743,-0.03693008,-0.00758942,0.01152495,0.010841,-0.07339134,-0.09685252,0.03201365,0.00528135,-0.04669044,-0.0684529,-0.03696966,-0.02887605
31-07-2016,0.0192388,-0.02468928,-0.0527835,0.00576065,0.11596095,0.07542335,0.30073252,-0.04701965,0.05279532,0,-0.03280445,0.11015836,0.2227003,-0.07765045,0.2845539,-0.0377104,0.23103292,-0.04514076,0.0077869,0.05567111,-0.00931905,0.06778395,0.0845673,0.05325541,-0.0221548,0.0127487,-0.0285251,0.05959768,-0.01770885,0,0,0.01784225,0,-0.01623288,0.06848844,0.16341208,-0.02127804,-0.0226032,0.0863967,-0.09384454,-0.09849567,-0.0619636,0.0240467,0.00650638,-0.0401382,0.15098716,0.08498015
31-08-2016,-0.0853482,0.03349122,-0.0649809,-0.0584269,0.00636405,-0.08820345,-0.04527508,0.06610475,0.00494914,0,-0.05691945,-0.13337045,0.0038396,0.03106655,-0.1139859,-0.00463305,-0.0854411,-0.08552225,-0.07991755,-0.0021555,0.03619155,-0.02944755,0.03500545,0.04136626,-0.0106353,-0.0849479,-0.0227424,-0.03837168,-0.0459853,0,0,-0.0258858,0,-0.05761074,-0.01813681,-0.04321434,-0.05194921,-0.0378508,0.0272034,0.03100232,0.04314636,-0.045405,0.0061638,0.04284845,0.01915809,0.00450832,-0.0769291
30-09-2016,0.03606705,-0.05138826,-0.03618105,-0.0967775,0.05350835,-0.0507273,-0.0045686,-0.17572331,-0.03472849,0,0.0261611,0.01297731,0.0073509,0.0010278,-0.0779114,-0.11745495,-0.07558435,0.02149181,-0.01739,-0.10097458,-0.00329705,-0.0072921,0.0138244,0.05701295,0.09295995,0.02178305,0.0291768,-0.02189734,-0.00304575,0,0,-0.0031122,0,-0.0279239,0.08613029,-0.01890228,-0.01659116,0.00950365,-0.08434535,0.0127296,0.03833862,-0.0096192,-0.00459405,-0.02708161,-0.0228998,-0.11214601,-0.024923
31-10-2016,-0.1264193,-0.07154612,-0.0782484,-0.03834745,-0.0083513,-0.07224,-0.06747525,0.02008033,-0.01639049,0,0.0450353,0.0914808,-0.000855,-0.0368734,0.1530375,-0.0169032,0.02128152,0.01193427,-0.02048535,-0.04126545,-0.00648977,0.017086,-0.00435825,-0.05122394,-0.0152444,0.00182235,0.0321869,0.0113734,-0.0461826,0,0,-0.0264942,0,0.01053746,0.00933723,0.0472607,-0.0432953,-0.0295059,0.01914435,0.00162015,0.0474448,-0.02798745,0.02191495,0.03607266,0.0396003,-0.01233201,-0.01258595
30-11-2016,0.0235635,0.0628691,-0.1438966,0.0322264,0.0916318,0.0851863,0.17322405,-0.22933337,0.15046022,0,-0.0578812,-0.00861938,-0.138165,0.0248631,-0.065247,-0.0785104,-0.00447392,-0.01889808,0.0540999,-0.01204125,0.06641342,0.1337034,0.01573,-0.00024383,-0.06116265,0.03031515,0.0054417,-0.00866244,-0.0088456,0,0,0.0701434,0,0.00762038,-0.05464183,0.08839085,0.02527958,0.0814797,-0.0708288,0.01298698,-0.04324562,-0.070443,0.04537455,-0.13217875,0.01081297,-0.11760064,0.02458345
31-12-2016,0.0220065,-0.06357468,-0.0276699,-0.0337091,-0.01545745,-0.0021962,-0.0923455,0.04449978,-0.0299779,0,-0.0032908,0.00174096,-0.0069838,-0.0366862,0.0721348,-0.005597,-0.03934565,-0.05454752,-0.0567083,-0.01451671,-0.04747809,-0.0621426,-0.0024972,0.0249354,-0.09242845,0.00733745,0.06064785,0.0005778,-0.0364363,0,0,-0.08725505,0,-0.03416049,-0.03568623,-0.006647,-0.01747137,-0.0918138,0.0041171,0.00324275,-0.08738196,-0.0379048,0.0213734,-0.0569745,0.05039145,-0.00830448,-0.056166
31-01-2017,0.11526675,0.05429798,0.04391825,0.13125305,0.0666839,0.1472481,0.2453608,0.11054665,0.03219491,0,0.0388256,0.06700268,-0.0082791,0.01239705,0.0576936,0.12256665,0.1076585,-0.04642056,-0.0083315,0.10734352,0.03798119,0.092122,-0.0179255,-0.12291501,-0.0650786,-0.003192,0.0715275,0.0625894,0.0724384,0,0,0.1153453,0,-0.01019253,-0.08423124,0.05614424,0.00730377,0.0007977,-0.04250685,-0.02072992,0.0034308,0.02648075,0.04983795,0.00753512,-0.073962,0.21964159,0.0488113
28-02-2017,0.0741285,0.02142864,0.03442365,0.0504664,0.023275,-0.01010095,-0.0564,-0.05677821,0.11713785,0,-0.0537849,-0.0286762,0.0354327,-0.03992625,-0.16955095,-0.0496549,-0.04017861,0.0110133,-0.08817,-0.0039625,0.01659221,0.0325989,-0.08928275,0.05407736,-0.009554,-0.0071278,0.03955155,0.03178998,0.064647,0,0,0.1079571,0,0.02893216,0.0355009,0.06399443,0.05743815,-0.00631735,-0.0119348,0.01816428,0.11097036,-0.020406,0.01493335,-0.03217742,0.0022365,-0.0181594,0.02387265
31-03-2017,-0.0863075,-0.013601,-0.00783225,0.01141985,-0.0301274,-0.0272205,0.01305615,-0.10470991,-0.0614172,0,0.0306427,0.03144645,0.0586164,-0.0096697,-0.1299066,-0.1305288,0.0010394,0.04270139,-0.04487405,-0.0284336,0.04432423,0.013968,0.0396019,0.04100568,0.0189194,-0.02353335,0.06633145,-0.02318056,-0.03743395,0,0,-0.03219125,0,-0.02637762,-0.08029102,0.04846076,-0.0591033,0.0668635,0.02313625,0.00026802,-0.04692792,0.0457686,-0.1929144,-0.04169235,-0.0428837,-0.118947,0.00199495
30-04-2017,-0.0279009,0.07923316,-0.0276551,-0.0187868,-0.02557545,-0.035022,-0.03506,0.04311838,-0.07127074,0,-0.0011032,0.102942,-0.098919,-0.0396315,0.0463522,0.0215136,0.14141548,-0.0808622,0.0571524,0.11409376,-0.00718671,-0.00530875,0.0419551,0.06810948,-0.0753319,-0.0138213,-0.062914,0.02668828,-0.0897316,0,0,-0.0503404,0,-0.00369648,-0.03176222,-0.0221247,0.09390234,0.0318108,-0.01298515,0.00586138,0.02309896,-0.0221982,-0.114624,0.04435428,-0.036858,-0.0571403,-0.0253541
31-05-2017,0.024444,-0.09856282,-0.02041945,-0.0253992,0.0251627,0.05300595,-0.0500643,0.10128775,-0.00877866,-0.09186915,0.13162155,-0.0073956,-0.0291709,0.02021015,-0.1502854,-0.1893983,-0.05936172,-0.00102048,-0.034042,-0.00430279,0.05920512,0.0089789,0.1671664,0.0676173,-0.0556935,0.1160208,-0.0085459,0.00048145,0.07383375,-0.0497849,0,-0.0581892,0,-0.001488,0.00789344,-0.03289935,0.0162064,-0.181203,-0.165072,-0.04210866,-0.00207999,-0.0012613,0.0022539,0.01143504,-0.0169714,-0.12661495,-0.0340263
30-06-2017,0.01043175,0.02036064,-0.02341415,0.0163293,-0.0077208,0.05569395,-0.0057539,-0.07889606,0.0454232,-0.0306039,0.0323702,0.09684006,0.0280922,0.0301511,-0.0475121,-0.0223996,0.06629211,-0.03323072,-0.0017112,-0.04640592,0.03781479,-0.0034923,-0.027497,0.04647937,-0.07304625,0.0259862,-0.00389185,0.02856579,-0.0381494,-0.022335,0,-0.2491287,0,0.01521522,-0.03880576,0.05693917,-0.00177472,-0.06324,-0.0172904,-0.02478124,0.02183792,0.0413834,0.0167141,0.01613791,0.1115657,-0.0809698,0.0345712
31-07-2017,-0.0534916,-0.06008187,0.04404505,0.00672965,-0.0118749,-0.0049374,0.174225,0.01264,-0.0198624,0.16934605,0.0031348,0.05258171,0.0595013,-0.0086823,0.12276385,0.07640725,-0.0366786,-0.0202806,-0.0443684,-0.00860542,-0.00344535,-0.0299893,0.04061505,-0.00562821,-0.0245574,-0.02441605,0.0203465,0.0298402,0.1286014,0.00384405,0,-0.058637,0,-0.01415712,-0.0375305,0.04434198,-0.02378711,0.00390495,0.02436985,0.10354976,-0.0006612,-0.02833515,0.04696205,0.04135138,-0.03728495,0.033021,-0.06287635
31-08-2017,0.15709995,0.0123078,0.01276665,-0.04689075,-0.0295152,-0.01595825,-0.1255083,0.06697485,-0.032707,-0.0697455,-0.05441215,0.0051201,0.1029342,-0.01620095,-0.04560465,-0.06128665,0.1828164,-0.1258101,-0.1457238,0.00941246,-0.02192292,-0.0221394,0.0904035,-0.00289863,0.0229358,-0.0132192,-0.0177928,-0.01845608,0.0257899,-0.0339472,0,0.1067787,0,0.02998807,-0.00527175,-0.08269956,-0.14493705,0.10581925,-0.0045324,-0.02206852,-0.12615847,0.0071982,0.0313492,-0.01474737,-0.01701545,0.0943786,-0.0705162
30-09-2017,-0.00066375,0.020831,0.0553695,0.03239415,0.03257665,0.0340995,0.04318465,-0.00589465,0.0771511,0.07454895,0.01846975,-0.00331645,0.06156805,0.036849,-0.0300021,0.03405265,-0.03741448,-0.02729307,0.00084855,-0.05148769,0.02386693,0.1101402,0.0086237,0.01349967,-0.1232158,-0.0122533,-0.0258468,-0.010663,0.0332573,-0.0037536,0,0.0299139,0,0.06375761,0.03576015,0.02357262,-0.00932995,-0.0109745,-0.036824,0.06253882,0.00971701,0.0727948,0.2217075,-0.00775945,0.00276,0.0773802,-0.0171565
31-10-2017,-0.025668,-0.03331745,0.15194475,-0.0009306,0.0343743,0.09008835,-0.01571495,-0.0475744,0.00253165,-0.0131664,-0.056879,0.0651138,-0.01270325,-0.00608935,-0.03769125,0.0744907,-0.09937599,0.05269328,-0.01306715,-0.04133241,-0.0359767,-0.04764435,-0.05589625,-0.00983997,-0.12712315,0.00182395,-0.0693852,-0.04782064,-0.0417096,-0.01691265,0,-0.0979501,0,0.0252597,-0.1534505,-0.01140469,0.01377999,-0.09476755,0.0602049,0.21216456,-0.01841361,0.0667489,-0.0823902,0.07831593,0.0423878,-0.0625464,-0.0023749
30-11-2017,0.0100211,-0.01490785,0.10827545,-0.0844972,0.00248035,0.0272289,-0.0186789,-0.00379984,0.04562835,-0.00348965,-0.05289885,-0.00481,-0.0380431,-0.0487802,0.1023864,0.09507015,0.01467355,-0.00715312,-0.0222134,-0.00524642,-0.02472288,-0.01162385,-0.0504582,0.0477298,-0.003955,-0.0345591,-0.02929365,-0.0295642,-0.0164428,0.02038065,0,0.2781922,0,-0.01839095,0.08597295,-0.02260985,0.00516432,-0.13290845,0.00198555,-0.01779074,0.00424834,0.02361825,-0.0753043,-0.0771561,-0.00537175,-0.05019405,-0.07511955
31-12-2017,0.0136608,0.0105837,0.00220355,-0.0318849,0.1360054,-0.0130113,0.0175939,0.03859165,0.0268583,-0.02429925,0.05327385,-0.0305678,0.07576165,-0.01440165,0.075573,0.1242186,0.01069736,-0.01356147,-0.0119223,-0.0255036,0.04476945,0.0294489,0.030899,-0.00438745,-0.0697029,0.00020575,-0.03178945,-0.02791366,-0.0378785,-0.0073239,0,-0.02973135,0,0.0078795,-0.0201118,0.04649926,0.03509964,-0.05117715,-0.0243664,-0.02522138,-0.05870487,-0.0228375,-0.01127595,0.0036549,0.0369416,0.0637606,-0.041571
31-01-2018,0.0210216,0.1267617,0.01009775,-0.08071175,-0.0516783,-0.0282462,0.0001659,-0.02493787,0.0289518,0.04672935,-0.05038595,0.0645763,0.00246715,-0.0090656,-0.08685055,0.0221177,0.01789491,0.04124953,-0.0459459,0.03095345,0.07058808,0.04242615,-0.020619,0.16444784,0.0063919,0.00427375,0.0784077,0.02870511,-0.0273262,0.0133847,0,-0.0292636,0,-0.024494,0.039078,0.00838368,0.04289922,0.2106875,-0.0109292,0.10177889,0.00989195,-0.0026509,0.02692645,0.10798891,-0.0418703,-0.02810995,0.1272668
28-02-2018,0.06263735,-0.0209547,0.065863,-0.02829305,-0.0086968,-0.00287205,-0.14438165,0.0144691,0.03487425,-0.082583,0.01893835,0.03028935,0.0344052,0.0067994,0.01251455,-0.02236175,-0.0015117,0.02914274,-0.078565,0.05517363,0.02444336,-0.03155635,-0.01644535,-0.04750965,0.0363939,-0.0020595,-0.0648595,-0.03183445,0.0151422,0.05819945,0,0.0433699,0,-0.0144092,0.0220135,-0.0794826,0.00236873,-0.05677065,0.03931275,0.02741516,-0.05861812,-0.07600975,-0.0763036,-0.03888776,-0.0416586,-0.1197169,-0.0662178
31-03-2018,-0.0317341,-0.0468909,-0.02013055,0.0695191,-0.0666288,-0.0404298,0.01472715,0.08712295,0.0288949,-0.0337766,-0.01401065,-0.06303965,-0.0484818,0.06443535,0.07169785,0.0679698,-0.01823088,0.01821569,0.07967775,-0.06194236,-0.07160684,-0.0573662,0.0607566,-0.01170756,-0.0508354,-0.0184026,0.007851,-0.0372802,-0.02591465,-0.0124426,0,0.1448172,0,-0.07144575,0.09193275,-0.03606438,-0.04069732,-0.1248285,0.05147405,-0.05829345,-0.03058942,0.0188172,-0.00093595,-0.08625884,-0.01624455,-0.0054162,-0.0646567
30-04-2018,-0.06113565,-0.00742,-0.0689759,-0.0296348,0.0553392,0.0124945,0.034589,-0.0584834,-0.11207805,-0.02459785,0.1300125,-0.0165151,-0.08736,0.01535915,-0.08454535,0.0411764,-0.048127,-0.04371274,-0.05004505,0.018486,-0.05571156,-0.02082085,-0.0421997,0.18565981,-0.0790053,0.000674,0.05009575,-0.00093452,0.04660795,0.0278663,0,0.0001061,0,0.18287405,-0.0383935,0.04244574,-0.07556931,0.0240015,0.04056925,0.0413793,-0.04344387,-0.02661945,0.0800015,0.02137152,-0.01120565,0.0660959,-0.0002251
31-05-2018,0.1030321,-0.07162735,0.017636,-0.0941393,0.0048104,-0.0284802,0.0089488,-0.0619462,-0.00429225,0.01749755,-0.0200944,-0.13143655,0.042535,0.0070228,0.08272025,-0.09335215,-0.0776965,-0.00556195,0.0835779,0.00055107,-0.00643715,0.0740297,-0.0471891,-0.04703298,0.0009595,0.0084651,0.0357182,0.0068096,-0.02595285,-0.08124335,0,0.05546565,0,0.00718875,0.0029681,-0.01822242,-0.03408359,-0.068228,0.01728285,-0.05691809,-0.05393212,0.06209325,0.089479,0.04530448,-0.009206,-0.133146,0.0192542
30-06-2018,-0.05048105,-0.0102938,0.06075965,-0.0232817,-0.0175052,-0.03263575,-0.00381135,-0.01870665,-0.06568435,-0.0627849,-0.06235085,-0.01876275,0.0833652,-0.061902,0.01107425,0.00137515,-0.00990145,0.04284764,0.11906175,0.02000461,-0.04460786,0.0155005,0.14787845,0.01048285,0.0183277,0.0434963,-0.0262899,-0.0458145,0.02073915,-0.0367968,0,-0.0238301,0,-0.0317319,-0.0459534,-0.0385343,0.00284807,-0.0374717,-0.0412648,-0.08429035,-0.10745373,0.03176685,-0.1080627,-0.01080432,0.10713715,0.0191143,-0.0223348
31-07-2018,0.010857,-0.0313226,0.0850688,-0.0004457,-0.0171178,0.0122952,0.1029994,-0.0599088,0.0157026,0.1008915,-0.01532675,-0.0227833,-0.0721503,-0.043461,-0.00548365,-0.0413913,-0.05321365,-0.07499699,-0.0509751,-0.12941533,0.04584754,0.09976325,-0.00733305,0.07971505,0.0641617,-0.0582925,0.02077475,0.02412302,0.11257415,-0.03368575,0,-0.02423685,0,-0.092068,0.1001053,0.00075585,-0.00796916,0.0296852,0.06424255,0.06546269,0.08983264,-0.1044175,-0.09519,0.0424701,0.00958,0.0281704,0.05707305
31-08-2018,-0.0181431,0.002459,-0.0454528,0.02408265,-0.0062685,0.00159415,-0.032936,0.061754,-0.0433887,0.02724805,-0.014976,-0.03186555,0.1451327,0.0201539,-0.1620133,0.0767304,-0.0262812,0.07365624,-0.0518466,0.03649345,0.04319636,-0.0061476,-0.03622315,0.00797535,0.1835802,-0.0167559,0.02912895,0.03978754,0.0378211,0.0522228,0,0.0270453,0,0.0232065,0.118548,-0.0482312,-0.05478935,0.1031068,-0.12442015,-0.06229722,-0.10294074,0.05234625,0.01098975,0.03508369,0.00373305,0.16684395,-0.0024469
30-09-2018,0.0891321,0.0205773,0.10156485,0.11323345,0.17787555,-0.01740765,0.2480991,-0.0262668,-0.1479405,0.0879264,0.0454743,0.0532088,0.0118704,0.0315433,-0.10974055,-0.205855,-0.02968095,-0.00108846,-0.056029,-0.0070032,0.06427532,0.0608904,-0.03262965,-0.02264165,-0.002923,-0.0186467,0.0447457,0.03092919,0.0394769,0.03534215,0,0.0679037,0,-0.0187629,0.0613397,0.03243704,-0.01430934,-0.0801664,0.0490027,-0.04934667,-0.04724572,0.0129114,-0.141933,0.0107237,-0.0604285,0.0481167,0.0342641
31-10-2018,0.21688875,0.08136225,-0.1429805,0.0284738,0.02589975,0.13696755,-0.1346481,-0.02931535,0.17952565,-0.0008051,-0.0158661,-0.1339992,-0.09524355,0.0661179,-0.0211776,-0.14459635,0.01999695,0.024267,-0.01298795,0.05315768,0.001187,-0.0789756,0.063545,0.00371505,0.01943395,-0.00349525,0.00762125,-0.06912387,0.0216075,0.0141794,0,-0.1386464,0,0.1502505,-0.09851585,0.03100173,0.0401244,0.0329992,-0.0596394,0.00044856,0.05385453,-0.0738255,-0.0732576,0.06831315,0.0927458,0.1129017,-0.0698924
30-11-2018,-0.0078092,0.1047797,-0.01136,-0.012185,0.0759465,0.09065385,0.04069685,0.00411945,-0.10447495,0.0855558,0.0891362,0.1443971,-0.0092561,-0.03893625,-0.05747355,-0.1681831,-0.0218026,0.1310515,0.1566562,0.15590575,-0.09925356,0.097075,0.0251949,-0.0382571,0.07833115,0.0902235,0.01930195,0.05961087,-0.01971445,0.0382524,0,0.10103525,0,-0.02219705,-0.0045088,-0.03931571,-0.05298915,-0.0931513,0.1475085,0.0274883,-0.03465455,0.08068255,0.0739925,-0.12269332,0.0557184,-0.04126735,0.1219469
31-12-2018,-0.0122532,-0.03885775,0.0042375,-0.1087624,-0.088185,-0.08893035,-0.0720896,-0.006594,-0.10367315,-0.0476349,0.0343279,0.0460572,-0.0569217,-0.00764235,-0.1225188,-0.12717,-0.0309289,0.01677968,-0.07960015,-0.10981113,-0.03802991,-0.09130345,0.1578315,0.027014,-0.0855958,0.0583006,-0.1088362,-0.08917429,-0.05834655,-0.0844422,0,-0.0230373,0,-0.0098453,-0.06605775,-0.04490391,0.02075185,-0.0809547,-0.1001349,-0.07132186,-0.12851562,-0.0715799,-0.0973435,-0.00357025,-0.0174979,0.003167,-0.0806463
31-01-2019,-0.00307535,0.0481145,-0.021093,0.0259025,0.1036171,0.0973674,-0.170781,0.03405415,0.0287794,0.01018315,0.02715825,-0.0118414,0.00725855,0.04394875,-0.20240145,-0.037345,-0.042044,0.00684873,-0.04835295,-0.03706068,0.04210176,-0.0474552,-0.1066758,0.0503828,0.0626346,0.1608146,-0.094303,-0.00338539,-0.0257736,-0.0609294,0,0.01683675,0,-0.02560225,0.05282425,0.12866682,0.0518752,-0.0630435,0.0599286,0.0110319,-0.05484609,0.0452654,-0.037252,-0.00928062,-0.03972025,-0.0832384,-0.0310788
28-02-2019,-0.26209915,-0.00412795,0.05465025,-0.0419584,-0.0924075,0.05216755,-0.02239735,-0.0414855,0.008173,0.0169496,0.0182637,0.0513832,-0.03558065,0.0299664,-0.13566665,-0.0366894,-0.0101208,0.03211792,0.0276758,0.11468278,0.00987096,-0.0032532,-0.0136126,-0.0151032,-0.0377559,-0.1462869,0.0147808,-0.03461571,-0.0568698,0.01660365,0,0.03710145,0,-0.0500946,0.02427555,-0.06891652,-1.40E-05,0.1334319,-0.146017,-0.04642484,-0.04584411,-0.0262773,-0.0002652,0.01296119,-0.0665309,-0.0903795,0.0113652
31-03-2019,0.04450245,0.06161465,0.17371745,0.1472688,0.0126747,0.00685295,0.14735925,-0.0087364,0.0250127,0.0754754,-0.0371705,0.0725668,0.02071885,0.02552345,0.0881159,-0.005108,0.1234755,0.1521437,0.00281015,0.0063233,0.07069482,0.03225465,0.0238076,-0.0804248,0.06423115,-0.0262106,0.0282388,0.0689871,0.0214667,-0.03688245,0,0.03901965,0,-0.0044154,0.1437672,-0.00997896,0.0032532,0.0247999,0.06865585,-0.1547773,-0.00865356,0.00439025,-0.0472849,0.01464328,-0.0276852,-0.00693615,-0.0073305
30-04-2019,0.00757325,-0.00677345,-0.00855775,0.0556162,0.04241155,0.08797615,-0.0140056,-0.0043792,-0.020808,0.0430473,0.0356387,0.06275,0.008094,-0.0175051,0.0416755,0.0132688,-0.10366815,0.0173649,0.0402821,-0.00658502,0.1094454,-0.0443568,-0.04814,-0.00435385,-0.0709674,-0.0591312,-0.0279744,-0.0323466,-0.0162184,-0.0416025,0,-0.0306414,0,0.0230616,-0.1178112,-0.07874856,-0.0185313,0.0232099,-0.00907695,-0.10913391,-0.05923305,0.02219115,-0.0821202,0.03888104,-0.0822355,-0.112548,0.0238207
31-05-2019,0.19939775,0.0526615,0.099742,0.0743498,-0.04097595,-0.02121405,0.03350035,-0.02530755,-0.10569565,-0.0121352,-0.06815145,0.0068168,0.05295105,-0.04756285,-0.07301925,-0.0353019,-0.0079841,0.0464118,-0.0583988,-0.05773761,-0.0239382,0.05418205,0.07942315,-0.05229615,0.03305785,-0.01620355,0.0282921,-0.06617848,-0.02554975,0.1115131,0,-0.0313963,0,-0.021098,-0.0159589,-0.04950542,-0.01999965,-0.01056245,0.03198955,-0.0963319,0.01960658,0.0271933,-0.02541545,-0.03648744,-0.04552485,-0.0776502,0.0212022
30-06-2019,0.0309235,-0.032384,-0.0584995,-0.00488735,0.03916055,-0.0026752,-0.0026691,-0.112199,-0.11251615,0.0014036,0.025636,-0.047702,-0.0209436,0.0095301,0.0298719,0.00330625,-0.0127229,0.02426235,-0.02965705,0.03807362,-0.019646,0.01165405,0.011223,0.0389101,-0.0099176,0.0837351,-0.0027482,-0.0075579,-0.00232375,-0.0222396,0,0.0115063,0,0.0016327,-0.02443285,0.04523839,0.0060651,0.0018588,0.005187,0.0050051,-0.0890491,-0.0483144,-0.0175737,0.00313764,-0.0324408,-0.0463343,-0.035568
31-07-2019,0.0401755,0.0971737,0.0129373,-0.0522538,0.1096352,-0.00967795,-0.03065905,0.08966005,0.0664344,0.0456468,-0.0173194,0.0725698,-0.0833588,0.0716332,-0.1371879,-0.0446293,0.03821585,-0.0243195,-0.0286332,-0.11280803,0.0638609,0.1154319,-0.0837902,0.0676732,0.1080185,-0.13094435,-0.09412395,0.04804878,-0.02557035,0.0013966,0,0.1484458,0,0.0927257,-0.0168466,0.05293874,-0.0371588,0.02288825,0.0056286,-0.024108,0.10235688,0.19393425,-0.0490084,0.03707676,0.09461585,0.0147628,-0.0686163
31-08-2019,-0.0014704,-0.0605726,0.14490495,-0.10688295,0.0360791,0.03878115,-0.0912964,0.22081605,0.0461274,-0.12383,0.0570653,-0.0733309,-0.0083569,0.0379259,-0.0126126,0.0793283,0.094221,0.04657,0.08906115,0.0859394,-0.03174395,0.030261,-0.1260339,-0.02758165,-0.0573386,0.0089775,-0.10461785,-0.04551921,0.0426955,0.1070071,0,-0.013725,0,-0.0254867,-0.1336318,-0.12364848,-0.1040059,0.042587,0.0259053,-0.0552595,-0.01212225,-0.0902985,-0.1263825,0.05877063,0.10906485,0.0459243,-0.102408
30-09-2019,0.0420224,0.040879,-0.1107775,-0.2219136,-0.1416745,-0.01246805,0.10624235,-0.067962,-0.04168765,0.09233245,-0.0809545,0.300464,0.08178705,-0.06226885,0.0742728,-0.0112777,0.1827126,-0.0294705,0.04207685,0.0434246,0.00219325,0.0002834,-0.00529755,0.027146,-0.10592475,-0.2264257,0.0055027,-0.08417541,-0.01361475,-2.22E-05,0,0.13471025,0,-0.1057236,-0.07893645,-0.04244657,0.03080345,0.0061115,0.08181375,-0.06652645,0.0139314,-0.06149725,-0.04520235,-0.01017873,-0.0121866,-0.080931,-0.128685
31-10-2019,0.13687555,-0.065542,0.0600857,-0.0707954,0.0440814,-0.13344895,-0.080887,0.0443756,-0.0129689,-0.0702777,0.0278047,0.0301587,-0.00603935,0.0174509,-0.083811,-0.00129925,-0.03624625,0.0372099,0.0283521,-0.0633251,0.0880049,-0.0121542,0.075606,0.133232,-0.0167746,-0.02023795,-0.0747107,-0.0690436,-0.04212385,0.02434945,0,-0.09780345,0,0.0767482,-0.09490285,0.25940569,0.1047348,-0.0386237,-0.1137384,-0.1136792,0.006961,0.00776585,0.01958275,0.0381391,-0.0434275,-0.13362125,0.02825635
30-11-2019,-0.01869825,0.0434954,0.1013844,0.1955939,-0.0264594,-0.00688325,0.0030092,0.0237853,-0.0620707,0.013481,0.02834325,-0.0267544,-0.007638,-0.00468425,-0.05055,-0.01772345,0.0708344,-0.023709,-0.090286,-0.0658337,0.0371383,0.0356236,-0.04990875,-0.0523028,-0.1040644,0.06009335,-0.0495229,-0.0261488,0.01816645,0.0140316,0,0.1034127,0,0.0702934,0.06331875,-0.09187431,-0.0618192,-0.00142065,0.0586032,0.0321335,-0.083356,0.0081906,-0.02404235,-0.01445496,0.05408735,0.00714,0.0350793
31-12-2019,-0.0721842,0.0113531,-0.110871,-0.0906873,0.0269935,-0.00854815,0.03930805,-0.02464105,0.017125,-0.02743445,0.053271,0.001105,-0.07425275,-0.04383565,-0.02580245,-0.01352955,-0.017094,0.03277525,0.020156,-0.014441,-0.02204795,0.0038686,-0.0433356,-0.0624862,-0.1008124,0.0683694,0.0442797,-0.0336071,-0.0171955,-0.0069115,0,-0.0008447,0,0.04108545,0.0148869,-0.06700612,0.03292565,-0.0357856,-0.1051208,-0.00585,-0.0166949,0.0517066,0.0030024,0.0126607,0.04143735,-0.0935079,-0.0306638
31-01-2020,0.11305445,-0.01452655,-0.05658625,0.04180185,-0.03763435,0.10692125,-0.13913255,0.08666975,-0.0526595,-0.08911875,0.0464246,-0.04447085,0.06196205,0.0267983,0.11528645,0.04134885,0.0014156,0.07573285,-0.00939905,0.10034935,0.05125905,-0.08055825,0.0338017,0.0226324,-0.0531506,-0.0666102,-0.08950545,-0.01576895,-0.0331396,-0.01240595,0,-0.041062,0,0.02984985,-0.0162571,-0.09302438,-0.02823665,-0.0428,0.02959035,0.0061856,0.0818395,0.06334065,-0.0070101,0.0211519,0.1161187,-0.0071883,-0.02962105
29-02-2020,0.2806625,0.01856095,-0.0689741,-0.04881625,0.07343685,0.0414591,0.1667086,0.0132199,0.0741214,-0.014382,0.0767624,-0.03235545,0.04674615,0.0658032,0.05495,0.0406114,-0.038964,0.00421515,0.0504902,0.01834665,0.0117028,-0.0425035,0.1521809,0.0293146,0.0018412,0.10250105,0.02711515,-0.0020573,0.1685737,0.02438095,0,-0.0884938,0,-0.03673385,0.0318264,0.15141392,0.00849335,0.14539765,0.01765725,0.037168,0.0469294,-0.06557675,0.07876775,0.09888345,0.06103435,-0.03496275,0.03561495
31-03-2020,0.4474058,0.3151414,0.3345424,0.7935589,0.31668655,0.2176377,0.50604485,0.2520252,0.2875681,0.4943472,0.0917181,0.2191996,0.02707645,0.26377055,0.3872935,0.3589563,0.1912858,0.18295925,-0.1544944,0.34976225,0.2266204,0.01259665,-0.12253715,0.1150588,0.4400834,0.21438935,0.10146565,0.255782,0.0805497,0.1014779,0,0.2522459,-0.0827714,0.36039165,0.33999245,0.02449298,0.12233075,0.2113223,0.2653626,0.1132572,0.2429552,0.040645,0.0062335,0.172435,0.30909935,0.3577278,0.236568
30-04-2020,0.2110698,0.08632395,-0.03174675,-0.01844595,0.04420715,0.01058425,-0.219024,0.0104311,-0.0358435,-0.0585486,0.06061725,0.1222634,0.2513904,0.1350867,0.2461746,0.11051625,-0.0280646,0.06090905,0.3918096,0.2043418,-0.14421,0.0280052,0.28014405,-0.03198355,0.04704065,0.21436265,-0.02010525,0.0572344,0.04582615,0.09413475,0,-0.1586514,-0.00838025,-0.0432405,0.04874675,-0.10884259,0.04615175,0.05219665,0.149112,-0.0014548,0.1346014,-0.0106755,0.0278378,0.14232345,0.01544025,-0.0746055,-0.01745655
31-05-2020,-0.1306014,-0.0273296,-0.0950069,-0.2703108,-0.1036584,0.00500125,-0.12233935,-0.1228842,0.12052725,-0.1182675,0.09762375,-0.0237973,-0.0511937,-0.1289304,0.0018428,-0.006492,0.0423577,-0.157483,0.0021091,-0.1973909,0.06477285,-0.0129364,-0.01733165,-0.07989815,-0.2036501,-0.06660735,-0.1293918,-0.12362635,0.0453453,-0.061776,0.00733655,-0.0813123,-0.11080125,0.16907495,-0.15392125,-0.0821209,-0.12997025,-0.12786675,0.064284,0.0881604,-0.10588815,0.002478,-0.0526363,-0.00904215,-0.03379825,-0.076572,-0.23228785
30-06-2020,0.1072855,-0.120339,0.08298475,0.2136728,-0.12547395,-0.1047897,0.3492514,-0.028246,-0.0306627,0.16120455,0.05716745,0.034024,0.01241275,-0.03556895,0.0731774,0.014057,-0.0172515,-0.1209325,-0.0661725,-0.0252721,-0.00880415,-0.0359995,-0.0233228,0.00932575,-0.026773,-0.0315862,0.0292557,-0.0050341,-0.0019616,-0.01446185,-0.0304641,0.0921554,-0.0140297,0.15157,-0.02708905,0.02951706,-0.13530775,-0.0008716,0.0517924,-0.0633993,0.0417629,-0.14763,-0.0541478,0.0460725,0.0360059,-0.0318756,0.1194693
31-07-2020,-0.2032239,-0.0526296,-0.18956165,-0.219292,-0.1025862,-0.006075,0.0771576,0.02951945,-0.0454377,0.0514009,0.02547585,-0.1292724,0.0993165,0.0185946,-0.1052576,-0.157773,-0.1284435,0.00771735,0.00132955,-0.10373705,0.0855008,-0.102792,-0.0425028,0.0339328,-0.2639171,-0.02753745,-0.10387005,0.0087579,-0.044703,0.0013422,0.02199225,-0.0981166,0.1468305,-0.0839352,-0.11752885,0.0116131,0.3231984,0.1600651,0.07485045,-0.1178037,0.0193875,-0.023529,0.1715573,0.1631218,-0.06066445,-0.0102529,-0.1836306
31-08-2020,-0.01610595,0.0221796,0.03196235,0.1028559,0.11071395,-0.03911695,-0.06621385,0.1881759,-0.0579271,-0.10653465,0.03070445,-0.010582,0.04987725,-0.09682735,0.0813936,0.11044795,-0.05761135,0.1382477,0.10981015,-0.110799,-0.0137231,0.0584392,-0.1082992,-0.02945745,-0.02166035,0.0201372,-0.1124271,-0.0008127,-0.0183924,0.0309989,-0.020056,-0.0060291,0.0457558,-0.05446545,0.0495775,-0.03932156,0.00559025,0.0338541,0.13059765,0.0550047,-0.04875695,0.0068844,0.243732,-0.0527122,-0.00679735,0.23473455,-0.06200565
30-09-2020,-0.0168829,0.0454896,0.0807368,0.10701305,0.03298425,-0.06193,0.0152267,0.1138005,-0.0640453,0.0369787,0.010654,-0.02217015,0.0548702,-0.074163,-0.07401725,0.0132251,0.142776,0.10960485,-0.06206895,-0.10631115,0.09837345,0.00404545,-0.037536,-0.05311845,-0.03227685,-0.0602758,0.05476345,0.00699,0.0992149,-0.0968595,-0.0438013,-0.0643455,-0.0678507,-0.153094,0.0093654,-0.050244,-0.02121845,-0.08809255,-0.05024205,0.04815465,0.09714095,0.1299408,-0.047026,-0.0023222,0.04067905,-0.146663,0.02163855
31-10-2020,-0.12195465,-0.0257915,-0.003621,-0.1136712,-0.05199115,0.0743575,-0.2765747,0.013713,-0.0276647,-0.1016237,-0.00760725,0.0146692,0.00022805,-0.13501335,0.0961498,-0.0343472,-0.0301037,0.09365615,0.02239795,0.08693745,0.0147811,-0.07332015,0.0512419,0.0883872,0.06528165,0.145989,0.13080055,0.115093,-0.0089869,0.0012741,0.0131516,0.0567416,-0.0595274,-0.0815125,0.03504495,0.0493791,0.14574405,-0.05464825,-0.12684235,0.02849765,-0.08342575,-0.004719,-0.0907945,-0.08751375,-0.0998274,0.02011235,0.13444855
30-11-2020,0.34428495,0.20741585,0.1761886,0.2847054,-0.0440205,0.0097773,0.4348265,0.4026052,0.06416445,0.48766285,-0.0601731,0.08997315,-0.0114745,0.03663105,0.21094295,0.1767904,0.06772085,0.04685795,-0.11553575,0.0094557,-0.0456793,-0.06208365,-0.05611675,-0.0572495,0.2580111,-0.1060883,0.2233692,0.1196475,0.1474213,-0.0456773,0.05329455,0.0429177,0.101304,0.16883675,-0.0359275,0.14026635,-0.1201998,-0.0552016,0.1170222,0.05998685,0.1802132,0.0960446,0.0842109,-0.0709687,0.1532518,-0.00436455,0.0195398
,,,,,,,,,,,,,,,,,,,,,,,,,,,,,,,,,,,,,,,,,,,,,,,
,1.88%,1.39%,1.29%,1.25%,1.14%,0.97%,0.91%,0.90%,0.79%,0.78%,0.73%,0.68%,0.55%,0.54%,0.45%,0.44%,0.44%,0.43%,0.42%,0.42%,0.42%,0.33%,0.27%,0.25%,0.24%,0.23%,0.21%,0.17%,0.02%,0.01%,0.00%,-0.01%,-0.04%,-0.08%,-0.18%,-0.19%,-0.34%,-0.42%,-0.47%,-0.47%,-0.56%,-0.57%,-0.59%,-0.63%,-0.72%,-1.03%,-1.29%
