Date,Price,Side,Contract,Contract_Type,qty,Trading_Cost,Strike_Price
12-06-2000,1452.75,1,NZ1 Index,F,500,0.00015,0
26-06-2000,1462,-1,NZ1 Index,F,500,0.00015,0
29-06-2000,1490.35,1,NZ1 Index,F,500,0.00015,0
14-07-2000,1511.9,-1,NZ1 Index,F,500,0.00015,0
08-08-2000,1353.5,1,NZ1 Index,F,500,0.00015,0
10-08-2000,1338,-1,NZ1 Index,F,500,0.00015,0
16-08-2000,1357.9,1,NZ1 Index,F,500,0.00015,0
29-08-2000,1366.75,-1,NZ1 Index,F,500,0.00015,0
30-08-2000,1374,1,NZ1 Index,F,500,0.00015,0
15-09-2000,1424.35,-1,NZ1 Index,F,500,0.00015,0
04-10-2000,1308.85,1,NZ1 Index,F,500,0.00015,0
09-10-2000,1275,-1,NZ1 Index,F,500,0.00015,0
25-10-2000,1182.85,1,NZ1 Index,F,500,0.00015,0
13-11-2000,1213.4,-1,NZ1 Index,F,500,0.00015,0
14-11-2000,1248.35,1,NZ1 Index,F,500,0.00015,0
16-11-2000,1236.6,-1,NZ1 Index,F,500,0.00015,0
27-11-2000,1254.85,1,NZ1 Index,F,500,0.00015,0
15-12-2000,1315.45,-1,NZ1 Index,F,500,0.00015,0
02-01-2001,1271.95,1,NZ1 Index,F,500,0.00015,0
10-01-2001,1288.6,-1,NZ1 Index,F,500,0.00015,0
17-01-2001,1304,1,NZ1 Index,F,500,0.00015,0
16-02-2001,1386.6,-1,NZ1 Index,F,500,0.00015,0
01-03-2001,1366.8,1,NZ1 Index,F,500,0.00015,0
02-03-2001,1313.5,-1,NZ1 Index,F,500,0.00015,0
27-03-2001,1172.65,1,NZ1 Index,F,500,0.00015,0
30-03-2001,1148.45,-1,NZ1 Index,F,500,0.00015,0
18-04-2001,1097.3,1,NZ1 Index,F,500,0.00015,0
27-04-2001,1103.05,-1,NZ1 Index,F,500,0.00015,0
02-05-2001,1130.5,1,NZ1 Index,F,500,0.00015,0
03-05-2001,1115.95,-1,NZ1 Index,F,500,0.00015,0
08-05-2001,1140.1,1,NZ1 Index,F,500,0.00015,0
11-05-2001,1123.5,-1,NZ1 Index,F,500,0.00015,0
17-05-2001,1150.1,1,NZ1 Index,F,500,0.00015,0
01-06-2001,1133.6,-1,NZ1 Index,F,500,0.00015,0
26-06-2001,1096.05,1,NZ1 Index,F,500,0.00015,0
03-07-2001,1073,-1,NZ1 Index,F,500,0.00015,0
12-07-2001,1102,1,NZ1 Index,F,500,0.00015,0
20-07-2001,1076.85,-1,NZ1 Index,F,500,0.00015,0
02-08-2001,1069.15,1,NZ1 Index,F,500,0.00015,0
10-08-2001,1066.65,-1,NZ1 Index,F,500,0.00015,0
14-08-2001,1075.35,1,NZ1 Index,F,500,0.00015,0
20-08-2001,1067.1,-1,NZ1 Index,F,500,0.00015,0
23-08-2001,1069.95,1,NZ1 Index,F,500,0.00015,0
29-08-2001,1069.25,-1,NZ1 Index,F,500,0.00015,0
27-09-2001,890,1,NZ1 Index,F,500,0.00015,0
29-10-2001,964.45,-1,NZ1 Index,F,500,0.00015,0
01-11-2001,981.4,1,NZ1 Index,F,500,0.00015,0
03-12-2001,1057.5,-1,NZ1 Index,F,500,0.00015,0
04-12-2001,1080.3,1,NZ1 Index,F,500,0.00015,0
13-12-2001,1094.35,-1,NZ1 Index,F,500,0.00015,0
31-12-2001,1063.6,1,NZ1 Index,F,500,0.00015,0
01-01-2002,1049.9,-1,NZ1 Index,F,500,0.00015,0
02-01-2002,1059.85,1,NZ1 Index,F,500,0.00015,0
16-01-2002,1092.5,-1,NZ1 Index,F,500,0.00015,0
17-01-2002,1114.25,1,NZ1 Index,F,500,0.00015,0
18-01-2002,1092.35,-1,NZ1 Index,F,500,0.00015,0
01-02-2002,1084.1,1,NZ1 Index,F,500,0.00015,0
04-02-2002,1078.25,-1,NZ1 Index,F,500,0.00015,0
06-02-2002,1118.75,1,NZ1 Index,F,500,0.00015,0
28-02-2002,1142.05,-1,NZ1 Index,F,500,0.00015,0
01-03-2002,1158.9,1,NZ1 Index,F,500,0.00015,0
06-03-2002,1161.85,-1,NZ1 Index,F,500,0.00015,0
07-03-2002,1180.25,1,NZ1 Index,F,500,0.00015,0
11-03-2002,1160.35,-1,NZ1 Index,F,500,0.00015,0
15-03-2002,1174.4,1,NZ1 Index,F,500,0.00015,0
19-03-2002,1158.5,-1,NZ1 Index,F,500,0.00015,0
04-04-2002,1142,1,NZ1 Index,F,500,0.00015,0
08-04-2002,1134,-1,NZ1 Index,F,500,0.00015,0
09-04-2002,1134.6,1,NZ1 Index,F,500,0.00015,0
15-04-2002,1135.85,-1,NZ1 Index,F,500,0.00015,0
06-05-2002,1104.7,1,NZ1 Index,F,500,0.00015,0
15-05-2002,1106.95,-1,NZ1 Index,F,500,0.00015,0
03-06-2002,1047.05,1,NZ1 Index,F,500,0.00015,0
19-06-2002,1063.95,-1,NZ1 Index,F,500,0.00015,0
01-07-2002,1072.45,1,NZ1 Index,F,500,0.00015,0
11-07-2002,1060.55,-1,NZ1 Index,F,500,0.00015,0
07-08-2002,972.65,1,NZ1 Index,F,500,0.00015,0
08-08-2002,955.9,-1,NZ1 Index,F,500,0.00015,0
09-08-2002,966.7,1,NZ1 Index,F,500,0.00015,0
28-08-2002,984,-1,NZ1 Index,F,500,0.00015,0
30-08-2002,1002.15,1,NZ1 Index,F,500,0.00015,0
06-09-2002,992.1,-1,NZ1 Index,F,500,0.00015,0
27-09-2002,976.7,1,NZ1 Index,F,500,0.00015,0
30-09-2002,957.75,-1,NZ1 Index,F,500,0.00015,0
08-10-2002,963.3,1,NZ1 Index,F,500,0.00015,0
09-10-2002,955.35,-1,NZ1 Index,F,500,0.00015,0
11-10-2002,969.65,1,NZ1 Index,F,500,0.00015,0
22-10-2002,962.9,-1,NZ1 Index,F,500,0.00015,0
31-10-2002,951.4,1,NZ1 Index,F,500,0.00015,0
06-01-2003,1084.75,-1,NZ1 Index,F,500,0.00015,0
09-01-2003,1100.7,1,NZ1 Index,F,500,0.00015,0
10-01-2003,1085.55,-1,NZ1 Index,F,500,0.00015,0
16-01-2003,1087.4,1,NZ1 Index,F,500,0.00015,0
17-01-2003,1086.75,-1,NZ1 Index,F,500,0.00015,0
03-02-2003,1057.35,1,NZ1 Index,F,500,0.00015,0
04-02-2003,1052.55,-1,NZ1 Index,F,500,0.00015,0
06-02-2003,1064.3,1,NZ1 Index,F,500,0.00015,0
10-02-2003,1049.85,-1,NZ1 Index,F,500,0.00015,0
11-02-2003,1050.15,1,NZ1 Index,F,500,0.00015,0
12-02-2003,1047.05,-1,NZ1 Index,F,500,0.00015,0
17-02-2003,1063.65,1,NZ1 Index,F,500,0.00015,0
25-02-2003,1058.95,-1,NZ1 Index,F,500,0.00015,0
28-02-2003,1070.5,1,NZ1 Index,F,500,0.00015,0
04-03-2003,1053.9,-1,NZ1 Index,F,500,0.00015,0
20-03-2003,1021.8,1,NZ1 Index,F,500,0.00015,0
27-03-2003,1002.7,-1,NZ1 Index,F,500,0.00015,0
03-04-2003,1006.35,1,NZ1 Index,F,500,0.00015,0
10-04-2003,973.65,-1,NZ1 Index,F,500,0.00015,0
02-05-2003,938.05,1,NZ1 Index,F,500,0.00015,0
09-05-2003,934.65,-1,NZ1 Index,F,500,0.00015,0
13-05-2003,944.2,1,NZ1 Index,F,500,0.00015,0
18-07-2003,1144.1,-1,NZ1 Index,F,500,0.00015,0
25-07-2003,1163,1,NZ1 Index,F,500,0.00015,0
06-08-2003,1165.25,-1,NZ1 Index,F,500,0.00015,0
07-08-2003,1191.9,1,NZ1 Index,F,500,0.00015,0
12-09-2003,1379.9,-1,NZ1 Index,F,500,0.00015,0
24-09-2003,1371.9,1,NZ1 Index,F,500,0.00015,0
21-10-2003,1510.7,-1,NZ1 Index,F,500,0.00015,0
30-10-2003,1516.85,1,NZ1 Index,F,500,0.00015,0
13-11-2003,1587.05,-1,NZ1 Index,F,500,0.00015,0
25-11-2003,1571.85,1,NZ1 Index,F,500,0.00015,0
15-01-2004,1951.5,-1,NZ1 Index,F,500,0.00015,0
27-01-2004,1911.9,1,NZ1 Index,F,500,0.00015,0
28-01-2004,1866.4,-1,NZ1 Index,F,500,0.00015,0
06-02-2004,1834.7,1,NZ1 Index,F,500,0.00015,0
19-02-2004,1858.95,-1,NZ1 Index,F,500,0.00015,0
01-03-2004,1848,1,NZ1 Index,F,500,0.00015,0
11-03-2004,1803.1,-1,NZ1 Index,F,500,0.00015,0
26-03-2004,1747.25,1,NZ1 Index,F,500,0.00015,0
19-04-2004,1835.65,-1,NZ1 Index,F,500,0.00015,0
21-04-2004,1871.45,1,NZ1 Index,F,500,0.00015,0
27-04-2004,1818,-1,NZ1 Index,F,500,0.00015,0
06-05-2004,1821.85,1,NZ1 Index,F,500,0.00015,0
07-05-2004,1786.75,-1,NZ1 Index,F,500,0.00015,0
24-05-2004,1598.8,1,NZ1 Index,F,500,0.00015,0
28-05-2004,1482.4,-1,NZ1 Index,F,500,0.00015,0
08-06-2004,1531.3,1,NZ1 Index,F,500,0.00015,0
11-06-2004,1490.7,-1,NZ1 Index,F,500,0.00015,0
17-06-2004,1509.3,1,NZ1 Index,F,500,0.00015,0
18-06-2004,1484.7,-1,NZ1 Index,F,500,0.00015,0
28-06-2004,1496,1,NZ1 Index,F,500,0.00015,0
08-07-2004,1499.4,-1,NZ1 Index,F,500,0.00015,0
09-07-2004,1537.65,1,NZ1 Index,F,500,0.00015,0
13-07-2004,1524.75,-1,NZ1 Index,F,500,0.00015,0
15-07-2004,1528.7,1,NZ1 Index,F,500,0.00015,0
11-08-2004,1617,-1,NZ1 Index,F,500,0.00015,0
25-08-2004,1599.1,1,NZ1 Index,F,500,0.00015,0
28-09-2004,1702.65,-1,NZ1 Index,F,500,0.00015,0
29-09-2004,1730.65,1,NZ1 Index,F,500,0.00015,0
12-10-2004,1785.8,-1,NZ1 Index,F,500,0.00015,0
19-10-2004,1809.65,1,NZ1 Index,F,500,0.00015,0
20-10-2004,1790,-1,NZ1 Index,F,500,0.00015,0
28-10-2004,1800.1,1,NZ1 Index,F,500,0.00015,0
29-10-2004,1785.25,-1,NZ1 Index,F,500,0.00015,0
01-11-2004,1794.85,1,NZ1 Index,F,500,0.00015,0
19-11-2004,1871.3,-1,NZ1 Index,F,500,0.00015,0
22-11-2004,1875.65,1,NZ1 Index,F,500,0.00015,0
10-12-2004,1967.2,-1,NZ1 Index,F,500,0.00015,0
13-12-2004,1982.75,1,NZ1 Index,F,500,0.00015,0
05-01-2005,2033.75,-1,NZ1 Index,F,500,0.00015,0
25-01-2005,1935.85,1,NZ1 Index,F,500,0.00015,0
16-02-2005,2072.85,-1,NZ1 Index,F,500,0.00015,0
28-02-2005,2111.65,1,NZ1 Index,F,500,0.00015,0
15-03-2005,2120.85,-1,NZ1 Index,F,500,0.00015,0
01-04-2005,2060.9,1,NZ1 Index,F,500,0.00015,0
08-04-2005,2021.3,-1,NZ1 Index,F,500,0.00015,0
25-04-2005,1956.6,1,NZ1 Index,F,500,0.00015,0
26-04-2005,1949.95,-1,NZ1 Index,F,500,0.00015,0
28-04-2005,1941.3,1,NZ1 Index,F,500,0.00015,0
29-04-2005,1881.85,-1,NZ1 Index,F,500,0.00015,0
04-05-2005,1931.5,1,NZ1 Index,F,500,0.00015,0
18-05-2005,1967.2,-1,NZ1 Index,F,500,0.00015,0
19-05-2005,1978.25,1,NZ1 Index,F,500,0.00015,0
02-06-2005,2038.1,-1,NZ1 Index,F,500,0.00015,0
03-06-2005,2075.85,1,NZ1 Index,F,500,0.00015,0
07-07-2005,2164.8,-1,NZ1 Index,F,500,0.00015,0
11-07-2005,2209.15,1,NZ1 Index,F,500,0.00015,0
13-07-2005,2191.9,-1,NZ1 Index,F,500,0.00015,0
15-07-2005,2202.95,1,NZ1 Index,F,500,0.00015,0
08-08-2005,2315.5,-1,NZ1 Index,F,500,0.00015,0
10-08-2005,2359.95,1,NZ1 Index,F,500,0.00015,0
23-08-2005,2326.95,-1,NZ1 Index,F,500,0.00015,0
31-08-2005,2364.75,1,NZ1 Index,F,500,0.00015,0
22-09-2005,2474.85,-1,NZ1 Index,F,500,0.00015,0
26-09-2005,2559.9,1,NZ1 Index,F,500,0.00015,0
06-10-2005,2567.45,-1,NZ1 Index,F,500,0.00015,0
02-11-2005,2409.55,1,NZ1 Index,F,500,0.00015,0
05-12-2005,2659.95,-1,NZ1 Index,F,500,0.00015,0
07-12-2005,2688.3,1,NZ1 Index,F,500,0.00015,0
23-12-2005,2791.2,-1,NZ1 Index,F,500,0.00015,0
27-12-2005,2808.85,1,NZ1 Index,F,500,0.00015,0
28-12-2005,2796.95,-1,NZ1 Index,F,500,0.00015,0
29-12-2005,2821.95,1,NZ1 Index,F,500,0.00015,0
12-01-2006,2831.4,-1,NZ1 Index,F,500,0.00015,0
19-01-2006,2869.25,1,NZ1 Index,F,500,0.00015,0
03-02-2006,2921.8,-1,NZ1 Index,F,500,0.00015,0
06-02-2006,2991.55,1,NZ1 Index,F,500,0.00015,0
17-02-2006,2978.4,-1,NZ1 Index,F,500,0.00015,0
20-02-2006,3010.1,1,NZ1 Index,F,500,0.00015,0
08-03-2006,3082.65,-1,NZ1 Index,F,500,0.00015,0
09-03-2006,3113.85,1,NZ1 Index,F,500,0.00015,0
12-04-2006,3387,-1,NZ1 Index,F,500,0.00015,0
18-04-2006,3524.05,1,NZ1 Index,F,500,0.00015,0
25-04-2006,3465.5,-1,NZ1 Index,F,500,0.00015,0
26-04-2006,3579.45,1,NZ1 Index,F,500,0.00015,0
27-04-2006,3508.2,-1,NZ1 Index,F,500,0.00015,0
29-04-2006,3546.5,1,NZ1 Index,F,500,0.00015,0
12-05-2006,3633,-1,NZ1 Index,F,500,0.00015,0
17-05-2006,3641.25,1,NZ1 Index,F,500,0.00015,0
18-05-2006,3363.85,-1,NZ1 Index,F,500,0.00015,0
16-06-2006,2880.75,1,NZ1 Index,F,500,0.00015,0
07-07-2006,3039.45,-1,NZ1 Index,F,500,0.00015,0
10-07-2006,3124.35,1,NZ1 Index,F,500,0.00015,0
14-07-2006,3091.4,-1,NZ1 Index,F,500,0.00015,0
25-07-2006,3039.45,1,NZ1 Index,F,500,0.00015,0
07-08-2006,3127,-1,NZ1 Index,F,500,0.00015,0
08-08-2006,3205.15,1,NZ1 Index,F,500,0.00015,0
11-09-2006,3352.85,-1,NZ1 Index,F,500,0.00015,0
13-09-2006,3454.75,1,NZ1 Index,F,500,0.00015,0
19-09-2006,3447.95,-1,NZ1 Index,F,500,0.00015,0
20-09-2006,3504.6,1,NZ1 Index,F,500,0.00015,0
04-10-2006,3519.2,-1,NZ1 Index,F,500,0.00015,0
05-10-2006,3571.45,1,NZ1 Index,F,500,0.00015,0
11-10-2006,3545.8,-1,NZ1 Index,F,500,0.00015,0
12-10-2006,3629.15,1,NZ1 Index,F,500,0.00015,0
23-10-2006,3664.75,-1,NZ1 Index,F,500,0.00015,0
27-10-2006,3748.7,1,NZ1 Index,F,500,0.00015,0
08-12-2006,3964.7,-1,NZ1 Index,F,500,0.00015,0
18-12-2006,3928.65,1,NZ1 Index,F,500,0.00015,0
19-12-2006,3815.15,-1,NZ1 Index,F,500,0.00015,0
22-12-2006,3856.6,1,NZ1 Index,F,500,0.00015,0
08-01-2007,3923.9,-1,NZ1 Index,F,500,0.00015,0
12-01-2007,4058.7,1,NZ1 Index,F,500,0.00015,0
31-01-2007,4063.35,-1,NZ1 Index,F,500,0.00015,0
01-02-2007,4138.35,1,NZ1 Index,F,500,0.00015,0
12-02-2007,4053.6,-1,NZ1 Index,F,500,0.00015,0
15-02-2007,4160,1,NZ1 Index,F,500,0.00015,0
20-02-2007,4118.6,-1,NZ1 Index,F,500,0.00015,0
08-03-2007,3754.15,1,NZ1 Index,F,500,0.00015,0
09-03-2007,3698.65,-1,NZ1 Index,F,500,0.00015,0
12-03-2007,3727.2,1,NZ1 Index,F,500,0.00015,0
14-03-2007,3599.55,-1,NZ1 Index,F,500,0.00015,0
19-03-2007,3667.4,1,NZ1 Index,F,500,0.00015,0
02-04-2007,3601.85,-1,NZ1 Index,F,500,0.00015,0
09-04-2007,3825.55,1,NZ1 Index,F,500,0.00015,0
07-05-2007,4105.8,-1,NZ1 Index,F,500,0.00015,0
14-05-2007,4140.75,1,NZ1 Index,F,500,0.00015,0
30-05-2007,4242.8,-1,NZ1 Index,F,500,0.00015,0
31-05-2007,4295.8,1,NZ1 Index,F,500,0.00015,0
04-06-2007,4246.75,-1,NZ1 Index,F,500,0.00015,0
05-06-2007,4286.15,1,NZ1 Index,F,500,0.00015,0
06-06-2007,4178.35,-1,NZ1 Index,F,500,0.00015,0
19-06-2007,4214.85,1,NZ1 Index,F,500,0.00015,0
27-07-2007,4402.2,-1,NZ1 Index,F,500,0.00015,0
08-08-2007,4438.15,1,NZ1 Index,F,500,0.00015,0
09-08-2007,4365.4,-1,NZ1 Index,F,500,0.00015,0
14-08-2007,4346.7,1,NZ1 Index,F,500,0.00015,0
16-08-2007,4139.1,-1,NZ1 Index,F,500,0.00015,0
27-08-2007,4297.95,1,NZ1 Index,F,500,0.00015,0
18-10-2007,5318.95,-1,NZ1 Index,F,500,0.00015,0
23-10-2007,5489.1,1,NZ1 Index,F,500,0.00015,0
07-11-2007,5782.4,-1,NZ1 Index,F,500,0.00015,0
14-11-2007,5959.4,1,NZ1 Index,F,500,0.00015,0
20-11-2007,5784.45,-1,NZ1 Index,F,500,0.00015,0
30-11-2007,5803.5,1,NZ1 Index,F,500,0.00015,0
17-12-2007,5779.8,-1,NZ1 Index,F,500,0.00015,0
24-12-2007,6007.15,1,NZ1 Index,F,500,0.00015,0
10-01-2008,6160.6,-1,NZ1 Index,F,500,0.00015,0
14-01-2008,6224.75,1,NZ1 Index,F,500,0.00015,0
15-01-2008,6071.4,-1,NZ1 Index,F,500,0.00015,0
01-02-2008,5320.8,1,NZ1 Index,F,500,0.00015,0
07-02-2008,5100,-1,NZ1 Index,F,500,0.00015,0
14-02-2008,5186.85,1,NZ1 Index,F,500,0.00015,0
29-02-2008,5181.1,-1,NZ1 Index,F,500,0.00015,0
25-03-2008,4884.9,1,NZ1 Index,F,500,0.00015,0
04-04-2008,4652.7,-1,NZ1 Index,F,500,0.00015,0
11-04-2008,4771.85,1,NZ1 Index,F,500,0.00015,0
08-05-2008,5093.1,-1,NZ1 Index,F,500,0.00015,0
15-05-2008,5112.8,1,NZ1 Index,F,500,0.00015,0
22-05-2008,5017.9,-1,NZ1 Index,F,500,0.00015,0
16-06-2008,4571.3,1,NZ1 Index,F,500,0.00015,0
19-06-2008,4487.5,-1,NZ1 Index,F,500,0.00015,0
09-07-2008,4137.9,1,NZ1 Index,F,500,0.00015,0
15-07-2008,3828.9,-1,NZ1 Index,F,500,0.00015,0
18-07-2008,4077.65,1,NZ1 Index,F,500,0.00015,0
29-07-2008,4198.9,-1,NZ1 Index,F,500,0.00015,0
30-07-2008,4326.4,1,NZ1 Index,F,500,0.00015,0
14-08-2008,4437.05,-1,NZ1 Index,F,500,0.00015,0
29-08-2008,4370.55,1,NZ1 Index,F,500,0.00015,0
11-09-2008,4304.45,-1,NZ1 Index,F,500,0.00015,0
19-09-2008,4272.95,1,NZ1 Index,F,500,0.00015,0
23-09-2008,4143.35,-1,NZ1 Index,F,500,0.00015,0
24-09-2008,4179.95,1,NZ1 Index,F,500,0.00015,0
25-09-2008,4110.55,-1,NZ1 Index,F,500,0.00015,0
31-10-2008,2881.9,1,NZ1 Index,F,500,0.00015,0
11-11-2008,2928.4,-1,NZ1 Index,F,500,0.00015,0
26-11-2008,2757.85,1,NZ1 Index,F,500,0.00015,0
01-12-2008,2678.2,-1,NZ1 Index,F,500,0.00015,0
04-12-2008,2796.05,1,NZ1 Index,F,500,0.00015,0
23-12-2008,2972.85,-1,NZ1 Index,F,500,0.00015,0
01-01-2009,3043.7,1,NZ1 Index,F,500,0.00015,0
07-01-2009,2914.1,-1,NZ1 Index,F,500,0.00015,0
27-01-2009,2767.2,1,NZ1 Index,F,500,0.00015,0
02-02-2009,2735.35,-1,NZ1 Index,F,500,0.00015,0
03-02-2009,2764.65,1,NZ1 Index,F,500,0.00015,0
05-02-2009,2765.95,-1,NZ1 Index,F,500,0.00015,0
06-02-2009,2830.7,1,NZ1 Index,F,500,0.00015,0
16-02-2009,2831.5,-1,NZ1 Index,F,500,0.00015,0
13-03-2009,2716.2,1,NZ1 Index,F,500,0.00015,0
22-04-2009,3323.4,-1,NZ1 Index,F,500,0.00015,0
23-04-2009,3426.05,1,NZ1 Index,F,500,0.00015,0
28-04-2009,3354.95,-1,NZ1 Index,F,500,0.00015,0
29-04-2009,3473.95,1,NZ1 Index,F,500,0.00015,0
11-05-2009,3552.05,-1,NZ1 Index,F,500,0.00015,0
12-05-2009,3689.95,1,NZ1 Index,F,500,0.00015,0
14-05-2009,3603.65,-1,NZ1 Index,F,500,0.00015,0
15-05-2009,3684.35,1,NZ1 Index,F,500,0.00015,0
08-06-2009,4433.95,-1,NZ1 Index,F,500,0.00015,0
09-06-2009,4551.15,1,NZ1 Index,F,500,0.00015,0
15-06-2009,4499.8,-1,NZ1 Index,F,500,0.00015,0
26-06-2009,4384.5,1,NZ1 Index,F,500,0.00015,0
30-06-2009,4289.75,-1,NZ1 Index,F,500,0.00015,0
01-07-2009,4338.35,1,NZ1 Index,F,500,0.00015,0
06-07-2009,4154,-1,NZ1 Index,F,500,0.00015,0
15-07-2009,4236.9,1,NZ1 Index,F,500,0.00015,0
06-08-2009,4578.25,-1,NZ1 Index,F,500,0.00015,0
13-08-2009,4611.1,1,NZ1 Index,F,500,0.00015,0
17-08-2009,4372.6,-1,NZ1 Index,F,500,0.00015,0
21-08-2009,4536.2,1,NZ1 Index,F,500,0.00015,0
02-09-2009,4614.45,-1,NZ1 Index,F,500,0.00015,0
04-09-2009,4695.65,1,NZ1 Index,F,500,0.00015,0
07-10-2009,4975.9,-1,NZ1 Index,F,500,0.00015,0
12-10-2009,5059.5,1,NZ1 Index,F,500,0.00015,0
22-10-2009,4997.4,-1,NZ1 Index,F,500,0.00015,0
09-11-2009,4903.15,1,NZ1 Index,F,500,0.00015,0
26-11-2009,5005.55,-1,NZ1 Index,F,500,0.00015,0
01-12-2009,5132.05,1,NZ1 Index,F,500,0.00015,0
07-12-2009,5069.65,-1,NZ1 Index,F,500,0.00015,0
08-12-2009,5157.95,1,NZ1 Index,F,500,0.00015,0
11-12-2009,5111.6,-1,NZ1 Index,F,500,0.00015,0
23-12-2009,5156.85,1,NZ1 Index,F,500,0.00015,0
12-01-2010,5208.9,-1,NZ1 Index,F,500,0.00015,0
13-01-2010,5243,1,NZ1 Index,F,500,0.00015,0
15-01-2010,5254.4,-1,NZ1 Index,F,500,0.00015,0
18-01-2010,5271.15,1,NZ1 Index,F,500,0.00015,0
19-01-2010,5220.7,-1,NZ1 Index,F,500,0.00015,0
11-02-2010,4828.85,1,NZ1 Index,F,500,0.00015,0
15-02-2010,4795.7,-1,NZ1 Index,F,500,0.00015,0
16-02-2010,4865.2,1,NZ1 Index,F,500,0.00015,0
31-03-2010,5261.6,-1,NZ1 Index,F,500,0.00015,0
01-04-2010,5306.8,1,NZ1 Index,F,500,0.00015,0
08-04-2010,5301.6,-1,NZ1 Index,F,500,0.00015,0
09-04-2010,5364.9,1,NZ1 Index,F,500,0.00015,0
15-04-2010,5277.3,-1,NZ1 Index,F,500,0.00015,0
23-04-2010,5305,1,NZ1 Index,F,500,0.00015,0
28-04-2010,5216.7,-1,NZ1 Index,F,500,0.00015,0
30-04-2010,5262.8,1,NZ1 Index,F,500,0.00015,0
03-05-2010,5218.45,-1,NZ1 Index,F,500,0.00015,0
10-05-2010,5200.25,1,NZ1 Index,F,500,0.00015,0
11-05-2010,5132.95,-1,NZ1 Index,F,500,0.00015,0
13-05-2010,5178.15,1,NZ1 Index,F,500,0.00015,0
14-05-2010,5083.65,-1,NZ1 Index,F,500,0.00015,0
27-05-2010,5003.1,1,NZ1 Index,F,500,0.00015,0
01-06-2010,4944.05,-1,NZ1 Index,F,500,0.00015,0
02-06-2010,5004.35,1,NZ1 Index,F,500,0.00015,0
08-06-2010,4960.7,-1,NZ1 Index,F,500,0.00015,0
10-06-2010,5086.1,1,NZ1 Index,F,500,0.00015,0
29-06-2010,5266.45,-1,NZ1 Index,F,500,0.00015,0
30-06-2010,5316.25,1,NZ1 Index,F,500,0.00015,0
01-07-2010,5258.3,-1,NZ1 Index,F,500,0.00015,0
06-07-2010,5306.9,1,NZ1 Index,F,500,0.00015,0
07-07-2010,5247.7,-1,NZ1 Index,F,500,0.00015,0
08-07-2010,5309.45,1,NZ1 Index,F,500,0.00015,0
28-07-2010,5394.4,-1,NZ1 Index,F,500,0.00015,0
02-08-2010,5434.35,1,NZ1 Index,F,500,0.00015,0
11-08-2010,5411.9,-1,NZ1 Index,F,500,0.00015,0
13-08-2010,5456.45,1,NZ1 Index,F,500,0.00015,0
16-08-2010,5417.45,-1,NZ1 Index,F,500,0.00015,0
18-08-2010,5483.05,1,NZ1 Index,F,500,0.00015,0
25-08-2010,5469.85,-1,NZ1 Index,F,500,0.00015,0
01-09-2010,5477.95,1,NZ1 Index,F,500,0.00015,0
12-10-2010,6118.65,-1,NZ1 Index,F,500,0.00015,0
13-10-2010,6273.85,1,NZ1 Index,F,500,0.00015,0
15-10-2010,6092,-1,NZ1 Index,F,500,0.00015,0
21-10-2010,6135.15,1,NZ1 Index,F,500,0.00015,0
22-10-2010,6089.75,-1,NZ1 Index,F,500,0.00015,0
25-10-2010,6136.2,1,NZ1 Index,F,500,0.00015,0
26-10-2010,6108.25,-1,NZ1 Index,F,500,0.00015,0
01-11-2010,6152.05,1,NZ1 Index,F,500,0.00015,0
11-11-2010,6232.55,-1,NZ1 Index,F,500,0.00015,0
01-12-2010,5979.1,1,NZ1 Index,F,500,0.00015,0
08-12-2010,5923.95,-1,NZ1 Index,F,500,0.00015,0
14-12-2010,5960.3,1,NZ1 Index,F,500,0.00015,0
15-12-2010,5895.1,-1,NZ1 Index,F,500,0.00015,0
16-12-2010,5966.8,1,NZ1 Index,F,500,0.00015,0
06-01-2011,6072.25,-1,NZ1 Index,F,500,0.00015,0
24-01-2011,5740.45,1,NZ1 Index,F,500,0.00015,0
25-01-2011,5684.25,-1,NZ1 Index,F,500,0.00015,0
14-02-2011,5455.65,1,NZ1 Index,F,500,0.00015,0
23-02-2011,5435.75,-1,NZ1 Index,F,500,0.00015,0
01-03-2011,5543.85,1,NZ1 Index,F,500,0.00015,0
11-03-2011,5459.6,-1,NZ1 Index,F,500,0.00015,0
14-03-2011,5555.3,1,NZ1 Index,F,500,0.00015,0
15-03-2011,5447.6,-1,NZ1 Index,F,500,0.00015,0
16-03-2011,5523.85,1,NZ1 Index,F,500,0.00015,0
17-03-2011,5466.65,-1,NZ1 Index,F,500,0.00015,0
23-03-2011,5500.25,1,NZ1 Index,F,500,0.00015,0
11-04-2011,5803.65,-1,NZ1 Index,F,500,0.00015,0
13-04-2011,5938.1,1,NZ1 Index,F,500,0.00015,0
15-04-2011,5834.15,-1,NZ1 Index,F,500,0.00015,0
20-04-2011,5870.6,1,NZ1 Index,F,500,0.00015,0
27-04-2011,5836.55,-1,NZ1 Index,F,500,0.00015,0
13-05-2011,5558.9,1,NZ1 Index,F,500,0.00015,0
16-05-2011,5488.7,-1,NZ1 Index,F,500,0.00015,0
27-05-2011,5466.35,1,NZ1 Index,F,500,0.00015,0
09-06-2011,5519.15,-1,NZ1 Index,F,500,0.00015,0
24-06-2011,5484.05,1,NZ1 Index,F,500,0.00015,0
11-07-2011,5617.05,-1,NZ1 Index,F,500,0.00015,0
19-07-2011,5624.3,1,NZ1 Index,F,500,0.00015,0
20-07-2011,5569.55,-1,NZ1 Index,F,500,0.00015,0
22-07-2011,5645.55,1,NZ1 Index,F,500,0.00015,0
26-07-2011,5574.35,-1,NZ1 Index,F,500,0.00015,0
29-08-2011,4933.15,1,NZ1 Index,F,500,0.00015,0
12-09-2011,4942.45,-1,NZ1 Index,F,500,0.00015,0
15-09-2011,5081.2,1,NZ1 Index,F,500,0.00015,0
19-09-2011,5037.15,-1,NZ1 Index,F,500,0.00015,0
20-09-2011,5156.7,1,NZ1 Index,F,500,0.00015,0
22-09-2011,4913.9,-1,NZ1 Index,F,500,0.00015,0
29-09-2011,5015.45,1,NZ1 Index,F,500,0.00015,0
30-09-2011,4934.3,-1,NZ1 Index,F,500,0.00015,0
07-10-2011,4898.6,1,NZ1 Index,F,500,0.00015,0
21-10-2011,5054,-1,NZ1 Index,F,500,0.00015,0
24-10-2011,5105.8,1,NZ1 Index,F,500,0.00015,0
09-11-2011,5237.1,-1,NZ1 Index,F,500,0.00015,0
28-11-2011,4870.3,1,NZ1 Index,F,500,0.00015,0
29-11-2011,4816.75,-1,NZ1 Index,F,500,0.00015,0
30-11-2011,4832.35,1,NZ1 Index,F,500,0.00015,0
09-12-2011,4885.9,-1,NZ1 Index,F,500,0.00015,0
22-12-2011,4748.9,1,NZ1 Index,F,500,0.00015,0
29-12-2011,4646.25,-1,NZ1 Index,F,500,0.00015,0
03-01-2012,4783.2,1,NZ1 Index,F,500,0.00015,0
23-02-2012,5483.3,-1,NZ1 Index,F,500,0.00015,0
09-03-2012,5364.15,1,NZ1 Index,F,500,0.00015,0
16-03-2012,5342.7,-1,NZ1 Index,F,500,0.00015,0
21-03-2012,5394.5,1,NZ1 Index,F,500,0.00015,0
22-03-2012,5240.05,-1,NZ1 Index,F,500,0.00015,0
30-03-2012,5333.25,1,NZ1 Index,F,500,0.00015,0
09-04-2012,5253,-1,NZ1 Index,F,500,0.00015,0
12-04-2012,5290.65,1,NZ1 Index,F,500,0.00015,0
13-04-2012,5221.1,-1,NZ1 Index,F,500,0.00015,0
17-04-2012,5319.6,1,NZ1 Index,F,500,0.00015,0
23-04-2012,5198.6,-1,NZ1 Index,F,500,0.00015,0
30-04-2012,5267.85,1,NZ1 Index,F,500,0.00015,0
03-05-2012,5199.8,-1,NZ1 Index,F,500,0.00015,0
24-05-2012,4913.1,1,NZ1 Index,F,500,0.00015,0
01-06-2012,4824.55,-1,NZ1 Index,F,500,0.00015,0
06-06-2012,4978.6,1,NZ1 Index,F,500,0.00015,0
25-06-2012,5109.3,-1,NZ1 Index,F,500,0.00015,0
26-06-2012,5125.7,1,NZ1 Index,F,500,0.00015,0
12-07-2012,5251.4,-1,NZ1 Index,F,500,0.00015,0
30-07-2012,5216.7,1,NZ1 Index,F,500,0.00015,0
27-08-2012,5362.4,-1,NZ1 Index,F,500,0.00015,0
07-09-2012,5359.1,1,NZ1 Index,F,500,0.00015,0
08-10-2012,5701,-1,NZ1 Index,F,500,0.00015,0
11-10-2012,5739.35,1,NZ1 Index,F,500,0.00015,0
12-10-2012,5686.55,-1,NZ1 Index,F,500,0.00015,0
18-10-2012,5736.45,1,NZ1 Index,F,500,0.00015,0
19-10-2012,5688.3,-1,NZ1 Index,F,500,0.00015,0
22-10-2012,5724.75,1,NZ1 Index,F,500,0.00015,0
23-10-2012,5695.5,-1,NZ1 Index,F,500,0.00015,0
25-10-2012,5705.3,1,NZ1 Index,F,500,0.00015,0
30-10-2012,5628,-1,NZ1 Index,F,500,0.00015,0
02-11-2012,5739.55,1,NZ1 Index,F,500,0.00015,0
12-11-2012,5711.1,-1,NZ1 Index,F,500,0.00015,0
26-11-2012,5642.75,1,NZ1 Index,F,500,0.00015,0
13-12-2012,5876.45,-1,NZ1 Index,F,500,0.00015,0
18-12-2012,5928.9,1,NZ1 Index,F,500,0.00015,0
21-12-2012,5853.4,-1,NZ1 Index,F,500,0.00015,0
26-12-2012,5913.75,1,NZ1 Index,F,500,0.00015,0
27-12-2012,5870.1,-1,NZ1 Index,F,500,0.00015,0
28-12-2012,5954.55,1,NZ1 Index,F,500,0.00015,0
10-01-2013,6003.6,-1,NZ1 Index,F,500,0.00015,0
14-01-2013,6057.5,1,NZ1 Index,F,500,0.00015,0
16-01-2013,6019.25,-1,NZ1 Index,F,500,0.00015,0
17-01-2013,6054.45,1,NZ1 Index,F,500,0.00015,0
24-01-2013,6019.75,-1,NZ1 Index,F,500,0.00015,0
25-01-2013,6073.7,1,NZ1 Index,F,500,0.00015,0
29-01-2013,6049.4,-1,NZ1 Index,F,500,0.00015,0
19-02-2013,5953.4,1,NZ1 Index,F,500,0.00015,0
21-02-2013,5853.45,-1,NZ1 Index,F,500,0.00015,0
06-03-2013,5841.35,1,NZ1 Index,F,500,0.00015,0
18-03-2013,5851.4,-1,NZ1 Index,F,500,0.00015,0
01-04-2013,5726.55,1,NZ1 Index,F,500,0.00015,0
03-04-2013,5688.1,-1,NZ1 Index,F,500,0.00015,0
16-04-2013,5696.35,1,NZ1 Index,F,500,0.00015,0
13-05-2013,5994.45,-1,NZ1 Index,F,500,0.00015,0
15-05-2013,6161.5,1,NZ1 Index,F,500,0.00015,0
22-05-2013,6104.05,-1,NZ1 Index,F,500,0.00015,0
28-05-2013,6109.4,1,NZ1 Index,F,500,0.00015,0
29-05-2013,6090.25,-1,NZ1 Index,F,500,0.00015,0
30-05-2013,6124.05,1,NZ1 Index,F,500,0.00015,0
31-05-2013,6000.05,-1,NZ1 Index,F,500,0.00015,0
28-06-2013,5841.45,1,NZ1 Index,F,500,0.00015,0
10-07-2013,5822.05,-1,NZ1 Index,F,500,0.00015,0
11-07-2013,5941.35,1,NZ1 Index,F,500,0.00015,0
24-07-2013,6002.7,-1,NZ1 Index,F,500,0.00015,0
13-08-2013,5711.35,1,NZ1 Index,F,500,0.00015,0
16-08-2013,5505,-1,NZ1 Index,F,500,0.00015,0
29-08-2013,5409.05,1,NZ1 Index,F,500,0.00015,0
03-09-2013,5344.55,-1,NZ1 Index,F,500,0.00015,0
04-09-2013,5458.05,1,NZ1 Index,F,500,0.00015,0
23-09-2013,5914.4,-1,NZ1 Index,F,500,0.00015,0
03-10-2013,5966.8,1,NZ1 Index,F,500,0.00015,0
25-10-2013,6151.55,-1,NZ1 Index,F,500,0.00015,0
29-10-2013,6228.95,1,NZ1 Index,F,500,0.00015,0
07-11-2013,6227.3,-1,NZ1 Index,F,500,0.00015,0
18-11-2013,6217.05,1,NZ1 Index,F,500,0.00015,0
20-11-2013,6149.05,-1,NZ1 Index,F,500,0.00015,0
25-11-2013,6133.9,1,NZ1 Index,F,500,0.00015,0
26-11-2013,6071.95,-1,NZ1 Index,F,500,0.00015,0
29-11-2013,6225.5,1,NZ1 Index,F,500,0.00015,0
12-12-2013,6264.95,-1,NZ1 Index,F,500,0.00015,0
20-12-2013,6292.35,1,NZ1 Index,F,500,0.00015,0
02-01-2014,6257.75,-1,NZ1 Index,F,500,0.00015,0
13-01-2014,6285.3,1,NZ1 Index,F,500,0.00015,0
24-01-2014,6276.15,-1,NZ1 Index,F,500,0.00015,0
11-02-2014,6072.75,1,NZ1 Index,F,500,0.00015,0
13-02-2014,6005.45,-1,NZ1 Index,F,500,0.00015,0
14-02-2014,6058,1,NZ1 Index,F,500,0.00015,0
20-03-2014,6502.55,-1,NZ1 Index,F,500,0.00015,0
24-03-2014,6598.85,1,NZ1 Index,F,500,0.00015,0
15-04-2014,6753.95,-1,NZ1 Index,F,500,0.00015,0
17-04-2014,6799.95,1,NZ1 Index,F,500,0.00015,0
29-04-2014,6760.3,-1,NZ1 Index,F,500,0.00015,0
09-05-2014,6887.4,1,NZ1 Index,F,500,0.00015,0
30-05-2014,7233.65,-1,NZ1 Index,F,500,0.00015,0
02-06-2014,7370.95,1,NZ1 Index,F,500,0.00015,0
16-06-2014,7559.2,-1,NZ1 Index,F,500,0.00015,0
17-06-2014,7657.4,1,NZ1 Index,F,500,0.00015,0
18-06-2014,7569.4,-1,NZ1 Index,F,500,0.00015,0
24-06-2014,7595.55,1,NZ1 Index,F,500,0.00015,0
25-06-2014,7574.9,-1,NZ1 Index,F,500,0.00015,0
30-06-2014,7634.35,1,NZ1 Index,F,500,0.00015,0
08-07-2014,7648.75,-1,NZ1 Index,F,500,0.00015,0
16-07-2014,7643.05,1,NZ1 Index,F,500,0.00015,0
01-08-2014,7622.6,-1,NZ1 Index,F,500,0.00015,0
05-08-2014,7772.85,1,NZ1 Index,F,500,0.00015,0
06-08-2014,7691.45,-1,NZ1 Index,F,500,0.00015,0
12-08-2014,7748.25,1,NZ1 Index,F,500,0.00015,0
15-09-2014,8062.55,-1,NZ1 Index,F,500,0.00015,0
18-09-2014,8136.7,1,NZ1 Index,F,500,0.00015,0
23-09-2014,8032.2,-1,NZ1 Index,F,500,0.00015,0
09-10-2014,7990.35,1,NZ1 Index,F,500,0.00015,0
10-10-2014,7886.8,-1,NZ1 Index,F,500,0.00015,0
20-10-2014,7897.25,1,NZ1 Index,F,500,0.00015,0
08-12-2014,8489.75,-1,NZ1 Index,F,500,0.00015,0
22-12-2014,8334.2,1,NZ1 Index,F,500,0.00015,0
24-12-2014,8174.1,-1,NZ1 Index,F,500,0.00015,0
26-12-2014,8273.75,1,NZ1 Index,F,500,0.00015,0
06-01-2015,8157.9,-1,NZ1 Index,F,500,0.00015,0
09-01-2015,8315.5,1,NZ1 Index,F,500,0.00015,0
14-01-2015,8307.35,-1,NZ1 Index,F,500,0.00015,0
15-01-2015,8515.05,1,NZ1 Index,F,500,0.00015,0
03-02-2015,8809.9,-1,NZ1 Index,F,500,0.00015,0
12-02-2015,8752.2,1,NZ1 Index,F,500,0.00015,0
23-02-2015,8753.45,-1,NZ1 Index,F,500,0.00015,0
27-02-2015,8889.95,1,NZ1 Index,F,500,0.00015,0
09-03-2015,8784.85,-1,NZ1 Index,F,500,0.00015,0
01-04-2015,8633.1,1,NZ1 Index,F,500,0.00015,0
16-04-2015,8726.15,-1,NZ1 Index,F,500,0.00015,0
04-05-2015,8372.25,1,NZ1 Index,F,500,0.00015,0
06-05-2015,8121.75,-1,NZ1 Index,F,500,0.00015,0
11-05-2015,8342.15,1,NZ1 Index,F,500,0.00015,0
12-05-2015,8131.25,-1,NZ1 Index,F,500,0.00015,0
13-05-2015,8250.75,1,NZ1 Index,F,500,0.00015,0
26-05-2015,8337.9,-1,NZ1 Index,F,500,0.00015,0
29-05-2015,8458.65,1,NZ1 Index,F,500,0.00015,0
02-06-2015,8225.35,-1,NZ1 Index,F,500,0.00015,0
17-06-2015,8079.05,1,NZ1 Index,F,500,0.00015,0
08-07-2015,8378,-1,NZ1 Index,F,500,0.00015,0
13-07-2015,8481.95,1,NZ1 Index,F,500,0.00015,0
24-07-2015,8534.35,-1,NZ1 Index,F,500,0.00015,0
31-07-2015,8569.65,1,NZ1 Index,F,500,0.00015,0
11-08-2015,8490.8,-1,NZ1 Index,F,500,0.00015,0
14-08-2015,8542.7,1,NZ1 Index,F,500,0.00015,0
17-08-2015,8488.05,-1,NZ1 Index,F,500,0.00015,0
19-08-2015,8505.4,1,NZ1 Index,F,500,0.00015,0
20-08-2015,8380.05,-1,NZ1 Index,F,500,0.00015,0
09-09-2015,7826.7,1,NZ1 Index,F,500,0.00015,0
22-09-2015,7797.1,-1,NZ1 Index,F,500,0.00015,0
24-09-2015,7868.5,1,NZ1 Index,F,500,0.00015,0
28-09-2015,7825.5,-1,NZ1 Index,F,500,0.00015,0
30-09-2015,7980.35,1,NZ1 Index,F,500,0.00015,0
14-10-2015,8121.4,-1,NZ1 Index,F,500,0.00015,0
15-10-2015,8187,1,NZ1 Index,F,500,0.00015,0
28-10-2015,8173.6,-1,NZ1 Index,F,500,0.00015,0
19-11-2015,7858.35,1,NZ1 Index,F,500,0.00015,0
03-12-2015,7890.8,-1,NZ1 Index,F,500,0.00015,0
16-12-2015,7758.2,1,NZ1 Index,F,500,0.00015,0
04-01-2016,7809.8,-1,NZ1 Index,F,500,0.00015,0
27-01-2016,7433.4,1,NZ1 Index,F,500,0.00015,0
03-02-2016,7383.5,-1,NZ1 Index,F,500,0.00015,0
05-02-2016,7519.2,1,NZ1 Index,F,500,0.00015,0
08-02-2016,7393.45,-1,NZ1 Index,F,500,0.00015,0
19-02-2016,7212.45,1,NZ1 Index,F,500,0.00015,0
23-02-2016,7113.1,-1,NZ1 Index,F,500,0.00015,0
01-03-2016,7229.05,1,NZ1 Index,F,500,0.00015,0
05-04-2016,7623.5,-1,NZ1 Index,F,500,0.00015,0
11-04-2016,7702.1,1,NZ1 Index,F,500,0.00015,0
28-04-2016,7847.25,-1,NZ1 Index,F,500,0.00015,0
09-05-2016,7904.3,1,NZ1 Index,F,500,0.00015,0
13-05-2016,7830.55,-1,NZ1 Index,F,500,0.00015,0
16-05-2016,7887.2,1,NZ1 Index,F,500,0.00015,0
19-05-2016,7785.1,-1,NZ1 Index,F,500,0.00015,0
25-05-2016,7943,1,NZ1 Index,F,500,0.00015,0
10-06-2016,8190.4,-1,NZ1 Index,F,500,0.00015,0
15-06-2016,8221.35,1,NZ1 Index,F,500,0.00015,0
16-06-2016,8158.75,-1,NZ1 Index,F,500,0.00015,0
20-06-2016,8251.9,1,NZ1 Index,F,500,0.00015,0
24-06-2016,8086.9,-1,NZ1 Index,F,500,0.00015,0
29-06-2016,8204.5,1,NZ1 Index,F,500,0.00015,0
03-08-2016,8582.55,-1,NZ1 Index,F,500,0.00015,0
05-08-2016,8708.2,1,NZ1 Index,F,500,0.00015,0
10-08-2016,8598.05,-1,NZ1 Index,F,500,0.00015,0
12-08-2016,8678.4,1,NZ1 Index,F,500,0.00015,0
17-08-2016,8631.4,-1,NZ1 Index,F,500,0.00015,0
18-08-2016,8685.1,1,NZ1 Index,F,500,0.00015,0
22-08-2016,8633.2,-1,NZ1 Index,F,500,0.00015,0
24-08-2016,8654.65,1,NZ1 Index,F,500,0.00015,0
25-08-2016,8592.2,-1,NZ1 Index,F,500,0.00015,0
29-08-2016,8649.75,1,NZ1 Index,F,500,0.00015,0
12-09-2016,8742.35,-1,NZ1 Index,F,500,0.00015,0
22-09-2016,8884.45,1,NZ1 Index,F,500,0.00015,0
26-09-2016,8735.15,-1,NZ1 Index,F,500,0.00015,0
03-10-2016,8779.1,1,NZ1 Index,F,500,0.00015,0
06-10-2016,8731.35,-1,NZ1 Index,F,500,0.00015,0
10-10-2016,8739.95,1,NZ1 Index,F,500,0.00015,0
13-10-2016,8580.45,-1,NZ1 Index,F,500,0.00015,0
20-10-2016,8705.15,1,NZ1 Index,F,500,0.00015,0
26-10-2016,8616.75,-1,NZ1 Index,F,500,0.00015,0
28-10-2016,8667.4,1,NZ1 Index,F,500,0.00015,0
30-10-2016,8629.2,-1,NZ1 Index,F,500,0.00015,0
25-11-2016,8126.35,1,NZ1 Index,F,500,0.00015,0
07-12-2016,8123.35,-1,NZ1 Index,F,500,0.00015,0
08-12-2016,8255.65,1,NZ1 Index,F,500,0.00015,0
12-12-2016,8183.4,-1,NZ1 Index,F,500,0.00015,0
13-12-2016,8227.45,1,NZ1 Index,F,500,0.00015,0
15-12-2016,8173.05,-1,NZ1 Index,F,500,0.00015,0
29-12-2016,8103.6,1,NZ1 Index,F,500,0.00015,0
20-01-2017,8362.65,-1,NZ1 Index,F,500,0.00015,0
23-01-2017,8402.4,1,NZ1 Index,F,500,0.00015,0
15-02-2017,8743.1,-1,NZ1 Index,F,500,0.00015,0
17-02-2017,8827,1,NZ1 Index,F,500,0.00015,0
22-03-2017,9050.4,-1,NZ1 Index,F,500,0.00015,0
23-03-2017,9107.65,1,NZ1 Index,F,500,0.00015,0
27-03-2017,9067.95,-1,NZ1 Index,F,500,0.00015,0
29-03-2017,9142.85,1,NZ1 Index,F,500,0.00015,0
12-04-2017,9223.2,-1,NZ1 Index,F,500,0.00015,0
24-04-2017,9224.45,1,NZ1 Index,F,500,0.00015,0
22-05-2017,9443.65,-1,NZ1 Index,F,500,0.00015,0
25-05-2017,9509.75,1,NZ1 Index,F,500,0.00015,0
12-06-2017,9620.15,-1,NZ1 Index,F,500,0.00015,0
19-06-2017,9675.25,1,NZ1 Index,F,500,0.00015,0
22-06-2017,9633.1,-1,NZ1 Index,F,500,0.00015,0
03-07-2017,9621.8,1,NZ1 Index,F,500,0.00015,0
08-08-2017,9999.45,-1,NZ1 Index,F,500,0.00015,0
23-08-2017,9862.3,1,NZ1 Index,F,500,0.00015,0
29-08-2017,9799,-1,NZ1 Index,F,500,0.00015,0
30-08-2017,9883.6,1,NZ1 Index,F,500,0.00015,0
22-09-2017,9982.95,-1,NZ1 Index,F,500,0.00015,0
04-10-2017,9930.45,1,NZ1 Index,F,500,0.00015,0
08-11-2017,10354.9,-1,NZ1 Index,F,500,0.00015,0
20-11-2017,10320.05,1,NZ1 Index,F,500,0.00015,0
30-11-2017,10226.55,-1,NZ1 Index,F,500,0.00015,0
08-12-2017,10291.65,1,NZ1 Index,F,500,0.00015,0
02-01-2018,10472.2,-1,NZ1 Index,F,500,0.00015,0
04-01-2018,10526.2,1,NZ1 Index,F,500,0.00015,0
02-02-2018,10755.85,-1,NZ1 Index,F,500,0.00015,0
23-02-2018,10504.55,1,NZ1 Index,F,500,0.00015,0
01-03-2018,10456.55,-1,NZ1 Index,F,500,0.00015,0
12-03-2018,10432.8,1,NZ1 Index,F,500,0.00015,0
16-03-2018,10232.5,-1,NZ1 Index,F,500,0.00015,0
02-04-2018,10264,1,NZ1 Index,F,500,0.00015,0
04-04-2018,10146.6,-1,NZ1 Index,F,500,0.00015,0
05-04-2018,10352.2,1,NZ1 Index,F,500,0.00015,0
17-05-2018,10696.2,-1,NZ1 Index,F,500,0.00015,0
28-05-2018,10678.85,1,NZ1 Index,F,500,0.00015,0
04-06-2018,10598.7,-1,NZ1 Index,F,500,0.00015,0
06-06-2018,10686.25,1,NZ1 Index,F,500,0.00015,0
19-06-2018,10719.85,-1,NZ1 Index,F,500,0.00015,0
22-06-2018,10833.95,1,NZ1 Index,F,500,0.00015,0
25-06-2018,10757.65,-1,NZ1 Index,F,500,0.00015,0
03-07-2018,10723.95,1,NZ1 Index,F,500,0.00015,0
13-08-2018,11381.15,-1,NZ1 Index,F,500,0.00015,0
14-08-2018,11463.45,1,NZ1 Index,F,500,0.00015,0
16-08-2018,11410.9,-1,NZ1 Index,F,500,0.00015,0
17-08-2018,11488.45,1,NZ1 Index,F,500,0.00015,0
03-09-2018,11641.75,-1,NZ1 Index,F,500,0.00015,0
14-09-2018,11547.3,1,NZ1 Index,F,500,0.00015,0
17-09-2018,11407.7,-1,NZ1 Index,F,500,0.00015,0
16-10-2018,10589.85,1,NZ1 Index,F,500,0.00015,0
19-10-2018,10303.2,-1,NZ1 Index,F,500,0.00015,0
31-10-2018,10398.4,1,NZ1 Index,F,500,0.00015,0
21-11-2018,10621.6,-1,NZ1 Index,F,500,0.00015,0
26-11-2018,10639.2,1,NZ1 Index,F,500,0.00015,0
06-12-2018,10626.3,-1,NZ1 Index,F,500,0.00015,0
12-12-2018,10783.65,1,NZ1 Index,F,500,0.00015,0
21-12-2018,10767.5,-1,NZ1 Index,F,500,0.00015,0
28-12-2018,10907.75,1,NZ1 Index,F,500,0.00015,0
02-01-2019,10830.85,-1,NZ1 Index,F,500,0.00015,0
08-01-2019,10844.65,1,NZ1 Index,F,500,0.00015,0
11-01-2019,10827.6,-1,NZ1 Index,F,500,0.00015,0
15-01-2019,10928.4,1,NZ1 Index,F,500,0.00015,0
23-01-2019,10854.9,-1,NZ1 Index,F,500,0.00015,0
31-01-2019,10830.95,1,NZ1 Index,F,500,0.00015,0
12-02-2019,10860.45,-1,NZ1 Index,F,500,0.00015,0
21-02-2019,10804.45,1,NZ1 Index,F,500,0.00015,0
25-03-2019,11370.05,-1,NZ1 Index,F,500,0.00015,0
26-03-2019,11510.7,1,NZ1 Index,F,500,0.00015,0
27-03-2019,11458.1,-1,NZ1 Index,F,500,0.00015,0
28-03-2019,11570,1,NZ1 Index,F,500,0.00015,0
10-04-2019,11652.9,-1,NZ1 Index,F,500,0.00015,0
15-04-2019,11727.75,1,NZ1 Index,F,500,0.00015,0
22-04-2019,11618.9,-1,NZ1 Index,F,500,0.00015,0
24-04-2019,11738.25,1,NZ1 Index,F,500,0.00015,0
25-04-2019,11641.8,-1,NZ1 Index,F,500,0.00015,0
26-04-2019,11813.5,1,NZ1 Index,F,500,0.00015,0
06-05-2019,11656.35,-1,NZ1 Index,F,500,0.00015,0
17-05-2019,11425.8,1,NZ1 Index,F,500,0.00015,0
06-06-2019,11884.05,-1,NZ1 Index,F,500,0.00015,0
11-06-2019,11976.95,1,NZ1 Index,F,500,0.00015,0
12-06-2019,11916.7,-1,NZ1 Index,F,500,0.00015,0
20-06-2019,11849.45,1,NZ1 Index,F,500,0.00015,0
21-06-2019,11753.45,-1,NZ1 Index,F,500,0.00015,0
25-06-2019,11810.3,1,NZ1 Index,F,500,0.00015,0
05-07-2019,11820.95,-1,NZ1 Index,F,500,0.00015,0
17-07-2019,11675.8,1,NZ1 Index,F,500,0.00015,0
18-07-2019,11604.35,-1,NZ1 Index,F,500,0.00015,0
08-08-2019,11063.95,1,NZ1 Index,F,500,0.00015,0
13-08-2019,10925.15,-1,NZ1 Index,F,500,0.00015,0
14-08-2019,11028.15,1,NZ1 Index,F,500,0.00015,0
21-08-2019,10932.65,-1,NZ1 Index,F,500,0.00015,0
26-08-2019,11054.2,1,NZ1 Index,F,500,0.00015,0
29-08-2019,10948.3,-1,NZ1 Index,F,500,0.00015,0
30-08-2019,11058.9,1,NZ1 Index,F,500,0.00015,0
03-09-2019,10836.4,-1,NZ1 Index,F,500,0.00015,0
06-09-2019,10973.65,1,NZ1 Index,F,500,0.00015,0
17-09-2019,10833.5,-1,NZ1 Index,F,500,0.00015,0
20-09-2019,11295.5,1,NZ1 Index,F,500,0.00015,0
03-10-2019,11361.8,-1,NZ1 Index,F,500,0.00015,0
15-10-2019,11439.4,1,NZ1 Index,F,500,0.00015,0
13-11-2019,11863.25,-1,NZ1 Index,F,500,0.00015,0
19-11-2019,11969.15,1,NZ1 Index,F,500,0.00015,0
22-11-2019,11914.5,-1,NZ1 Index,F,500,0.00015,0
25-11-2019,12096.3,1,NZ1 Index,F,500,0.00015,0
03-12-2019,12046.45,-1,NZ1 Index,F,500,0.00015,0
04-12-2019,12089.8,1,NZ1 Index,F,500,0.00015,0
05-12-2019,12047.7,-1,NZ1 Index,F,500,0.00015,0
12-12-2019,12028.65,1,NZ1 Index,F,500,0.00015,0
26-12-2019,12126.55,-1,NZ1 Index,F,500,0.00015,0
27-12-2019,12319.25,1,NZ1 Index,F,500,0.00015,0
31-12-2019,12246.25,-1,NZ1 Index,F,500,0.00015,0
02-01-2020,12339.3,1,NZ1 Index,F,500,0.00015,0
03-01-2020,12256.45,-1,NZ1 Index,F,500,0.00015,0
09-01-2020,12269.75,1,NZ1 Index,F,500,0.00015,0
20-01-2020,12263.15,-1,NZ1 Index,F,500,0.00015,0
05-02-2020,12086.3,1,NZ1 Index,F,500,0.00015,0
17-02-2020,12074.45,-1,NZ1 Index,F,500,0.00015,0
19-02-2020,12142.7,1,NZ1 Index,F,500,0.00015,0
20-02-2020,12079,-1,NZ1 Index,F,500,0.00015,0
26-03-2020,8641.45,1,NZ1 Index,F,500,0.00015,0
30-03-2020,8290.15,-1,NZ1 Index,F,500,0.00015,0
31-03-2020,8620.95,1,NZ1 Index,F,500,0.00015,0
01-04-2020,8257.3,-1,NZ1 Index,F,500,0.00015,0
07-04-2020,8875.85,1,NZ1 Index,F,500,0.00015,0
04-05-2020,9285.9,-1,NZ1 Index,F,500,0.00015,0
13-05-2020,9393.55,1,NZ1 Index,F,500,0.00015,0
14-05-2020,9143.9,-1,NZ1 Index,F,500,0.00015,0
26-06-2000,1462,-1,NZ1 Index,F,500,0.00015,0
29-06-2000,1490.35,1,NZ1 Index,F,500,0.00015,0
14-07-2000,1511.9,-1,NZ1 Index,F,500,0.00015,0
08-08-2000,1353.5,1,NZ1 Index,F,500,0.00015,0
10-08-2000,1338,-1,NZ1 Index,F,500,0.00015,0
16-08-2000,1357.9,1,NZ1 Index,F,500,0.00015,0
29-08-2000,1366.75,-1,NZ1 Index,F,500,0.00015,0
30-08-2000,1374,1,NZ1 Index,F,500,0.00015,0
15-09-2000,1424.35,-1,NZ1 Index,F,500,0.00015,0
04-10-2000,1308.85,1,NZ1 Index,F,500,0.00015,0
09-10-2000,1275,-1,NZ1 Index,F,500,0.00015,0
25-10-2000,1182.85,1,NZ1 Index,F,500,0.00015,0
13-11-2000,1213.4,-1,NZ1 Index,F,500,0.00015,0
14-11-2000,1248.35,1,NZ1 Index,F,500,0.00015,0
16-11-2000,1236.6,-1,NZ1 Index,F,500,0.00015,0
27-11-2000,1254.85,1,NZ1 Index,F,500,0.00015,0
15-12-2000,1315.45,-1,NZ1 Index,F,500,0.00015,0
02-01-2001,1271.95,1,NZ1 Index,F,500,0.00015,0
10-01-2001,1288.6,-1,NZ1 Index,F,500,0.00015,0
17-01-2001,1304,1,NZ1 Index,F,500,0.00015,0
16-02-2001,1386.6,-1,NZ1 Index,F,500,0.00015,0
01-03-2001,1366.8,1,NZ1 Index,F,500,0.00015,0
02-03-2001,1313.5,-1,NZ1 Index,F,500,0.00015,0
27-03-2001,1172.65,1,NZ1 Index,F,500,0.00015,0
30-03-2001,1148.45,-1,NZ1 Index,F,500,0.00015,0
18-04-2001,1097.3,1,NZ1 Index,F,500,0.00015,0
27-04-2001,1103.05,-1,NZ1 Index,F,500,0.00015,0
02-05-2001,1130.5,1,NZ1 Index,F,500,0.00015,0
03-05-2001,1115.95,-1,NZ1 Index,F,500,0.00015,0
08-05-2001,1140.1,1,NZ1 Index,F,500,0.00015,0
11-05-2001,1123.5,-1,NZ1 Index,F,500,0.00015,0
17-05-2001,1150.1,1,NZ1 Index,F,500,0.00015,0
01-06-2001,1133.6,-1,NZ1 Index,F,500,0.00015,0
26-06-2001,1096.05,1,NZ1 Index,F,500,0.00015,0
03-07-2001,1073,-1,NZ1 Index,F,500,0.00015,0
12-07-2001,1102,1,NZ1 Index,F,500,0.00015,0
20-07-2001,1076.85,-1,NZ1 Index,F,500,0.00015,0
02-08-2001,1069.15,1,NZ1 Index,F,500,0.00015,0
10-08-2001,1066.65,-1,NZ1 Index,F,500,0.00015,0
14-08-2001,1075.35,1,NZ1 Index,F,500,0.00015,0
20-08-2001,1067.1,-1,NZ1 Index,F,500,0.00015,0
23-08-2001,1069.95,1,NZ1 Index,F,500,0.00015,0
29-08-2001,1069.25,-1,NZ1 Index,F,500,0.00015,0
27-09-2001,890,1,NZ1 Index,F,500,0.00015,0
29-10-2001,964.45,-1,NZ1 Index,F,500,0.00015,0
01-11-2001,981.4,1,NZ1 Index,F,500,0.00015,0
03-12-2001,1057.5,-1,NZ1 Index,F,500,0.00015,0
04-12-2001,1080.3,1,NZ1 Index,F,500,0.00015,0
13-12-2001,1094.35,-1,NZ1 Index,F,500,0.00015,0
31-12-2001,1063.6,1,NZ1 Index,F,500,0.00015,0
01-01-2002,1049.9,-1,NZ1 Index,F,500,0.00015,0
02-01-2002,1059.85,1,NZ1 Index,F,500,0.00015,0
16-01-2002,1092.5,-1,NZ1 Index,F,500,0.00015,0
17-01-2002,1114.25,1,NZ1 Index,F,500,0.00015,0
18-01-2002,1092.35,-1,NZ1 Index,F,500,0.00015,0
01-02-2002,1084.1,1,NZ1 Index,F,500,0.00015,0
04-02-2002,1078.25,-1,NZ1 Index,F,500,0.00015,0
06-02-2002,1118.75,1,NZ1 Index,F,500,0.00015,0
28-02-2002,1142.05,-1,NZ1 Index,F,500,0.00015,0
01-03-2002,1158.9,1,NZ1 Index,F,500,0.00015,0
06-03-2002,1161.85,-1,NZ1 Index,F,500,0.00015,0
07-03-2002,1180.25,1,NZ1 Index,F,500,0.00015,0
11-03-2002,1160.35,-1,NZ1 Index,F,500,0.00015,0
15-03-2002,1174.4,1,NZ1 Index,F,500,0.00015,0
19-03-2002,1158.5,-1,NZ1 Index,F,500,0.00015,0
04-04-2002,1142,1,NZ1 Index,F,500,0.00015,0
08-04-2002,1134,-1,NZ1 Index,F,500,0.00015,0
09-04-2002,1134.6,1,NZ1 Index,F,500,0.00015,0
15-04-2002,1135.85,-1,NZ1 Index,F,500,0.00015,0
06-05-2002,1104.7,1,NZ1 Index,F,500,0.00015,0
15-05-2002,1106.95,-1,NZ1 Index,F,500,0.00015,0
03-06-2002,1047.05,1,NZ1 Index,F,500,0.00015,0
19-06-2002,1063.95,-1,NZ1 Index,F,500,0.00015,0
01-07-2002,1072.45,1,NZ1 Index,F,500,0.00015,0
11-07-2002,1060.55,-1,NZ1 Index,F,500,0.00015,0
07-08-2002,972.65,1,NZ1 Index,F,500,0.00015,0
08-08-2002,955.9,-1,NZ1 Index,F,500,0.00015,0
09-08-2002,966.7,1,NZ1 Index,F,500,0.00015,0
28-08-2002,984,-1,NZ1 Index,F,500,0.00015,0
30-08-2002,1002.15,1,NZ1 Index,F,500,0.00015,0
06-09-2002,992.1,-1,NZ1 Index,F,500,0.00015,0
27-09-2002,976.7,1,NZ1 Index,F,500,0.00015,0
30-09-2002,957.75,-1,NZ1 Index,F,500,0.00015,0
08-10-2002,963.3,1,NZ1 Index,F,500,0.00015,0
09-10-2002,955.35,-1,NZ1 Index,F,500,0.00015,0
11-10-2002,969.65,1,NZ1 Index,F,500,0.00015,0
22-10-2002,962.9,-1,NZ1 Index,F,500,0.00015,0
31-10-2002,951.4,1,NZ1 Index,F,500,0.00015,0
06-01-2003,1084.75,-1,NZ1 Index,F,500,0.00015,0
09-01-2003,1100.7,1,NZ1 Index,F,500,0.00015,0
10-01-2003,1085.55,-1,NZ1 Index,F,500,0.00015,0
16-01-2003,1087.4,1,NZ1 Index,F,500,0.00015,0
17-01-2003,1086.75,-1,NZ1 Index,F,500,0.00015,0
03-02-2003,1057.35,1,NZ1 Index,F,500,0.00015,0
04-02-2003,1052.55,-1,NZ1 Index,F,500,0.00015,0
06-02-2003,1064.3,1,NZ1 Index,F,500,0.00015,0
10-02-2003,1049.85,-1,NZ1 Index,F,500,0.00015,0
11-02-2003,1050.15,1,NZ1 Index,F,500,0.00015,0
12-02-2003,1047.05,-1,NZ1 Index,F,500,0.00015,0
17-02-2003,1063.65,1,NZ1 Index,F,500,0.00015,0
25-02-2003,1058.95,-1,NZ1 Index,F,500,0.00015,0
28-02-2003,1070.5,1,NZ1 Index,F,500,0.00015,0
04-03-2003,1053.9,-1,NZ1 Index,F,500,0.00015,0
20-03-2003,1021.8,1,NZ1 Index,F,500,0.00015,0
27-03-2003,1002.7,-1,NZ1 Index,F,500,0.00015,0
03-04-2003,1006.35,1,NZ1 Index,F,500,0.00015,0
10-04-2003,973.65,-1,NZ1 Index,F,500,0.00015,0
02-05-2003,938.05,1,NZ1 Index,F,500,0.00015,0
09-05-2003,934.65,-1,NZ1 Index,F,500,0.00015,0
13-05-2003,944.2,1,NZ1 Index,F,500,0.00015,0
18-07-2003,1144.1,-1,NZ1 Index,F,500,0.00015,0
25-07-2003,1163,1,NZ1 Index,F,500,0.00015,0
06-08-2003,1165.25,-1,NZ1 Index,F,500,0.00015,0
07-08-2003,1191.9,1,NZ1 Index,F,500,0.00015,0
12-09-2003,1379.9,-1,NZ1 Index,F,500,0.00015,0
24-09-2003,1371.9,1,NZ1 Index,F,500,0.00015,0
21-10-2003,1510.7,-1,NZ1 Index,F,500,0.00015,0
30-10-2003,1516.85,1,NZ1 Index,F,500,0.00015,0
13-11-2003,1587.05,-1,NZ1 Index,F,500,0.00015,0
25-11-2003,1571.85,1,NZ1 Index,F,500,0.00015,0
15-01-2004,1951.5,-1,NZ1 Index,F,500,0.00015,0
27-01-2004,1911.9,1,NZ1 Index,F,500,0.00015,0
28-01-2004,1866.4,-1,NZ1 Index,F,500,0.00015,0
06-02-2004,1834.7,1,NZ1 Index,F,500,0.00015,0
19-02-2004,1858.95,-1,NZ1 Index,F,500,0.00015,0
01-03-2004,1848,1,NZ1 Index,F,500,0.00015,0
11-03-2004,1803.1,-1,NZ1 Index,F,500,0.00015,0
26-03-2004,1747.25,1,NZ1 Index,F,500,0.00015,0
19-04-2004,1835.65,-1,NZ1 Index,F,500,0.00015,0
21-04-2004,1871.45,1,NZ1 Index,F,500,0.00015,0
27-04-2004,1818,-1,NZ1 Index,F,500,0.00015,0
06-05-2004,1821.85,1,NZ1 Index,F,500,0.00015,0
07-05-2004,1786.75,-1,NZ1 Index,F,500,0.00015,0
24-05-2004,1598.8,1,NZ1 Index,F,500,0.00015,0
28-05-2004,1482.4,-1,NZ1 Index,F,500,0.00015,0
08-06-2004,1531.3,1,NZ1 Index,F,500,0.00015,0
11-06-2004,1490.7,-1,NZ1 Index,F,500,0.00015,0
17-06-2004,1509.3,1,NZ1 Index,F,500,0.00015,0
18-06-2004,1484.7,-1,NZ1 Index,F,500,0.00015,0
28-06-2004,1496,1,NZ1 Index,F,500,0.00015,0
08-07-2004,1499.4,-1,NZ1 Index,F,500,0.00015,0
09-07-2004,1537.65,1,NZ1 Index,F,500,0.00015,0
13-07-2004,1524.75,-1,NZ1 Index,F,500,0.00015,0
15-07-2004,1528.7,1,NZ1 Index,F,500,0.00015,0
11-08-2004,1617,-1,NZ1 Index,F,500,0.00015,0
25-08-2004,1599.1,1,NZ1 Index,F,500,0.00015,0
28-09-2004,1702.65,-1,NZ1 Index,F,500,0.00015,0
29-09-2004,1730.65,1,NZ1 Index,F,500,0.00015,0
12-10-2004,1785.8,-1,NZ1 Index,F,500,0.00015,0
19-10-2004,1809.65,1,NZ1 Index,F,500,0.00015,0
20-10-2004,1790,-1,NZ1 Index,F,500,0.00015,0
28-10-2004,1800.1,1,NZ1 Index,F,500,0.00015,0
29-10-2004,1785.25,-1,NZ1 Index,F,500,0.00015,0
01-11-2004,1794.85,1,NZ1 Index,F,500,0.00015,0
19-11-2004,1871.3,-1,NZ1 Index,F,500,0.00015,0
22-11-2004,1875.65,1,NZ1 Index,F,500,0.00015,0
10-12-2004,1967.2,-1,NZ1 Index,F,500,0.00015,0
13-12-2004,1982.75,1,NZ1 Index,F,500,0.00015,0
05-01-2005,2033.75,-1,NZ1 Index,F,500,0.00015,0
25-01-2005,1935.85,1,NZ1 Index,F,500,0.00015,0
16-02-2005,2072.85,-1,NZ1 Index,F,500,0.00015,0
28-02-2005,2111.65,1,NZ1 Index,F,500,0.00015,0
15-03-2005,2120.85,-1,NZ1 Index,F,500,0.00015,0
01-04-2005,2060.9,1,NZ1 Index,F,500,0.00015,0
08-04-2005,2021.3,-1,NZ1 Index,F,500,0.00015,0
25-04-2005,1956.6,1,NZ1 Index,F,500,0.00015,0
26-04-2005,1949.95,-1,NZ1 Index,F,500,0.00015,0
28-04-2005,1941.3,1,NZ1 Index,F,500,0.00015,0
29-04-2005,1881.85,-1,NZ1 Index,F,500,0.00015,0
04-05-2005,1931.5,1,NZ1 Index,F,500,0.00015,0
18-05-2005,1967.2,-1,NZ1 Index,F,500,0.00015,0
19-05-2005,1978.25,1,NZ1 Index,F,500,0.00015,0
02-06-2005,2038.1,-1,NZ1 Index,F,500,0.00015,0
03-06-2005,2075.85,1,NZ1 Index,F,500,0.00015,0
07-07-2005,2164.8,-1,NZ1 Index,F,500,0.00015,0
11-07-2005,2209.15,1,NZ1 Index,F,500,0.00015,0
13-07-2005,2191.9,-1,NZ1 Index,F,500,0.00015,0
15-07-2005,2202.95,1,NZ1 Index,F,500,0.00015,0
08-08-2005,2315.5,-1,NZ1 Index,F,500,0.00015,0
10-08-2005,2359.95,1,NZ1 Index,F,500,0.00015,0
23-08-2005,2326.95,-1,NZ1 Index,F,500,0.00015,0
31-08-2005,2364.75,1,NZ1 Index,F,500,0.00015,0
22-09-2005,2474.85,-1,NZ1 Index,F,500,0.00015,0
26-09-2005,2559.9,1,NZ1 Index,F,500,0.00015,0
06-10-2005,2567.45,-1,NZ1 Index,F,500,0.00015,0
02-11-2005,2409.55,1,NZ1 Index,F,500,0.00015,0
05-12-2005,2659.95,-1,NZ1 Index,F,500,0.00015,0
07-12-2005,2688.3,1,NZ1 Index,F,500,0.00015,0
23-12-2005,2791.2,-1,NZ1 Index,F,500,0.00015,0
27-12-2005,2808.85,1,NZ1 Index,F,500,0.00015,0
28-12-2005,2796.95,-1,NZ1 Index,F,500,0.00015,0
29-12-2005,2821.95,1,NZ1 Index,F,500,0.00015,0
12-01-2006,2831.4,-1,NZ1 Index,F,500,0.00015,0
19-01-2006,2869.25,1,NZ1 Index,F,500,0.00015,0
03-02-2006,2921.8,-1,NZ1 Index,F,500,0.00015,0
06-02-2006,2991.55,1,NZ1 Index,F,500,0.00015,0
17-02-2006,2978.4,-1,NZ1 Index,F,500,0.00015,0
20-02-2006,3010.1,1,NZ1 Index,F,500,0.00015,0
08-03-2006,3082.65,-1,NZ1 Index,F,500,0.00015,0
09-03-2006,3113.85,1,NZ1 Index,F,500,0.00015,0
12-04-2006,3387,-1,NZ1 Index,F,500,0.00015,0
18-04-2006,3524.05,1,NZ1 Index,F,500,0.00015,0
25-04-2006,3465.5,-1,NZ1 Index,F,500,0.00015,0
26-04-2006,3579.45,1,NZ1 Index,F,500,0.00015,0
27-04-2006,3508.2,-1,NZ1 Index,F,500,0.00015,0
29-04-2006,3546.5,1,NZ1 Index,F,500,0.00015,0
12-05-2006,3633,-1,NZ1 Index,F,500,0.00015,0
17-05-2006,3641.25,1,NZ1 Index,F,500,0.00015,0
18-05-2006,3363.85,-1,NZ1 Index,F,500,0.00015,0
16-06-2006,2880.75,1,NZ1 Index,F,500,0.00015,0
07-07-2006,3039.45,-1,NZ1 Index,F,500,0.00015,0
10-07-2006,3124.35,1,NZ1 Index,F,500,0.00015,0
14-07-2006,3091.4,-1,NZ1 Index,F,500,0.00015,0
25-07-2006,3039.45,1,NZ1 Index,F,500,0.00015,0
07-08-2006,3127,-1,NZ1 Index,F,500,0.00015,0
08-08-2006,3205.15,1,NZ1 Index,F,500,0.00015,0
11-09-2006,3352.85,-1,NZ1 Index,F,500,0.00015,0
13-09-2006,3454.75,1,NZ1 Index,F,500,0.00015,0
19-09-2006,3447.95,-1,NZ1 Index,F,500,0.00015,0
20-09-2006,3504.6,1,NZ1 Index,F,500,0.00015,0
04-10-2006,3519.2,-1,NZ1 Index,F,500,0.00015,0
05-10-2006,3571.45,1,NZ1 Index,F,500,0.00015,0
11-10-2006,3545.8,-1,NZ1 Index,F,500,0.00015,0
12-10-2006,3629.15,1,NZ1 Index,F,500,0.00015,0
23-10-2006,3664.75,-1,NZ1 Index,F,500,0.00015,0
27-10-2006,3748.7,1,NZ1 Index,F,500,0.00015,0
08-12-2006,3964.7,-1,NZ1 Index,F,500,0.00015,0
18-12-2006,3928.65,1,NZ1 Index,F,500,0.00015,0
19-12-2006,3815.15,-1,NZ1 Index,F,500,0.00015,0
22-12-2006,3856.6,1,NZ1 Index,F,500,0.00015,0
08-01-2007,3923.9,-1,NZ1 Index,F,500,0.00015,0
12-01-2007,4058.7,1,NZ1 Index,F,500,0.00015,0
31-01-2007,4063.35,-1,NZ1 Index,F,500,0.00015,0
01-02-2007,4138.35,1,NZ1 Index,F,500,0.00015,0
12-02-2007,4053.6,-1,NZ1 Index,F,500,0.00015,0
15-02-2007,4160,1,NZ1 Index,F,500,0.00015,0
20-02-2007,4118.6,-1,NZ1 Index,F,500,0.00015,0
08-03-2007,3754.15,1,NZ1 Index,F,500,0.00015,0
09-03-2007,3698.65,-1,NZ1 Index,F,500,0.00015,0
12-03-2007,3727.2,1,NZ1 Index,F,500,0.00015,0
14-03-2007,3599.55,-1,NZ1 Index,F,500,0.00015,0
19-03-2007,3667.4,1,NZ1 Index,F,500,0.00015,0
02-04-2007,3601.85,-1,NZ1 Index,F,500,0.00015,0
09-04-2007,3825.55,1,NZ1 Index,F,500,0.00015,0
07-05-2007,4105.8,-1,NZ1 Index,F,500,0.00015,0
14-05-2007,4140.75,1,NZ1 Index,F,500,0.00015,0
30-05-2007,4242.8,-1,NZ1 Index,F,500,0.00015,0
31-05-2007,4295.8,1,NZ1 Index,F,500,0.00015,0
04-06-2007,4246.75,-1,NZ1 Index,F,500,0.00015,0
05-06-2007,4286.15,1,NZ1 Index,F,500,0.00015,0
06-06-2007,4178.35,-1,NZ1 Index,F,500,0.00015,0
19-06-2007,4214.85,1,NZ1 Index,F,500,0.00015,0
27-07-2007,4402.2,-1,NZ1 Index,F,500,0.00015,0
08-08-2007,4438.15,1,NZ1 Index,F,500,0.00015,0
09-08-2007,4365.4,-1,NZ1 Index,F,500,0.00015,0
14-08-2007,4346.7,1,NZ1 Index,F,500,0.00015,0
16-08-2007,4139.1,-1,NZ1 Index,F,500,0.00015,0
27-08-2007,4297.95,1,NZ1 Index,F,500,0.00015,0
18-10-2007,5318.95,-1,NZ1 Index,F,500,0.00015,0
23-10-2007,5489.1,1,NZ1 Index,F,500,0.00015,0
07-11-2007,5782.4,-1,NZ1 Index,F,500,0.00015,0
14-11-2007,5959.4,1,NZ1 Index,F,500,0.00015,0
20-11-2007,5784.45,-1,NZ1 Index,F,500,0.00015,0
30-11-2007,5803.5,1,NZ1 Index,F,500,0.00015,0
17-12-2007,5779.8,-1,NZ1 Index,F,500,0.00015,0
24-12-2007,6007.15,1,NZ1 Index,F,500,0.00015,0
10-01-2008,6160.6,-1,NZ1 Index,F,500,0.00015,0
14-01-2008,6224.75,1,NZ1 Index,F,500,0.00015,0
15-01-2008,6071.4,-1,NZ1 Index,F,500,0.00015,0
01-02-2008,5320.8,1,NZ1 Index,F,500,0.00015,0
07-02-2008,5100,-1,NZ1 Index,F,500,0.00015,0
14-02-2008,5186.85,1,NZ1 Index,F,500,0.00015,0
29-02-2008,5181.1,-1,NZ1 Index,F,500,0.00015,0
25-03-2008,4884.9,1,NZ1 Index,F,500,0.00015,0
04-04-2008,4652.7,-1,NZ1 Index,F,500,0.00015,0
11-04-2008,4771.85,1,NZ1 Index,F,500,0.00015,0
08-05-2008,5093.1,-1,NZ1 Index,F,500,0.00015,0
15-05-2008,5112.8,1,NZ1 Index,F,500,0.00015,0
22-05-2008,5017.9,-1,NZ1 Index,F,500,0.00015,0
16-06-2008,4571.3,1,NZ1 Index,F,500,0.00015,0
19-06-2008,4487.5,-1,NZ1 Index,F,500,0.00015,0
09-07-2008,4137.9,1,NZ1 Index,F,500,0.00015,0
15-07-2008,3828.9,-1,NZ1 Index,F,500,0.00015,0
18-07-2008,4077.65,1,NZ1 Index,F,500,0.00015,0
29-07-2008,4198.9,-1,NZ1 Index,F,500,0.00015,0
30-07-2008,4326.4,1,NZ1 Index,F,500,0.00015,0
14-08-2008,4437.05,-1,NZ1 Index,F,500,0.00015,0
29-08-2008,4370.55,1,NZ1 Index,F,500,0.00015,0
11-09-2008,4304.45,-1,NZ1 Index,F,500,0.00015,0
19-09-2008,4272.95,1,NZ1 Index,F,500,0.00015,0
23-09-2008,4143.35,-1,NZ1 Index,F,500,0.00015,0
24-09-2008,4179.95,1,NZ1 Index,F,500,0.00015,0
25-09-2008,4110.55,-1,NZ1 Index,F,500,0.00015,0
31-10-2008,2881.9,1,NZ1 Index,F,500,0.00015,0
11-11-2008,2928.4,-1,NZ1 Index,F,500,0.00015,0
26-11-2008,2757.85,1,NZ1 Index,F,500,0.00015,0
01-12-2008,2678.2,-1,NZ1 Index,F,500,0.00015,0
04-12-2008,2796.05,1,NZ1 Index,F,500,0.00015,0
23-12-2008,2972.85,-1,NZ1 Index,F,500,0.00015,0
01-01-2009,3043.7,1,NZ1 Index,F,500,0.00015,0
07-01-2009,2914.1,-1,NZ1 Index,F,500,0.00015,0
27-01-2009,2767.2,1,NZ1 Index,F,500,0.00015,0
02-02-2009,2735.35,-1,NZ1 Index,F,500,0.00015,0
03-02-2009,2764.65,1,NZ1 Index,F,500,0.00015,0
05-02-2009,2765.95,-1,NZ1 Index,F,500,0.00015,0
06-02-2009,2830.7,1,NZ1 Index,F,500,0.00015,0
16-02-2009,2831.5,-1,NZ1 Index,F,500,0.00015,0
13-03-2009,2716.2,1,NZ1 Index,F,500,0.00015,0
22-04-2009,3323.4,-1,NZ1 Index,F,500,0.00015,0
23-04-2009,3426.05,1,NZ1 Index,F,500,0.00015,0
28-04-2009,3354.95,-1,NZ1 Index,F,500,0.00015,0
29-04-2009,3473.95,1,NZ1 Index,F,500,0.00015,0
11-05-2009,3552.05,-1,NZ1 Index,F,500,0.00015,0
12-05-2009,3689.95,1,NZ1 Index,F,500,0.00015,0
14-05-2009,3603.65,-1,NZ1 Index,F,500,0.00015,0
15-05-2009,3684.35,1,NZ1 Index,F,500,0.00015,0
08-06-2009,4433.95,-1,NZ1 Index,F,500,0.00015,0
09-06-2009,4551.15,1,NZ1 Index,F,500,0.00015,0
15-06-2009,4499.8,-1,NZ1 Index,F,500,0.00015,0
26-06-2009,4384.5,1,NZ1 Index,F,500,0.00015,0
30-06-2009,4289.75,-1,NZ1 Index,F,500,0.00015,0
01-07-2009,4338.35,1,NZ1 Index,F,500,0.00015,0
06-07-2009,4154,-1,NZ1 Index,F,500,0.00015,0
15-07-2009,4236.9,1,NZ1 Index,F,500,0.00015,0
06-08-2009,4578.25,-1,NZ1 Index,F,500,0.00015,0
13-08-2009,4611.1,1,NZ1 Index,F,500,0.00015,0
17-08-2009,4372.6,-1,NZ1 Index,F,500,0.00015,0
21-08-2009,4536.2,1,NZ1 Index,F,500,0.00015,0
02-09-2009,4614.45,-1,NZ1 Index,F,500,0.00015,0
04-09-2009,4695.65,1,NZ1 Index,F,500,0.00015,0
07-10-2009,4975.9,-1,NZ1 Index,F,500,0.00015,0
12-10-2009,5059.5,1,NZ1 Index,F,500,0.00015,0
22-10-2009,4997.4,-1,NZ1 Index,F,500,0.00015,0
09-11-2009,4903.15,1,NZ1 Index,F,500,0.00015,0
26-11-2009,5005.55,-1,NZ1 Index,F,500,0.00015,0
01-12-2009,5132.05,1,NZ1 Index,F,500,0.00015,0
07-12-2009,5069.65,-1,NZ1 Index,F,500,0.00015,0
08-12-2009,5157.95,1,NZ1 Index,F,500,0.00015,0
11-12-2009,5111.6,-1,NZ1 Index,F,500,0.00015,0
23-12-2009,5156.85,1,NZ1 Index,F,500,0.00015,0
12-01-2010,5208.9,-1,NZ1 Index,F,500,0.00015,0
13-01-2010,5243,1,NZ1 Index,F,500,0.00015,0
15-01-2010,5254.4,-1,NZ1 Index,F,500,0.00015,0
18-01-2010,5271.15,1,NZ1 Index,F,500,0.00015,0
19-01-2010,5220.7,-1,NZ1 Index,F,500,0.00015,0
11-02-2010,4828.85,1,NZ1 Index,F,500,0.00015,0
15-02-2010,4795.7,-1,NZ1 Index,F,500,0.00015,0
16-02-2010,4865.2,1,NZ1 Index,F,500,0.00015,0
31-03-2010,5261.6,-1,NZ1 Index,F,500,0.00015,0
01-04-2010,5306.8,1,NZ1 Index,F,500,0.00015,0
08-04-2010,5301.6,-1,NZ1 Index,F,500,0.00015,0
09-04-2010,5364.9,1,NZ1 Index,F,500,0.00015,0
15-04-2010,5277.3,-1,NZ1 Index,F,500,0.00015,0
23-04-2010,5305,1,NZ1 Index,F,500,0.00015,0
28-04-2010,5216.7,-1,NZ1 Index,F,500,0.00015,0
30-04-2010,5262.8,1,NZ1 Index,F,500,0.00015,0
03-05-2010,5218.45,-1,NZ1 Index,F,500,0.00015,0
10-05-2010,5200.25,1,NZ1 Index,F,500,0.00015,0
11-05-2010,5132.95,-1,NZ1 Index,F,500,0.00015,0
13-05-2010,5178.15,1,NZ1 Index,F,500,0.00015,0
14-05-2010,5083.65,-1,NZ1 Index,F,500,0.00015,0
27-05-2010,5003.1,1,NZ1 Index,F,500,0.00015,0
01-06-2010,4944.05,-1,NZ1 Index,F,500,0.00015,0
02-06-2010,5004.35,1,NZ1 Index,F,500,0.00015,0
08-06-2010,4960.7,-1,NZ1 Index,F,500,0.00015,0
10-06-2010,5086.1,1,NZ1 Index,F,500,0.00015,0
29-06-2010,5266.45,-1,NZ1 Index,F,500,0.00015,0
30-06-2010,5316.25,1,NZ1 Index,F,500,0.00015,0
01-07-2010,5258.3,-1,NZ1 Index,F,500,0.00015,0
06-07-2010,5306.9,1,NZ1 Index,F,500,0.00015,0
07-07-2010,5247.7,-1,NZ1 Index,F,500,0.00015,0
08-07-2010,5309.45,1,NZ1 Index,F,500,0.00015,0
28-07-2010,5394.4,-1,NZ1 Index,F,500,0.00015,0
02-08-2010,5434.35,1,NZ1 Index,F,500,0.00015,0
11-08-2010,5411.9,-1,NZ1 Index,F,500,0.00015,0
13-08-2010,5456.45,1,NZ1 Index,F,500,0.00015,0
16-08-2010,5417.45,-1,NZ1 Index,F,500,0.00015,0
18-08-2010,5483.05,1,NZ1 Index,F,500,0.00015,0
25-08-2010,5469.85,-1,NZ1 Index,F,500,0.00015,0
01-09-2010,5477.95,1,NZ1 Index,F,500,0.00015,0
12-10-2010,6118.65,-1,NZ1 Index,F,500,0.00015,0
13-10-2010,6273.85,1,NZ1 Index,F,500,0.00015,0
15-10-2010,6092,-1,NZ1 Index,F,500,0.00015,0
21-10-2010,6135.15,1,NZ1 Index,F,500,0.00015,0
22-10-2010,6089.75,-1,NZ1 Index,F,500,0.00015,0
25-10-2010,6136.2,1,NZ1 Index,F,500,0.00015,0
26-10-2010,6108.25,-1,NZ1 Index,F,500,0.00015,0
01-11-2010,6152.05,1,NZ1 Index,F,500,0.00015,0
11-11-2010,6232.55,-1,NZ1 Index,F,500,0.00015,0
01-12-2010,5979.1,1,NZ1 Index,F,500,0.00015,0
08-12-2010,5923.95,-1,NZ1 Index,F,500,0.00015,0
14-12-2010,5960.3,1,NZ1 Index,F,500,0.00015,0
15-12-2010,5895.1,-1,NZ1 Index,F,500,0.00015,0
16-12-2010,5966.8,1,NZ1 Index,F,500,0.00015,0
06-01-2011,6072.25,-1,NZ1 Index,F,500,0.00015,0
24-01-2011,5740.45,1,NZ1 Index,F,500,0.00015,0
25-01-2011,5684.25,-1,NZ1 Index,F,500,0.00015,0
14-02-2011,5455.65,1,NZ1 Index,F,500,0.00015,0
23-02-2011,5435.75,-1,NZ1 Index,F,500,0.00015,0
01-03-2011,5543.85,1,NZ1 Index,F,500,0.00015,0
11-03-2011,5459.6,-1,NZ1 Index,F,500,0.00015,0
14-03-2011,5555.3,1,NZ1 Index,F,500,0.00015,0
15-03-2011,5447.6,-1,NZ1 Index,F,500,0.00015,0
16-03-2011,5523.85,1,NZ1 Index,F,500,0.00015,0
17-03-2011,5466.65,-1,NZ1 Index,F,500,0.00015,0
23-03-2011,5500.25,1,NZ1 Index,F,500,0.00015,0
11-04-2011,5803.65,-1,NZ1 Index,F,500,0.00015,0
13-04-2011,5938.1,1,NZ1 Index,F,500,0.00015,0
15-04-2011,5834.15,-1,NZ1 Index,F,500,0.00015,0
20-04-2011,5870.6,1,NZ1 Index,F,500,0.00015,0
27-04-2011,5836.55,-1,NZ1 Index,F,500,0.00015,0
13-05-2011,5558.9,1,NZ1 Index,F,500,0.00015,0
16-05-2011,5488.7,-1,NZ1 Index,F,500,0.00015,0
27-05-2011,5466.35,1,NZ1 Index,F,500,0.00015,0
09-06-2011,5519.15,-1,NZ1 Index,F,500,0.00015,0
24-06-2011,5484.05,1,NZ1 Index,F,500,0.00015,0
11-07-2011,5617.05,-1,NZ1 Index,F,500,0.00015,0
19-07-2011,5624.3,1,NZ1 Index,F,500,0.00015,0
20-07-2011,5569.55,-1,NZ1 Index,F,500,0.00015,0
22-07-2011,5645.55,1,NZ1 Index,F,500,0.00015,0
26-07-2011,5574.35,-1,NZ1 Index,F,500,0.00015,0
29-08-2011,4933.15,1,NZ1 Index,F,500,0.00015,0
12-09-2011,4942.45,-1,NZ1 Index,F,500,0.00015,0
15-09-2011,5081.2,1,NZ1 Index,F,500,0.00015,0
19-09-2011,5037.15,-1,NZ1 Index,F,500,0.00015,0
20-09-2011,5156.7,1,NZ1 Index,F,500,0.00015,0
22-09-2011,4913.9,-1,NZ1 Index,F,500,0.00015,0
29-09-2011,5015.45,1,NZ1 Index,F,500,0.00015,0
30-09-2011,4934.3,-1,NZ1 Index,F,500,0.00015,0
07-10-2011,4898.6,1,NZ1 Index,F,500,0.00015,0
21-10-2011,5054,-1,NZ1 Index,F,500,0.00015,0
24-10-2011,5105.8,1,NZ1 Index,F,500,0.00015,0
09-11-2011,5237.1,-1,NZ1 Index,F,500,0.00015,0
28-11-2011,4870.3,1,NZ1 Index,F,500,0.00015,0
29-11-2011,4816.75,-1,NZ1 Index,F,500,0.00015,0
30-11-2011,4832.35,1,NZ1 Index,F,500,0.00015,0
09-12-2011,4885.9,-1,NZ1 Index,F,500,0.00015,0
22-12-2011,4748.9,1,NZ1 Index,F,500,0.00015,0
29-12-2011,4646.25,-1,NZ1 Index,F,500,0.00015,0
03-01-2012,4783.2,1,NZ1 Index,F,500,0.00015,0
23-02-2012,5483.3,-1,NZ1 Index,F,500,0.00015,0
09-03-2012,5364.15,1,NZ1 Index,F,500,0.00015,0
16-03-2012,5342.7,-1,NZ1 Index,F,500,0.00015,0
21-03-2012,5394.5,1,NZ1 Index,F,500,0.00015,0
22-03-2012,5240.05,-1,NZ1 Index,F,500,0.00015,0
30-03-2012,5333.25,1,NZ1 Index,F,500,0.00015,0
09-04-2012,5253,-1,NZ1 Index,F,500,0.00015,0
12-04-2012,5290.65,1,NZ1 Index,F,500,0.00015,0
13-04-2012,5221.1,-1,NZ1 Index,F,500,0.00015,0
17-04-2012,5319.6,1,NZ1 Index,F,500,0.00015,0
23-04-2012,5198.6,-1,NZ1 Index,F,500,0.00015,0
30-04-2012,5267.85,1,NZ1 Index,F,500,0.00015,0
03-05-2012,5199.8,-1,NZ1 Index,F,500,0.00015,0
24-05-2012,4913.1,1,NZ1 Index,F,500,0.00015,0
01-06-2012,4824.55,-1,NZ1 Index,F,500,0.00015,0
06-06-2012,4978.6,1,NZ1 Index,F,500,0.00015,0
25-06-2012,5109.3,-1,NZ1 Index,F,500,0.00015,0
26-06-2012,5125.7,1,NZ1 Index,F,500,0.00015,0
12-07-2012,5251.4,-1,NZ1 Index,F,500,0.00015,0
30-07-2012,5216.7,1,NZ1 Index,F,500,0.00015,0
27-08-2012,5362.4,-1,NZ1 Index,F,500,0.00015,0
07-09-2012,5359.1,1,NZ1 Index,F,500,0.00015,0
08-10-2012,5701,-1,NZ1 Index,F,500,0.00015,0
11-10-2012,5739.35,1,NZ1 Index,F,500,0.00015,0
12-10-2012,5686.55,-1,NZ1 Index,F,500,0.00015,0
18-10-2012,5736.45,1,NZ1 Index,F,500,0.00015,0
19-10-2012,5688.3,-1,NZ1 Index,F,500,0.00015,0
22-10-2012,5724.75,1,NZ1 Index,F,500,0.00015,0
23-10-2012,5695.5,-1,NZ1 Index,F,500,0.00015,0
25-10-2012,5705.3,1,NZ1 Index,F,500,0.00015,0
30-10-2012,5628,-1,NZ1 Index,F,500,0.00015,0
02-11-2012,5739.55,1,NZ1 Index,F,500,0.00015,0
12-11-2012,5711.1,-1,NZ1 Index,F,500,0.00015,0
26-11-2012,5642.75,1,NZ1 Index,F,500,0.00015,0
13-12-2012,5876.45,-1,NZ1 Index,F,500,0.00015,0
18-12-2012,5928.9,1,NZ1 Index,F,500,0.00015,0
21-12-2012,5853.4,-1,NZ1 Index,F,500,0.00015,0
26-12-2012,5913.75,1,NZ1 Index,F,500,0.00015,0
27-12-2012,5870.1,-1,NZ1 Index,F,500,0.00015,0
28-12-2012,5954.55,1,NZ1 Index,F,500,0.00015,0
10-01-2013,6003.6,-1,NZ1 Index,F,500,0.00015,0
14-01-2013,6057.5,1,NZ1 Index,F,500,0.00015,0
16-01-2013,6019.25,-1,NZ1 Index,F,500,0.00015,0
17-01-2013,6054.45,1,NZ1 Index,F,500,0.00015,0
24-01-2013,6019.75,-1,NZ1 Index,F,500,0.00015,0
25-01-2013,6073.7,1,NZ1 Index,F,500,0.00015,0
29-01-2013,6049.4,-1,NZ1 Index,F,500,0.00015,0
19-02-2013,5953.4,1,NZ1 Index,F,500,0.00015,0
21-02-2013,5853.45,-1,NZ1 Index,F,500,0.00015,0
06-03-2013,5841.35,1,NZ1 Index,F,500,0.00015,0
18-03-2013,5851.4,-1,NZ1 Index,F,500,0.00015,0
01-04-2013,5726.55,1,NZ1 Index,F,500,0.00015,0
03-04-2013,5688.1,-1,NZ1 Index,F,500,0.00015,0
16-04-2013,5696.35,1,NZ1 Index,F,500,0.00015,0
13-05-2013,5994.45,-1,NZ1 Index,F,500,0.00015,0
15-05-2013,6161.5,1,NZ1 Index,F,500,0.00015,0
22-05-2013,6104.05,-1,NZ1 Index,F,500,0.00015,0
28-05-2013,6109.4,1,NZ1 Index,F,500,0.00015,0
29-05-2013,6090.25,-1,NZ1 Index,F,500,0.00015,0
30-05-2013,6124.05,1,NZ1 Index,F,500,0.00015,0
31-05-2013,6000.05,-1,NZ1 Index,F,500,0.00015,0
28-06-2013,5841.45,1,NZ1 Index,F,500,0.00015,0
10-07-2013,5822.05,-1,NZ1 Index,F,500,0.00015,0
11-07-2013,5941.35,1,NZ1 Index,F,500,0.00015,0
24-07-2013,6002.7,-1,NZ1 Index,F,500,0.00015,0
13-08-2013,5711.35,1,NZ1 Index,F,500,0.00015,0
16-08-2013,5505,-1,NZ1 Index,F,500,0.00015,0
29-08-2013,5409.05,1,NZ1 Index,F,500,0.00015,0
03-09-2013,5344.55,-1,NZ1 Index,F,500,0.00015,0
04-09-2013,5458.05,1,NZ1 Index,F,500,0.00015,0
23-09-2013,5914.4,-1,NZ1 Index,F,500,0.00015,0
03-10-2013,5966.8,1,NZ1 Index,F,500,0.00015,0
25-10-2013,6151.55,-1,NZ1 Index,F,500,0.00015,0
29-10-2013,6228.95,1,NZ1 Index,F,500,0.00015,0
07-11-2013,6227.3,-1,NZ1 Index,F,500,0.00015,0
18-11-2013,6217.05,1,NZ1 Index,F,500,0.00015,0
20-11-2013,6149.05,-1,NZ1 Index,F,500,0.00015,0
25-11-2013,6133.9,1,NZ1 Index,F,500,0.00015,0
26-11-2013,6071.95,-1,NZ1 Index,F,500,0.00015,0
29-11-2013,6225.5,1,NZ1 Index,F,500,0.00015,0
12-12-2013,6264.95,-1,NZ1 Index,F,500,0.00015,0
20-12-2013,6292.35,1,NZ1 Index,F,500,0.00015,0
02-01-2014,6257.75,-1,NZ1 Index,F,500,0.00015,0
13-01-2014,6285.3,1,NZ1 Index,F,500,0.00015,0
24-01-2014,6276.15,-1,NZ1 Index,F,500,0.00015,0
11-02-2014,6072.75,1,NZ1 Index,F,500,0.00015,0
13-02-2014,6005.45,-1,NZ1 Index,F,500,0.00015,0
14-02-2014,6058,1,NZ1 Index,F,500,0.00015,0
20-03-2014,6502.55,-1,NZ1 Index,F,500,0.00015,0
24-03-2014,6598.85,1,NZ1 Index,F,500,0.00015,0
15-04-2014,6753.95,-1,NZ1 Index,F,500,0.00015,0
17-04-2014,6799.95,1,NZ1 Index,F,500,0.00015,0
29-04-2014,6760.3,-1,NZ1 Index,F,500,0.00015,0
09-05-2014,6887.4,1,NZ1 Index,F,500,0.00015,0
30-05-2014,7233.65,-1,NZ1 Index,F,500,0.00015,0
02-06-2014,7370.95,1,NZ1 Index,F,500,0.00015,0
16-06-2014,7559.2,-1,NZ1 Index,F,500,0.00015,0
17-06-2014,7657.4,1,NZ1 Index,F,500,0.00015,0
18-06-2014,7569.4,-1,NZ1 Index,F,500,0.00015,0
24-06-2014,7595.55,1,NZ1 Index,F,500,0.00015,0
25-06-2014,7574.9,-1,NZ1 Index,F,500,0.00015,0
30-06-2014,7634.35,1,NZ1 Index,F,500,0.00015,0
08-07-2014,7648.75,-1,NZ1 Index,F,500,0.00015,0
16-07-2014,7643.05,1,NZ1 Index,F,500,0.00015,0
01-08-2014,7622.6,-1,NZ1 Index,F,500,0.00015,0
05-08-2014,7772.85,1,NZ1 Index,F,500,0.00015,0
06-08-2014,7691.45,-1,NZ1 Index,F,500,0.00015,0
12-08-2014,7748.25,1,NZ1 Index,F,500,0.00015,0
15-09-2014,8062.55,-1,NZ1 Index,F,500,0.00015,0
18-09-2014,8136.7,1,NZ1 Index,F,500,0.00015,0
23-09-2014,8032.2,-1,NZ1 Index,F,500,0.00015,0
09-10-2014,7990.35,1,NZ1 Index,F,500,0.00015,0
10-10-2014,7886.8,-1,NZ1 Index,F,500,0.00015,0
20-10-2014,7897.25,1,NZ1 Index,F,500,0.00015,0
08-12-2014,8489.75,-1,NZ1 Index,F,500,0.00015,0
22-12-2014,8334.2,1,NZ1 Index,F,500,0.00015,0
24-12-2014,8174.1,-1,NZ1 Index,F,500,0.00015,0
26-12-2014,8273.75,1,NZ1 Index,F,500,0.00015,0
06-01-2015,8157.9,-1,NZ1 Index,F,500,0.00015,0
09-01-2015,8315.5,1,NZ1 Index,F,500,0.00015,0
14-01-2015,8307.35,-1,NZ1 Index,F,500,0.00015,0
15-01-2015,8515.05,1,NZ1 Index,F,500,0.00015,0
03-02-2015,8809.9,-1,NZ1 Index,F,500,0.00015,0
12-02-2015,8752.2,1,NZ1 Index,F,500,0.00015,0
23-02-2015,8753.45,-1,NZ1 Index,F,500,0.00015,0
27-02-2015,8889.95,1,NZ1 Index,F,500,0.00015,0
09-03-2015,8784.85,-1,NZ1 Index,F,500,0.00015,0
01-04-2015,8633.1,1,NZ1 Index,F,500,0.00015,0
16-04-2015,8726.15,-1,NZ1 Index,F,500,0.00015,0
04-05-2015,8372.25,1,NZ1 Index,F,500,0.00015,0
06-05-2015,8121.75,-1,NZ1 Index,F,500,0.00015,0
11-05-2015,8342.15,1,NZ1 Index,F,500,0.00015,0
12-05-2015,8131.25,-1,NZ1 Index,F,500,0.00015,0
13-05-2015,8250.75,1,NZ1 Index,F,500,0.00015,0
26-05-2015,8337.9,-1,NZ1 Index,F,500,0.00015,0
29-05-2015,8458.65,1,NZ1 Index,F,500,0.00015,0
02-06-2015,8225.35,-1,NZ1 Index,F,500,0.00015,0
17-06-2015,8079.05,1,NZ1 Index,F,500,0.00015,0
08-07-2015,8378,-1,NZ1 Index,F,500,0.00015,0
13-07-2015,8481.95,1,NZ1 Index,F,500,0.00015,0
24-07-2015,8534.35,-1,NZ1 Index,F,500,0.00015,0
31-07-2015,8569.65,1,NZ1 Index,F,500,0.00015,0
11-08-2015,8490.8,-1,NZ1 Index,F,500,0.00015,0
14-08-2015,8542.7,1,NZ1 Index,F,500,0.00015,0
17-08-2015,8488.05,-1,NZ1 Index,F,500,0.00015,0
19-08-2015,8505.4,1,NZ1 Index,F,500,0.00015,0
20-08-2015,8380.05,-1,NZ1 Index,F,500,0.00015,0
09-09-2015,7826.7,1,NZ1 Index,F,500,0.00015,0
22-09-2015,7797.1,-1,NZ1 Index,F,500,0.00015,0
24-09-2015,7868.5,1,NZ1 Index,F,500,0.00015,0
28-09-2015,7825.5,-1,NZ1 Index,F,500,0.00015,0
30-09-2015,7980.35,1,NZ1 Index,F,500,0.00015,0
14-10-2015,8121.4,-1,NZ1 Index,F,500,0.00015,0
15-10-2015,8187,1,NZ1 Index,F,500,0.00015,0
28-10-2015,8173.6,-1,NZ1 Index,F,500,0.00015,0
19-11-2015,7858.35,1,NZ1 Index,F,500,0.00015,0
03-12-2015,7890.8,-1,NZ1 Index,F,500,0.00015,0
16-12-2015,7758.2,1,NZ1 Index,F,500,0.00015,0
04-01-2016,7809.8,-1,NZ1 Index,F,500,0.00015,0
27-01-2016,7433.4,1,NZ1 Index,F,500,0.00015,0
03-02-2016,7383.5,-1,NZ1 Index,F,500,0.00015,0
05-02-2016,7519.2,1,NZ1 Index,F,500,0.00015,0
08-02-2016,7393.45,-1,NZ1 Index,F,500,0.00015,0
19-02-2016,7212.45,1,NZ1 Index,F,500,0.00015,0
23-02-2016,7113.1,-1,NZ1 Index,F,500,0.00015,0
01-03-2016,7229.05,1,NZ1 Index,F,500,0.00015,0
05-04-2016,7623.5,-1,NZ1 Index,F,500,0.00015,0
11-04-2016,7702.1,1,NZ1 Index,F,500,0.00015,0
28-04-2016,7847.25,-1,NZ1 Index,F,500,0.00015,0
09-05-2016,7904.3,1,NZ1 Index,F,500,0.00015,0
13-05-2016,7830.55,-1,NZ1 Index,F,500,0.00015,0
16-05-2016,7887.2,1,NZ1 Index,F,500,0.00015,0
19-05-2016,7785.1,-1,NZ1 Index,F,500,0.00015,0
25-05-2016,7943,1,NZ1 Index,F,500,0.00015,0
10-06-2016,8190.4,-1,NZ1 Index,F,500,0.00015,0
15-06-2016,8221.35,1,NZ1 Index,F,500,0.00015,0
16-06-2016,8158.75,-1,NZ1 Index,F,500,0.00015,0
20-06-2016,8251.9,1,NZ1 Index,F,500,0.00015,0
24-06-2016,8086.9,-1,NZ1 Index,F,500,0.00015,0
29-06-2016,8204.5,1,NZ1 Index,F,500,0.00015,0
03-08-2016,8582.55,-1,NZ1 Index,F,500,0.00015,0
05-08-2016,8708.2,1,NZ1 Index,F,500,0.00015,0
10-08-2016,8598.05,-1,NZ1 Index,F,500,0.00015,0
12-08-2016,8678.4,1,NZ1 Index,F,500,0.00015,0
17-08-2016,8631.4,-1,NZ1 Index,F,500,0.00015,0
18-08-2016,8685.1,1,NZ1 Index,F,500,0.00015,0
22-08-2016,8633.2,-1,NZ1 Index,F,500,0.00015,0
24-08-2016,8654.65,1,NZ1 Index,F,500,0.00015,0
25-08-2016,8592.2,-1,NZ1 Index,F,500,0.00015,0
29-08-2016,8649.75,1,NZ1 Index,F,500,0.00015,0
12-09-2016,8742.35,-1,NZ1 Index,F,500,0.00015,0
22-09-2016,8884.45,1,NZ1 Index,F,500,0.00015,0
26-09-2016,8735.15,-1,NZ1 Index,F,500,0.00015,0
03-10-2016,8779.1,1,NZ1 Index,F,500,0.00015,0
06-10-2016,8731.35,-1,NZ1 Index,F,500,0.00015,0
10-10-2016,8739.95,1,NZ1 Index,F,500,0.00015,0
13-10-2016,8580.45,-1,NZ1 Index,F,500,0.00015,0
20-10-2016,8705.15,1,NZ1 Index,F,500,0.00015,0
26-10-2016,8616.75,-1,NZ1 Index,F,500,0.00015,0
28-10-2016,8667.4,1,NZ1 Index,F,500,0.00015,0
30-10-2016,8629.2,-1,NZ1 Index,F,500,0.00015,0
25-11-2016,8126.35,1,NZ1 Index,F,500,0.00015,0
07-12-2016,8123.35,-1,NZ1 Index,F,500,0.00015,0
08-12-2016,8255.65,1,NZ1 Index,F,500,0.00015,0
12-12-2016,8183.4,-1,NZ1 Index,F,500,0.00015,0
13-12-2016,8227.45,1,NZ1 Index,F,500,0.00015,0
15-12-2016,8173.05,-1,NZ1 Index,F,500,0.00015,0
29-12-2016,8103.6,1,NZ1 Index,F,500,0.00015,0
20-01-2017,8362.65,-1,NZ1 Index,F,500,0.00015,0
23-01-2017,8402.4,1,NZ1 Index,F,500,0.00015,0
15-02-2017,8743.1,-1,NZ1 Index,F,500,0.00015,0
17-02-2017,8827,1,NZ1 Index,F,500,0.00015,0
22-03-2017,9050.4,-1,NZ1 Index,F,500,0.00015,0
23-03-2017,9107.65,1,NZ1 Index,F,500,0.00015,0
27-03-2017,9067.95,-1,NZ1 Index,F,500,0.00015,0
29-03-2017,9142.85,1,NZ1 Index,F,500,0.00015,0
12-04-2017,9223.2,-1,NZ1 Index,F,500,0.00015,0
24-04-2017,9224.45,1,NZ1 Index,F,500,0.00015,0
22-05-2017,9443.65,-1,NZ1 Index,F,500,0.00015,0
25-05-2017,9509.75,1,NZ1 Index,F,500,0.00015,0
12-06-2017,9620.15,-1,NZ1 Index,F,500,0.00015,0
19-06-2017,9675.25,1,NZ1 Index,F,500,0.00015,0
22-06-2017,9633.1,-1,NZ1 Index,F,500,0.00015,0
03-07-2017,9621.8,1,NZ1 Index,F,500,0.00015,0
08-08-2017,9999.45,-1,NZ1 Index,F,500,0.00015,0
23-08-2017,9862.3,1,NZ1 Index,F,500,0.00015,0
29-08-2017,9799,-1,NZ1 Index,F,500,0.00015,0
30-08-2017,9883.6,1,NZ1 Index,F,500,0.00015,0
22-09-2017,9982.95,-1,NZ1 Index,F,500,0.00015,0
04-10-2017,9930.45,1,NZ1 Index,F,500,0.00015,0
08-11-2017,10354.9,-1,NZ1 Index,F,500,0.00015,0
20-11-2017,10320.05,1,NZ1 Index,F,500,0.00015,0
30-11-2017,10226.55,-1,NZ1 Index,F,500,0.00015,0
08-12-2017,10291.65,1,NZ1 Index,F,500,0.00015,0
02-01-2018,10472.2,-1,NZ1 Index,F,500,0.00015,0
04-01-2018,10526.2,1,NZ1 Index,F,500,0.00015,0
02-02-2018,10755.85,-1,NZ1 Index,F,500,0.00015,0
23-02-2018,10504.55,1,NZ1 Index,F,500,0.00015,0
01-03-2018,10456.55,-1,NZ1 Index,F,500,0.00015,0
12-03-2018,10432.8,1,NZ1 Index,F,500,0.00015,0
16-03-2018,10232.5,-1,NZ1 Index,F,500,0.00015,0
02-04-2018,10264,1,NZ1 Index,F,500,0.00015,0
04-04-2018,10146.6,-1,NZ1 Index,F,500,0.00015,0
05-04-2018,10352.2,1,NZ1 Index,F,500,0.00015,0
17-05-2018,10696.2,-1,NZ1 Index,F,500,0.00015,0
28-05-2018,10678.85,1,NZ1 Index,F,500,0.00015,0
04-06-2018,10598.7,-1,NZ1 Index,F,500,0.00015,0
06-06-2018,10686.25,1,NZ1 Index,F,500,0.00015,0
19-06-2018,10719.85,-1,NZ1 Index,F,500,0.00015,0
22-06-2018,10833.95,1,NZ1 Index,F,500,0.00015,0
25-06-2018,10757.65,-1,NZ1 Index,F,500,0.00015,0
03-07-2018,10723.95,1,NZ1 Index,F,500,0.00015,0
13-08-2018,11381.15,-1,NZ1 Index,F,500,0.00015,0
14-08-2018,11463.45,1,NZ1 Index,F,500,0.00015,0
16-08-2018,11410.9,-1,NZ1 Index,F,500,0.00015,0
17-08-2018,11488.45,1,NZ1 Index,F,500,0.00015,0
03-09-2018,11641.75,-1,NZ1 Index,F,500,0.00015,0
14-09-2018,11547.3,1,NZ1 Index,F,500,0.00015,0
17-09-2018,11407.7,-1,NZ1 Index,F,500,0.00015,0
16-10-2018,10589.85,1,NZ1 Index,F,500,0.00015,0
19-10-2018,10303.2,-1,NZ1 Index,F,500,0.00015,0
31-10-2018,10398.4,1,NZ1 Index,F,500,0.00015,0
21-11-2018,10621.6,-1,NZ1 Index,F,500,0.00015,0
26-11-2018,10639.2,1,NZ1 Index,F,500,0.00015,0
06-12-2018,10626.3,-1,NZ1 Index,F,500,0.00015,0
12-12-2018,10783.65,1,NZ1 Index,F,500,0.00015,0
21-12-2018,10767.5,-1,NZ1 Index,F,500,0.00015,0
28-12-2018,10907.75,1,NZ1 Index,F,500,0.00015,0
02-01-2019,10830.85,-1,NZ1 Index,F,500,0.00015,0
08-01-2019,10844.65,1,NZ1 Index,F,500,0.00015,0
11-01-2019,10827.6,-1,NZ1 Index,F,500,0.00015,0
15-01-2019,10928.4,1,NZ1 Index,F,500,0.00015,0
23-01-2019,10854.9,-1,NZ1 Index,F,500,0.00015,0
31-01-2019,10830.95,1,NZ1 Index,F,500,0.00015,0
12-02-2019,10860.45,-1,NZ1 Index,F,500,0.00015,0
21-02-2019,10804.45,1,NZ1 Index,F,500,0.00015,0
25-03-2019,11370.05,-1,NZ1 Index,F,500,0.00015,0
26-03-2019,11510.7,1,NZ1 Index,F,500,0.00015,0
27-03-2019,11458.1,-1,NZ1 Index,F,500,0.00015,0
28-03-2019,11570,1,NZ1 Index,F,500,0.00015,0
10-04-2019,11652.9,-1,NZ1 Index,F,500,0.00015,0
15-04-2019,11727.75,1,NZ1 Index,F,500,0.00015,0
22-04-2019,11618.9,-1,NZ1 Index,F,500,0.00015,0
24-04-2019,11738.25,1,NZ1 Index,F,500,0.00015,0
25-04-2019,11641.8,-1,NZ1 Index,F,500,0.00015,0
26-04-2019,11813.5,1,NZ1 Index,F,500,0.00015,0
06-05-2019,11656.35,-1,NZ1 Index,F,500,0.00015,0
17-05-2019,11425.8,1,NZ1 Index,F,500,0.00015,0
06-06-2019,11884.05,-1,NZ1 Index,F,500,0.00015,0
11-06-2019,11976.95,1,NZ1 Index,F,500,0.00015,0
12-06-2019,11916.7,-1,NZ1 Index,F,500,0.00015,0
20-06-2019,11849.45,1,NZ1 Index,F,500,0.00015,0
21-06-2019,11753.45,-1,NZ1 Index,F,500,0.00015,0
25-06-2019,11810.3,1,NZ1 Index,F,500,0.00015,0
05-07-2019,11820.95,-1,NZ1 Index,F,500,0.00015,0
17-07-2019,11675.8,1,NZ1 Index,F,500,0.00015,0
18-07-2019,11604.35,-1,NZ1 Index,F,500,0.00015,0
08-08-2019,11063.95,1,NZ1 Index,F,500,0.00015,0
13-08-2019,10925.15,-1,NZ1 Index,F,500,0.00015,0
14-08-2019,11028.15,1,NZ1 Index,F,500,0.00015,0
21-08-2019,10932.65,-1,NZ1 Index,F,500,0.00015,0
26-08-2019,11054.2,1,NZ1 Index,F,500,0.00015,0
29-08-2019,10948.3,-1,NZ1 Index,F,500,0.00015,0
30-08-2019,11058.9,1,NZ1 Index,F,500,0.00015,0
03-09-2019,10836.4,-1,NZ1 Index,F,500,0.00015,0
06-09-2019,10973.65,1,NZ1 Index,F,500,0.00015,0
17-09-2019,10833.5,-1,NZ1 Index,F,500,0.00015,0
20-09-2019,11295.5,1,NZ1 Index,F,500,0.00015,0
03-10-2019,11361.8,-1,NZ1 Index,F,500,0.00015,0
15-10-2019,11439.4,1,NZ1 Index,F,500,0.00015,0
13-11-2019,11863.25,-1,NZ1 Index,F,500,0.00015,0
19-11-2019,11969.15,1,NZ1 Index,F,500,0.00015,0
22-11-2019,11914.5,-1,NZ1 Index,F,500,0.00015,0
25-11-2019,12096.3,1,NZ1 Index,F,500,0.00015,0
03-12-2019,12046.45,-1,NZ1 Index,F,500,0.00015,0
04-12-2019,12089.8,1,NZ1 Index,F,500,0.00015,0
05-12-2019,12047.7,-1,NZ1 Index,F,500,0.00015,0
12-12-2019,12028.65,1,NZ1 Index,F,500,0.00015,0
26-12-2019,12126.55,-1,NZ1 Index,F,500,0.00015,0
27-12-2019,12319.25,1,NZ1 Index,F,500,0.00015,0
31-12-2019,12246.25,-1,NZ1 Index,F,500,0.00015,0
02-01-2020,12339.3,1,NZ1 Index,F,500,0.00015,0
03-01-2020,12256.45,-1,NZ1 Index,F,500,0.00015,0
09-01-2020,12269.75,1,NZ1 Index,F,500,0.00015,0
20-01-2020,12263.15,-1,NZ1 Index,F,500,0.00015,0
05-02-2020,12086.3,1,NZ1 Index,F,500,0.00015,0
17-02-2020,12074.45,-1,NZ1 Index,F,500,0.00015,0
19-02-2020,12142.7,1,NZ1 Index,F,500,0.00015,0
20-02-2020,12079,-1,NZ1 Index,F,500,0.00015,0
26-03-2020,8641.45,1,NZ1 Index,F,500,0.00015,0
30-03-2020,8290.15,-1,NZ1 Index,F,500,0.00015,0
31-03-2020,8620.95,1,NZ1 Index,F,500,0.00015,0
01-04-2020,8257.3,-1,NZ1 Index,F,500,0.00015,0
07-04-2020,8875.85,1,NZ1 Index,F,500,0.00015,0
04-05-2020,9285.9,-1,NZ1 Index,F,500,0.00015,0
13-05-2020,9393.55,1,NZ1 Index,F,500,0.00015,0
14-05-2020,9143.9,-1,NZ1 Index,F,500,0.00015,0
18-05-2020,8825.85,1,NZ1 Index,F,500,0.00015,0
